relative_path,bytes,sha256,source_path,source_sha256
code/part10_robustness_extensions/results/domain_equal_metrics.csv,131312,fe1608b66ca335b40ccb8b198c154b5afb3e518f7b60445ec36b245edd2b0a6f,part10_robustness_extensions/results/domain_equal_metrics.csv,cbe82692a6570e2fb8dc5d91fbed79183acec2586330438a0daa519dd70e4ea0
code/part10_robustness_extensions/results/external_calibration_metrics.csv,57135,981b7b0d733ed761eb8aebce39274d2a8cf0f7755f2eab6ee3ae1f0c49fd2971,part10_robustness_extensions/results/external_calibration_metrics.csv,9fa7cbb5b954086b8109fa3fe412a0bc9a571abbccde78565b9fe5a06099cf4d
code/part10_robustness_extensions/scripts/analyze_robustness.py,22071,c6b05841baffa7a1559f9b1595821ccf23f63289585c1058e270f32b2e0ae6ff,part10_robustness_extensions/scripts/analyze_robustness.py,c6b05841baffa7a1559f9b1595821ccf23f63289585c1058e270f32b2e0ae6ff
code/part10_robustness_extensions/scripts/train_deduplicated_sensitivity.py,7613,e382fdefda462888b38d19e4d4c939a7854b2b6a90c12318d51afed24a2ae0d5,part10_robustness_extensions/scripts/train_deduplicated_sensitivity.py,e382fdefda462888b38d19e4d4c939a7854b2b6a90c12318d51afed24a2ae0d5
code/part10_robustness_extensions/scripts/validate_outputs.py,3351,52198059dca320448fa2176e2f466bc6fc22f97a0e1c52ddff6aa9e28f8d21ed,part10_robustness_extensions/scripts/validate_outputs.py,52198059dca320448fa2176e2f466bc6fc22f97a0e1c52ddff6aa9e28f8d21ed
code/part11_dcss_innovation/results/dcss_determinism_audit.json,1117,bc04289a99f1ab4b3b302d4c0865ec4efcafaf499df176e8da37f88e10e5c8fe,part11_dcss_innovation/results/dcss_determinism_audit.json,d656d57614c1e7c094e20a12a929bf68609b147bf4743516f45327a1a2a46fff
code/part11_dcss_innovation/results/h1_internal_noninferiority_pairs.csv,4922,f4dc847b963c75ca234cbc78efa4d6cc4ee4924cb7dec08df0dfb2086c9c09c6,part11_dcss_innovation/results/h1_internal_noninferiority_pairs.csv,ebee5f7b0e0a862b5b6cfc6801fb0b3af3721c1dfe1e56a6a00f9f296e8509c3
code/part11_dcss_innovation/results/h2_external_auc_pairs.csv,5815,4715529c86774bd3a91a0f0963edf534220edcd26ff9b88892ab0231591266fb,part11_dcss_innovation/results/h2_external_auc_pairs.csv,cf1ed117a5d361f5dfba172bb5d89311be52b99763b430fb77ee043d804553e1
code/part11_dcss_innovation/results/main_external_metrics_all.csv,1032165,8aa350fde1be2aaa957f7a921f8718b6fdecea102319829189d84e3dd566fa9b,part11_dcss_innovation/results/main_external_metrics_all.csv,97e34aefe504aa5bf28e6fa7354c07679819586fe3f17f717fb5030fb950d70b
code/part11_dcss_innovation/results/main_internal_metrics_all.csv,555586,0c9b1263924ec88bfece272b229b12e4e1af794f4320aa2ad183f33c5c7f22c5,part11_dcss_innovation/results/main_internal_metrics_all.csv,5c4533092acb52637e77363f013cb1936889367c25d9b32169f152628f27dff7
code/part11_dcss_innovation/results/stage11a_validation.json,1698,f03baebb7e40ee60da59b105e1b3f47423e3fb7c31e26ee7e0f260c75dcc8ac5,part11_dcss_innovation/results/stage11a_validation.json,3c30f46b124f5e1cb93ac32bbf0657cb8103adee843bdab2ac3fe8813c5cc549
code/part11_dcss_innovation/results/stage11b_validation.json,548,d82844c287f2fac7c6f8064f0177a6c1c9b4bffe430d25982900758d9cde568e,part11_dcss_innovation/results/stage11b_validation.json,c2110e753a7a0c542438236e44d16bb6e6f1ce64fcb9afb57170051adc0f5688
code/part11_dcss_innovation/results/stage11c_validation.json,627,a2203122f675f8ca2ab9435123631afb45cd8a263318d30e9325362e739fef2a,part11_dcss_innovation/results/stage11c_validation.json,7999cb8add2ce7eee881150530f5d25d302d512b40adb60e081cbda8ac9f7a3f
code/part11_dcss_innovation/results/stage11d_validation.json,630,c9eb27a881f59cc7fdb07f0fdb21bcece07e7926455b2436e6fa0f14117ffbaf,part11_dcss_innovation/results/stage11d_validation.json,d2bef754482f26728df18c784ed73bb96e39faab1321574477989f48d02680ac
code/part11_dcss_innovation/results/stage11e_validation.json,862,01269f3e6b1609ba5fac71faea0292aad1ce923678f3fe490f9df490854d6988,part11_dcss_innovation/results/stage11e_validation.json,249908af7333a876ac1cd430e149f357cef380bef7fb0bc70b6258be64960cdb
code/part11_dcss_innovation/results/stage11f_validation.json,460,5e4a0ec901fe79e99466207db181d3465c10da613173e4efb852721d78277eff,part11_dcss_innovation/results/stage11f_validation.json,cdf08a105ba01134e78b6581886c883de9d3a61d70f0d1dcbc53175e9ad088ad
code/part11_dcss_innovation/results/stage11g_conclusion.json,351,6631db2a4f81a3c17c25d0c5906e145e63fef151a85e09209e9f856075a0b9fe,part11_dcss_innovation/results/stage11g_conclusion.json,4b20f7f33390645ec56be62d89dab1b6bce686100dbfca88ca981d5ef8ef7d08
code/part11_dcss_innovation/results/stage11g_h2_cluster_bootstrap_summary.csv,652,70e9ba883cf2aabc7c4e45e3f2ded5e9c5032ac5c55ab66fb24a9302cfefdabb,part11_dcss_innovation/results/stage11g_h2_cluster_bootstrap_summary.csv,ec7f928392bc8f4913755b323843331ecc0f7b180fe8e0eaa2cc130a302babfa
code/part11_dcss_innovation/results/stage11g_validation.json,445,86a6a87c831595768489754d0a7d12518ad1a4c33a6d07c1a16b633b76c1366b,part11_dcss_innovation/results/stage11g_validation.json,19323589b73607493898c4098d96a380f52af5abb042662bad4aaa5be08698ec
code/part11_dcss_innovation/scripts/ablation_utils.py,2744,af33a9e188749e7b1949560b4ed4b060dc9658e23f8cc1ee16767ce2db483982,part11_dcss_innovation/scripts/ablation_utils.py,af33a9e188749e7b1949560b4ed4b060dc9658e23f8cc1ee16767ce2db483982
code/part11_dcss_innovation/scripts/analyze_stage11b.py,4630,6c7f0db7967dfc5f533e08fc8ce38565cb0bcf3ef22472732a7a12b9d6dd282a,part11_dcss_innovation/scripts/analyze_stage11b.py,6c7f0db7967dfc5f533e08fc8ce38565cb0bcf3ef22472732a7a12b9d6dd282a
code/part11_dcss_innovation/scripts/analyze_stage11c.py,6521,252398f9e4d2c14a3cf0e148ca2823e17cff9ae06aa38ca9cd98e2942138bce6,part11_dcss_innovation/scripts/analyze_stage11c.py,252398f9e4d2c14a3cf0e148ca2823e17cff9ae06aa38ca9cd98e2942138bce6
code/part11_dcss_innovation/scripts/analyze_stage11d.py,13792,22c0b8d3da9556d32f7abf6f706aa5bf98ab86c2e67f3306cafb6d70ee67ecd3,part11_dcss_innovation/scripts/analyze_stage11d.py,22c0b8d3da9556d32f7abf6f706aa5bf98ab86c2e67f3306cafb6d70ee67ecd3
code/part11_dcss_innovation/scripts/analyze_stage11e.py,15682,0fc0c9e56756fb67930fa7e637794fb559818aa5a0d2b8d69a7eec9a1e58be14,part11_dcss_innovation/scripts/analyze_stage11e.py,0fc0c9e56756fb67930fa7e637794fb559818aa5a0d2b8d69a7eec9a1e58be14
code/part11_dcss_innovation/scripts/analyze_stage11f.py,3467,3fc7b127304aea72696fb3138a95e8a1bfda1dd24d73545fca3e371ec264d956,part11_dcss_innovation/scripts/analyze_stage11f.py,3fc7b127304aea72696fb3138a95e8a1bfda1dd24d73545fca3e371ec264d956
code/part11_dcss_innovation/scripts/audit_probability_orientation.py,28053,94aafa39cd53350ea59ebe6e4d4f81ee6f57e56267ffd1787387bf6d81a7b265,part11_dcss_innovation/scripts/audit_probability_orientation.py,94aafa39cd53350ea59ebe6e4d4f81ee6f57e56267ffd1787387bf6d81a7b265
code/part11_dcss_innovation/scripts/build_fixed_role_assignments.py,8687,9f01821a1fc61060b5f41b2d4295b38f618a90bfe88975dfff618f7c71ae907d,part11_dcss_innovation/scripts/build_fixed_role_assignments.py,9f01821a1fc61060b5f41b2d4295b38f618a90bfe88975dfff618f7c71ae907d
code/part11_dcss_innovation/scripts/build_input_manifest.py,6187,a2c5d8871e248ed441448ee3a049bba1e4bb597d9356968c76fb23c3b8c16a19,part11_dcss_innovation/scripts/build_input_manifest.py,2bf357ad26a1b299c26579359bfe0d02c8099c54c6e3641b58e734b0f32b14b0
code/part11_dcss_innovation/scripts/build_stage11e_feature_sets.py,4065,276b2e88182440830d6f1e6d147dd6ea17d0c024e316fdb4b155c9e27f584aa1,part11_dcss_innovation/scripts/build_stage11e_feature_sets.py,276b2e88182440830d6f1e6d147dd6ea17d0c024e316fdb4b155c9e27f584aa1
code/part11_dcss_innovation/scripts/dcss_utils.py,7262,f374fcc853d9fe02ce00d1a6db73d51907f442b7dde7e83f94dbd504abb81e4f,part11_dcss_innovation/scripts/dcss_utils.py,f374fcc853d9fe02ce00d1a6db73d51907f442b7dde7e83f94dbd504abb81e4f
code/part11_dcss_innovation/scripts/evaluate_stage11f.py,7264,0e320d444e774702c083b0fc284feacc7bca1fbb87a6642dab5f8a22c45cf816,part11_dcss_innovation/scripts/evaluate_stage11f.py,0e320d444e774702c083b0fc284feacc7bca1fbb87a6642dab5f8a22c45cf816
code/part11_dcss_innovation/scripts/main_comparison_utils.py,2916,0b5d148e32d796ee5397f1a84284c885edf049cc2d45458c22966069e1096a4b,part11_dcss_innovation/scripts/main_comparison_utils.py,0b5d148e32d796ee5397f1a84284c885edf049cc2d45458c22966069e1096a4b
code/part11_dcss_innovation/scripts/prepare_stage11f_url_phish.py,8218,927fe6cc3238890989a140999e455b168def31d169b07973e20c35e51a8fb207,part11_dcss_innovation/scripts/prepare_stage11f_url_phish.py,927fe6cc3238890989a140999e455b168def31d169b07973e20c35e51a8fb207
code/part11_dcss_innovation/scripts/run_dcss_selection.py,16777,0b252f727c574110da0f1713fc8902ff2335fe14afbe193dc0cc10d53ea9843b,part11_dcss_innovation/scripts/run_dcss_selection.py,0b252f727c574110da0f1713fc8902ff2335fe14afbe193dc0cc10d53ea9843b
code/part11_dcss_innovation/scripts/run_held_domain_diagnostics.py,8968,156655d2be9fbcd293f29ee6362e925691ecd8cf22d54e1146f4b3246a49c63b,part11_dcss_innovation/scripts/run_held_domain_diagnostics.py,156655d2be9fbcd293f29ee6362e925691ecd8cf22d54e1146f4b3246a49c63b
code/part11_dcss_innovation/scripts/run_stage11g_statistics.py,10488,487c4e3d17023057862d9e1ea7ba637f7bf3afbfb8201ff712a5eb6b17e37f14,part11_dcss_innovation/scripts/run_stage11g_statistics.py,487c4e3d17023057862d9e1ea7ba637f7bf3afbfb8201ff712a5eb6b17e37f14
code/part11_dcss_innovation/scripts/stage11g_utils.py,1793,9f632cddb11a9a3fc65281ff388eafeb078d4f519906bebf4f15c69293eea9e4,part11_dcss_innovation/scripts/stage11g_utils.py,9f632cddb11a9a3fc65281ff388eafeb078d4f519906bebf4f15c69293eea9e4
code/part11_dcss_innovation/scripts/train_dcss_main_comparison.py,16139,270e758204e8975f4bfea1d1422b39e242255c9f725062607b30b36820b512f3,part11_dcss_innovation/scripts/train_dcss_main_comparison.py,270e758204e8975f4bfea1d1422b39e242255c9f725062607b30b36820b512f3
code/part11_dcss_innovation/scripts/train_fixed_role_deduplicated.py,12177,d8737407d088c31166c8992c6df290737fb3eacc3514842d877e87a66f41582e,part11_dcss_innovation/scripts/train_fixed_role_deduplicated.py,d8737407d088c31166c8992c6df290737fb3eacc3514842d877e87a66f41582e
code/part11_dcss_innovation/scripts/train_stage11e.py,13016,df13c39f2ea12bb6d4a76b87040242e14ecf5d181c3dd0ee060292879e6d6077,part11_dcss_innovation/scripts/train_stage11e.py,df13c39f2ea12bb6d4a76b87040242e14ecf5d181c3dd0ee060292879e6d6077
code/part11_dcss_innovation/scripts/validate_stage11a.py,6097,da3cb43517fc1489c3a4bc0651d61123bb79edc3dcdb34eeff2b7c295ecf8dc5,part11_dcss_innovation/scripts/validate_stage11a.py,7a0ace61610324f51434d5b5ddb88df986e28a2552414c44a9cb8e06ddcd3831
code/part11_dcss_innovation/scripts/validate_stage11b.py,5258,351c98a61bc876b377df89d7384e1fb11a59361f2634c079b953af239b080510,part11_dcss_innovation/scripts/validate_stage11b.py,351c98a61bc876b377df89d7384e1fb11a59361f2634c079b953af239b080510
code/part11_dcss_innovation/scripts/validate_stage11c.py,11108,030ab9828974080394be9fdc8ae053ee10a9817b1eb5f74dc77a1decf4540504,part11_dcss_innovation/scripts/validate_stage11c.py,030ab9828974080394be9fdc8ae053ee10a9817b1eb5f74dc77a1decf4540504
code/part11_dcss_innovation/scripts/validate_stage11d.py,12168,2f46987729d59a78a5f2cbc4159f2a9878940ec21bb93089b42d926bac91230a,part11_dcss_innovation/scripts/validate_stage11d.py,2f46987729d59a78a5f2cbc4159f2a9878940ec21bb93089b42d926bac91230a
code/part11_dcss_innovation/scripts/validate_stage11e.py,14903,bf86ec2d717d503c699d900a2c7f3d91bc546f07d924f26dc966a424f88e3adf,part11_dcss_innovation/scripts/validate_stage11e.py,bf86ec2d717d503c699d900a2c7f3d91bc546f07d924f26dc966a424f88e3adf
code/part11_dcss_innovation/scripts/validate_stage11f.py,4686,102c26bcb61936c3140f2f462c5e712f08fb8e42f850e6826ff099f007891c10,part11_dcss_innovation/scripts/validate_stage11f.py,102c26bcb61936c3140f2f462c5e712f08fb8e42f850e6826ff099f007891c10
code/part11_dcss_innovation/scripts/validate_stage11g.py,3704,a77c7c819c738963737a2380fddd839036ba72ce152e493c30309f3b372ac746,part11_dcss_innovation/scripts/validate_stage11g.py,a77c7c819c738963737a2380fddd839036ba72ce152e493c30309f3b372ac746
code/part11_dcss_innovation/scripts/verify_dcss_determinism.py,1698,ad01856a8fdfc8e3a783180007c2ab9529f7324abc04ebda493f9c9d042f3548,part11_dcss_innovation/scripts/verify_dcss_determinism.py,ad01856a8fdfc8e3a783180007c2ab9529f7324abc04ebda493f9c9d042f3548
code/part12_security_privacy_revision/results/low_fpr_operating_point_runs.csv,106371,b0cc954795d4f5c7de6ed3c48e3adfc47d7cf0d79a54ce6d50abd68244134157,part12_security_privacy_revision/results/low_fpr_operating_point_runs.csv,2761cc0a4cfc6ccc4de61755db819747ccb41c526ff2dd622e22727312709be4
code/part12_security_privacy_revision/results/low_fpr_operating_point_summary.csv,9588,bd3f6a769a9cbf58799c7ed1ea1ddc4f5d961aa66579cdfb1acb13e6b73ab7e3,part12_security_privacy_revision/results/low_fpr_operating_point_summary.csv,08740b253893da3db61f88a2c47eb04c390ed1092a3deec84971d8285ab11f5c
code/part12_security_privacy_revision/scripts/compute_low_fpr_operating_points.py,11565,b9e5c7497681a5ff05ffc4fe489ffa9f55eb25a6f0a42861159f967b2eff00af,part12_security_privacy_revision/scripts/compute_low_fpr_operating_points.py,b9e5c7497681a5ff05ffc4fe489ffa9f55eb25a6f0a42861159f967b2eff00af
code/part12_security_privacy_revision/scripts/plot_low_fpr_operating_points.py,3423,3a521a5b1f4fe6c7d374cecbeb9b0999b0e91c5afec4098111b0c9602a2e4302,part12_security_privacy_revision/scripts/plot_low_fpr_operating_points.py,3a521a5b1f4fe6c7d374cecbeb9b0999b0e91c5afec4098111b0c9602a2e4302
code/part13_reverse_ranking_mechanism/results/feature_label_association_summary.csv,8424,a4e9eca24a1d1e5b1ec4db76267b7eecb8de9f78437739fc058375f26ea11ddc,part13_reverse_ranking_mechanism/results/feature_label_association_summary.csv,ad1778941a13148b872fde7489ef2f2055fe3ca3cb300ec48a0bbdea2205d489
code/part13_reverse_ranking_mechanism/results/grouped_source_discrimination.csv,820,57055dc4f4991c41b06307a1e9b9dba17c2b352cccad48fd0211af944ba4588f,part13_reverse_ranking_mechanism/results/grouped_source_discrimination.csv,82bb280dd727fc2803e11c26c0042edfa14eccf6a3d7c21ee87efbec641d50fd
code/part13_reverse_ranking_mechanism/results/probability_orientation_summary.csv,5209,50fb323b23fa90f23e071fd1f58dfab8e03ab189f76e49ceea4abc311ab3886d,part13_reverse_ranking_mechanism/results/probability_orientation_summary.csv,c17af73701ac7910e985f5aa50f0e64364fb731ac25b28fce258f059629b21eb
code/part13_reverse_ranking_mechanism/scripts/run_part13_mechanism_audit.py,26096,00af07dfa6a881bd90cb9482ee9faf440b0fa81b04add5c8969a54723d07ccd5,part13_reverse_ranking_mechanism/scripts/run_part13_mechanism_audit.py,00af07dfa6a881bd90cb9482ee9faf440b0fa81b04add5c8969a54723d07ccd5
code/part13_reverse_ranking_mechanism/scripts/validate_part13_outputs.py,4428,13c1ec6385d9ef6d5c03951661a2227bfb6fcb0574e627e8309173a0b12cbcc6,part13_reverse_ranking_mechanism/scripts/validate_part13_outputs.py,13c1ec6385d9ef6d5c03951661a2227bfb6fcb0574e627e8309173a0b12cbcc6
code/part14_low_fpr_uncertainty/results/adjacent_threshold_sensitivity.csv,360743,76afd0ac33b9d34938fd6ec95e5b0e75cf04c3e7a077db4b44365b0d29243544,part14_low_fpr_uncertainty/results/adjacent_threshold_sensitivity.csv,4bef9cc58be2673817a2efd7e40718fdc1aa3b99414a18ea5c3c80aabf597b97
code/part14_low_fpr_uncertainty/results/threshold_uncertainty_runs.csv,55281,d6d5a9f25f349de45a687465e2ed3d518473713a35f416ac8d612c508303d5bb,part14_low_fpr_uncertainty/results/threshold_uncertainty_runs.csv,0c1803bbfea9756080b221547f9e4032dd9a163a599998e2e91fff5ab429c360
code/part14_low_fpr_uncertainty/results/validation_reuse_sensitivity.csv,1489036,cbc33452a8a32bef82f08e60f53bc6d7496b9057498e55851e1697b64bc0d0ca,part14_low_fpr_uncertainty/results/validation_reuse_sensitivity.csv,bad070975609fda7b6ac9da8aa81aaabc1581058f75e92b5dd916db4120767f7
code/part14_low_fpr_uncertainty/results/validation_summary.json,257,630463fe41273df987467d4a138a38a4c39148ad0f29592b713486b3757ce975,part14_low_fpr_uncertainty/results/validation_summary.json,98ab17a26c82ed4efd123ac222c18c55aaab441e6e1369d69abfa644c76dbeb1
code/part14_low_fpr_uncertainty/scripts/run_part14_low_fpr_uncertainty.py,34776,fa0bd907989e403c55f06c2d57a341dd00a2366e31d0c1110700eb41383cab66,part14_low_fpr_uncertainty/scripts/run_part14_low_fpr_uncertainty.py,fa0bd907989e403c55f06c2d57a341dd00a2366e31d0c1110700eb41383cab66
code/part14_low_fpr_uncertainty/scripts/validate_part14_outputs.py,4409,b1accca0e984cf9978b0e3f1c76faf404c622eaa8907ad2e544762345dd2462e,part14_low_fpr_uncertainty/scripts/validate_part14_outputs.py,b1accca0e984cf9978b0e3f1c76faf404c622eaa8907ad2e544762345dd2462e
code/part15_statistical_inference_robustness/results/effect_size_and_auxiliary_tests.csv,3714,80923c871d029709ac501fc3bd550ef9c35d447b2675da8e98bd811a0f27aeb7,part15_statistical_inference_robustness/results/effect_size_and_auxiliary_tests.csv,85d755da0458442893a8c3bcd7158b2e9cddd31e15fdcf41dbee674bad354cba
code/part15_statistical_inference_robustness/results/paired_differences_long.csv,9630,a31e36fed4a761eef7095560a201d3cbf0f2204d9984adbbefd5d637f4cdc3c3,part15_statistical_inference_robustness/results/paired_differences_long.csv,760f9c4644fbc3d70e1e94a0310bf68146727163cbbb1e5dfc6ec9aba871b785
code/part15_statistical_inference_robustness/results/repetition_dependence_sensitivity.csv,9025,3ef0fd285258e3f186e2d3b260c345e8a97c952dbfa3f94c81e397a849757803,part15_statistical_inference_robustness/results/repetition_dependence_sensitivity.csv,5e459c82a194751ad076749312c6385061c4ee3c21675dd96ed5b19dc8551db3
code/part15_statistical_inference_robustness/results/robustness_verdicts.csv,1330,9220d0f02133c82cac965175f730baeed31d2ca73571cb38a6a16b8b02ccf67e,part15_statistical_inference_robustness/results/robustness_verdicts.csv,1f7a1d3713fa771774bb5049bf915f3c16ff228f45b3afb10850014a3ab2b15d
code/part15_statistical_inference_robustness/results/validation_summary.json,172,224bd78cc803905453a5562f4e467a57287a5ffb3412129398540c307a912717,part15_statistical_inference_robustness/results/validation_summary.json,5fa7a83b6e73758619c51df022585462840224137711845a0115f2ef63212abf
code/part15_statistical_inference_robustness/scripts/run_part15_robust_inference.py,24886,505f1ffabc3b7419a4caee553ba55079540a3f63d047c224a6218b474f19051d,part15_statistical_inference_robustness/scripts/run_part15_robust_inference.py,505f1ffabc3b7419a4caee553ba55079540a3f63d047c224a6218b474f19051d
code/part15_statistical_inference_robustness/scripts/validate_part15_outputs.py,4261,ac9babb46946d3bfd4f5b9de35d2d749ec84624842ca358849a2efb9a185d267,part15_statistical_inference_robustness/scripts/validate_part15_outputs.py,ac9babb46946d3bfd4f5b9de35d2d749ec84624842ca358849a2efb9a185d267
code/part2_url_normalization_leakage_audit/data/iscx_url2016_binary_master_features.parquet,2792070,8c49f094ffd36e947346f92843f8246d8a4a9a01978fb3ad52231f764c6f15ce,part2_url_normalization_leakage_audit/data/iscx_url2016_binary_master_features.parquet,a4fc1451386cea434a6d73fb9f4dfe2709f84bef15ec8638fb10755dfc685132
code/part2_url_normalization_leakage_audit/data/phiusiil_master_features.parquet,11979869,6da5b75a9898e5bec5f5eac868e728934dec35c92dc4ad1226d2b9616903540e,part2_url_normalization_leakage_audit/data/phiusiil_master_features.parquet,a6a67002666229e980bce07eef317e8dae15b03c5663fc568fd38a625a52e681
code/part2_url_normalization_leakage_audit/resources/public_suffix_list_tldextract_5.1.3.dat,316061,91aeeed5dfc84a53265d95cfbb0e7bb52df8ed75a24a27568817cd69578a2f80,part2_url_normalization_leakage_audit/resources/public_suffix_list_tldextract_5.1.3.dat,91aeeed5dfc84a53265d95cfbb0e7bb52df8ed75a24a27568817cd69578a2f80
code/part2_url_normalization_leakage_audit/results/feature_dictionary.csv,3843,10257d8403c0ce8dece75906f3a7fff7a272dd36831c0bc06d70d5a67120c715,part2_url_normalization_leakage_audit/results/feature_dictionary.csv,b5f16fdf80a4bdcfaa27d77f9b9cb6a1c4ce5db1a1870607088220f5a8ce5115
code/part2_url_normalization_leakage_audit/results/feature_run_metadata.json,1392,4b8f44f126605df53a48ab5749fa885916cb6a0969adbc2ef363651906e2f6ad,part2_url_normalization_leakage_audit/results/feature_run_metadata.json,d6c6f744c534d0348925eb4c570f3fe9ece9a856a7857e7ed58899949623fa0e
code/part2_url_normalization_leakage_audit/scripts/__init__.py,33,f308397c54b090be9b787009114b19160c2bc10d35415019bbabaa6ed8d4b251,part2_url_normalization_leakage_audit/scripts/__init__.py,f308397c54b090be9b787009114b19160c2bc10d35415019bbabaa6ed8d4b251
code/part2_url_normalization_leakage_audit/scripts/extract_and_audit_features.py,22526,4a191a16ef135864f937c9e45899adc06ccc556de24f7f9d758fd6a0289236a7,part2_url_normalization_leakage_audit/scripts/extract_and_audit_features.py,4a191a16ef135864f937c9e45899adc06ccc556de24f7f9d758fd6a0289236a7
code/part2_url_normalization_leakage_audit/scripts/feature_extraction.py,9112,2acfe9fd52663cf60d700c3b7f9ac4f3359d9b500ac283d526bac9e79bde9c0d,part2_url_normalization_leakage_audit/scripts/feature_extraction.py,2acfe9fd52663cf60d700c3b7f9ac4f3359d9b500ac283d526bac9e79bde9c0d
code/part2_url_normalization_leakage_audit/scripts/normalize_and_audit.py,15057,d9a6cda3351a4d2be78b8f43bc9c67e20fb31291f5820b7f67c2835a015a31f9,part2_url_normalization_leakage_audit/scripts/normalize_and_audit.py,d9a6cda3351a4d2be78b8f43bc9c67e20fb31291f5820b7f67c2835a015a31f9
code/part2_url_normalization_leakage_audit/scripts/url_normalization.py,3879,021c97c3486a71c10796e6c5f244b37c390fff29373fe3a9f98b395e4a0fe229,part2_url_normalization_leakage_audit/scripts/url_normalization.py,021c97c3486a71c10796e6c5f244b37c390fff29373fe3a9f98b395e4a0fe229
code/part2_url_normalization_leakage_audit/scripts/validate_feature_outputs.py,4026,a59ac1dfb31730a781958df05cad258c581787e30d911875046830613ea1934b,part2_url_normalization_leakage_audit/scripts/validate_feature_outputs.py,a59ac1dfb31730a781958df05cad258c581787e30d911875046830613ea1934b
code/part2_url_normalization_leakage_audit/scripts/validate_outputs.py,2376,aacd129eeb36d544dc96922f39f1f5e71b6ab1d6096769368e87b8a9e05bb052,part2_url_normalization_leakage_audit/scripts/validate_outputs.py,aacd129eeb36d544dc96922f39f1f5e71b6ab1d6096769368e87b8a9e05bb052
code/part3_s0_s4_data_splits/data/assignments/iscx_url2016_binary_master_s0_row_assignments.parquet,3331317,17a8317f57b8537fbaed44204c46a6b2365a6b0f411ee43021b0b8adb128cf53,part3_s0_s4_data_splits/data/assignments/iscx_url2016_binary_master_s0_row_assignments.parquet,7bf39c93514c55147c42a6047be01846ac03b82ebfcd3c005aabee12173b8a22
code/part3_s0_s4_data_splits/data/assignments/iscx_url2016_binary_master_s1_url_assignments.parquet,3331456,66e8adffa411662710ad86ed4c11b20d5d8124d6b2f1af0b80d2569f76bd6319,part3_s0_s4_data_splits/data/assignments/iscx_url2016_binary_master_s1_url_assignments.parquet,7eb5777d7cd50f2b7fc429bb4446414399f661308ab22a3d2bdf4373a15d32e4
code/part3_s0_s4_data_splits/data/assignments/iscx_url2016_binary_master_s2_host_assignments.parquet,3295579,01aba6c00b0f37960fe450f3215fad354eefad03ecedf534b56673c884866a36,part3_s0_s4_data_splits/data/assignments/iscx_url2016_binary_master_s2_host_assignments.parquet,40d3f2c7b350d5645060d6667bee8c9a88a4d2d77f24cb03831bbe880cc8c2c9
code/part3_s0_s4_data_splits/data/assignments/iscx_url2016_binary_master_s3_domain_assignments.parquet,3293356,349b2d7d450a816aea108c969e0f449083f1125f7d3687a8acd1b66e8fc2e09e,part3_s0_s4_data_splits/data/assignments/iscx_url2016_binary_master_s3_domain_assignments.parquet,00cd8e5b030d88f0ed1506ad26b300e6030170ad2640c71917fbab459a7fd7c4
code/part3_s0_s4_data_splits/data/assignments/phiusiil_master_s0_row_assignments.parquet,17030734,dbd57bfed3ce8d6ca4ca8068e62d199bf9496556c32f33f0ebe55713073ea569,part3_s0_s4_data_splits/data/assignments/phiusiil_master_s0_row_assignments.parquet,941e8f9b966a412cccd23275b8a2e6ad79ea99efacf47ab7417bd0777d7e2b36
code/part3_s0_s4_data_splits/data/assignments/phiusiil_master_s1_url_assignments.parquet,17030725,3dfe2825104cceefdb9777480ac649d23d571601e872a2a004248d8c772c7cbe,part3_s0_s4_data_splits/data/assignments/phiusiil_master_s1_url_assignments.parquet,297244754b99a2ed35d98aaac517615223a10cc79db9bba9d22ebea59df2bdac
code/part3_s0_s4_data_splits/data/assignments/phiusiil_master_s2_host_assignments.parquet,17031020,6173bc970ec3de1829bf9a1af5c1d2ca01b6aab3cae04250dd7db203064ccef1,part3_s0_s4_data_splits/data/assignments/phiusiil_master_s2_host_assignments.parquet,6d43cc12063cd7ec3bc6b321443da242fbc4ff89e00f129e0129ae590521eff9
code/part3_s0_s4_data_splits/data/assignments/phiusiil_master_s3_domain_assignments.parquet,17032512,8f57b1240fe11fcf76c7c40a5735061b1a499303ed7b2109b3475032c2e83016,part3_s0_s4_data_splits/data/assignments/phiusiil_master_s3_domain_assignments.parquet,aae95bb08ed6986c92767e6609fab6e9e4d3c1fa4e64a4b3ce173cc2e5dba69c
code/part3_s0_s4_data_splits/data/assignments/s4_iscx_url2016_binary_to_phiusiil_master_assignments.parquet,19922007,7615161b486625f90f841d5dcbc08c1e123461a993bba8d43fbb52aaa1890ef9,part3_s0_s4_data_splits/data/assignments/s4_iscx_url2016_binary_to_phiusiil_master_assignments.parquet,b380369ccccfb5fd98bfb4b41344459a94502d5c3126d14cd10ae1d3395cd324
code/part3_s0_s4_data_splits/data/assignments/s4_phiusiil_to_iscx_url2016_binary_master_assignments.parquet,20295252,be403acf671fa92594f140802c0be9e584cb915305f2c1713d1e6616d80a69e0,part3_s0_s4_data_splits/data/assignments/s4_phiusiil_to_iscx_url2016_binary_master_assignments.parquet,8111ccd2b957a739c33650425c4efa144bfaa759d5da5849d05cc8428041ffa4
code/part3_s0_s4_data_splits/results/seed_registry.csv,193,b23002c51fb316cc4b13be383d270ae1fca983d5dbcc6afc5d1710b2d73f9507,part3_s0_s4_data_splits/results/seed_registry.csv,04b76463400810adb45e2a8dd8de2755114d20ebaa6fbf184ab55efbae608926
code/part3_s0_s4_data_splits/scripts/__init__.py,39,619458414d2eafbdbf4cc5b5066b34923758e3a7d8b757e5744d59c8b8ac68ae,part3_s0_s4_data_splits/scripts/__init__.py,619458414d2eafbdbf4cc5b5066b34923758e3a7d8b757e5744d59c8b8ac68ae
code/part3_s0_s4_data_splits/scripts/generate_splits.py,25443,71e76149f53cf303ad1fc4d6a4a5191a8cb124ec7a22ff2ccf57b6516302b8b9,part3_s0_s4_data_splits/scripts/generate_splits.py,71e76149f53cf303ad1fc4d6a4a5191a8cb124ec7a22ff2ccf57b6516302b8b9
code/part3_s0_s4_data_splits/scripts/split_utils.py,4311,e3f0dde1698d4131c09d6cf4c021000ba3fdf8712911df39b2588f5fb871c2c3,part3_s0_s4_data_splits/scripts/split_utils.py,e3f0dde1698d4131c09d6cf4c021000ba3fdf8712911df39b2588f5fb871c2c3
code/part3_s0_s4_data_splits/scripts/validate_splits.py,5657,35e7562e014fd2c81988cb9d8789b2dad7fc23a28c97537c952450e7adf0fe93,part3_s0_s4_data_splits/scripts/validate_splits.py,35e7562e014fd2c81988cb9d8789b2dad7fc23a28c97537c952450e7adf0fe93
code/part4_baseline_models/results/internal_metrics.csv,122217,f49aba880012bd19d4c1cdc677e0d1c66eaa963e345d5d4470a3ecf8bf4d4328,part4_baseline_models/results/internal_metrics.csv,a58316de96f3466bef95345a20934b8766cf616bf37b25c1e052624129ccf02d
code/part4_baseline_models/results/s4_metrics.csv,52864,317aff4f2a32c2df361493b3e882d2adf8fec82911e846fe760cce53ef72fd40,part4_baseline_models/results/s4_metrics.csv,c793ff8fbc8659cf6f6a6b50158741cdcc60ed56f7e07fb5965dd82c5cbd105d
code/part4_baseline_models/results/threshold_instability_audit.csv,21863,075be439c11d7340796a119c207720c2aedfb9990147d49cc04cc00db3fa24f3,part4_baseline_models/results/threshold_instability_audit.csv,0ade2ccef037ca57fe09d047a960e09817654811a7068823c20ef0f74c6de328
code/part4_baseline_models/results/tuning_results.csv,265085,88c7264d2fe6ed652cf7d08bc4b01423fe8f809496f4845113e3ce0943b7e232,part4_baseline_models/results/tuning_results.csv,413e62507611b79f808f1446d25265cfa8f9d424c01cc5732f7892d8441e9253
code/part4_baseline_models/scripts/__init__.py,42,b1f6951fc2e9586cdd1ee7c39c4a41330f707c30fee02382005b33a3b88f69de,part4_baseline_models/scripts/__init__.py,b1f6951fc2e9586cdd1ee7c39c4a41330f707c30fee02382005b33a3b88f69de
code/part4_baseline_models/scripts/analyze_results.py,16232,c19666f285ab4aafe45b679764df3dfd0667a52c547dd4962791a026834ec577,part4_baseline_models/scripts/analyze_results.py,c19666f285ab4aafe45b679764df3dfd0667a52c547dd4962791a026834ec577
code/part4_baseline_models/scripts/model_utils.py,8404,5ccf2d6e57369ed433b10677b76330c03b632b15a1e1283854b84b5890c8d774,part4_baseline_models/scripts/model_utils.py,5ccf2d6e57369ed433b10677b76330c03b632b15a1e1283854b84b5890c8d774
code/part4_baseline_models/scripts/train_baselines.py,19876,c660463524f0c87894aaa8edf0470a908dbfbda075201ea0e1ce76653f4c8688,part4_baseline_models/scripts/train_baselines.py,c660463524f0c87894aaa8edf0470a908dbfbda075201ea0e1ce76653f4c8688
code/part4_baseline_models/scripts/validate_outputs.py,5308,2b4cbc6fcfaea9c48005f2f12be2bfa6eb09a4031802c2d126a51c59b7aa219c,part4_baseline_models/scripts/validate_outputs.py,2b4cbc6fcfaea9c48005f2f12be2bfa6eb09a4031802c2d126a51c59b7aa219c
code/part5_shap_stability/results/pairwise_stability.csv,267010,b035b7ce8f35bd3acf4d41d40eda51f3f62690ba681db1b24793fdbaf097a42e,part5_shap_stability/results/pairwise_stability.csv,e05ff2f7c0d7d467fae2b393fe4ea4207cf8976c36cb09a041ab3ff4318a06cb
code/part5_shap_stability/results/shap_run_timing.csv,54057,357401993622120600c8e1d85a8ee82f3fa8c640d38ab0ed3c41e0b37ec7c0ae,part5_shap_stability/results/shap_run_timing.csv,4e4a690eab65533f0e7be69b4aed69044661a2f681ef2c96714faf63cd715c62
code/part5_shap_stability/results/stability_summary.csv,55488,3522840eb7e0b32dc630567dfe53eff3f7663109387be2f57fcf7df2934505ba,part5_shap_stability/results/stability_summary.csv,8d843bfb02b2ebd2eda58457705df60dc85bff693f663a296ac11cd85c907a7d
code/part5_shap_stability/scripts/__init__.py,37,c3a7772948520d92887f9c494b90a3f3be122f4f78761b4596033b6da2a819f1,part5_shap_stability/scripts/__init__.py,c3a7772948520d92887f9c494b90a3f3be122f4f78761b4596033b6da2a819f1
code/part5_shap_stability/scripts/aggregate_results.py,9100,230b0f11f3a41a1494a2e0177ab9dfbbfbe8c8aded8671e221832fc05b98a560,part5_shap_stability/scripts/aggregate_results.py,230b0f11f3a41a1494a2e0177ab9dfbbfbe8c8aded8671e221832fc05b98a560
code/part5_shap_stability/scripts/benchmark_shap_scaling.py,4574,7755d23a1ccbc48037d466ca3c90e2eaaca3a79e7a8e90e59599165c9d59dd79,part5_shap_stability/scripts/benchmark_shap_scaling.py,7755d23a1ccbc48037d466ca3c90e2eaaca3a79e7a8e90e59599165c9d59dd79
code/part5_shap_stability/scripts/run_shap_stability.py,14842,527bc7c744fc707b524a7fe084b433e5ed567056214a047dc41d8fd5b511694f,part5_shap_stability/scripts/run_shap_stability.py,527bc7c744fc707b524a7fe084b433e5ed567056214a047dc41d8fd5b511694f
code/part5_shap_stability/scripts/shap_utils.py,6878,0e975a5573162556ea9353c52e34252161793883a21cce20cec930043cd57a4d,part5_shap_stability/scripts/shap_utils.py,0e975a5573162556ea9353c52e34252161793883a21cce20cec930043cd57a4d
code/part5_shap_stability/scripts/validate_outputs.py,4329,6e360171ecf755d89cfff2f6716ec713b677f3be1b3a2cdacc48736cbc220d34,part5_shap_stability/scripts/validate_outputs.py,6e360171ecf755d89cfff2f6716ec713b677f3be1b3a2cdacc48736cbc220d34
code/part6_stable_feature_selection/results/internal_metrics.csv,187467,f30d7590a2086c27052261668ac726f56161d6db46767770479503b80bb976d1,part6_stable_feature_selection/results/internal_metrics.csv,fed44b8b1ebc7d4c0708e745de9c0e26e658fcc87d870878dd394aec014a9634
code/part6_stable_feature_selection/results/paired_metric_deltas.csv,79872,1d7049ff4002927875178ab89a06f528a82772df9952af1c0e0c2173a17c5c54,part6_stable_feature_selection/results/paired_metric_deltas.csv,9eb9a5b00ea576031c316244bd482ca6565b11f752d3e11e6419d61b65ad16b9
code/part6_stable_feature_selection/scripts/__init__.py,48,64b141d0d163650adcf43a9c04692dbcddc408f1734992a7ba3318153de22c9a,part6_stable_feature_selection/scripts/__init__.py,64b141d0d163650adcf43a9c04692dbcddc408f1734992a7ba3318153de22c9a
code/part6_stable_feature_selection/scripts/aggregate_results.py,7248,4f9d5c0f24d39b26ca98151626c72ad0ac9c6149ad9ef95e63a2a4cf4e5394c8,part6_stable_feature_selection/scripts/aggregate_results.py,4f9d5c0f24d39b26ca98151626c72ad0ac9c6149ad9ef95e63a2a4cf4e5394c8
code/part6_stable_feature_selection/scripts/run_training_side_selection.py,15526,0e72d5f4f6586471b2553c5ec5ce1330fbbd7a91f90d26410d53abd3f2f2fb1e,part6_stable_feature_selection/scripts/run_training_side_selection.py,0e72d5f4f6586471b2553c5ec5ce1330fbbd7a91f90d26410d53abd3f2f2fb1e
code/part6_stable_feature_selection/scripts/selection_utils.py,3880,975ea7e03341511907cc5606df6969353d591f40855fcda42469f2a57e8f5fdd,part6_stable_feature_selection/scripts/selection_utils.py,975ea7e03341511907cc5606df6969353d591f40855fcda42469f2a57e8f5fdd
code/part6_stable_feature_selection/scripts/train_selected_feature_sets.py,10666,d905d3c4f7bf38534d6185a734fc09f861b0501a0f92e3deacff72edd0d01737,part6_stable_feature_selection/scripts/train_selected_feature_sets.py,d905d3c4f7bf38534d6185a734fc09f861b0501a0f92e3deacff72edd0d01737
code/part6_stable_feature_selection/scripts/validate_outputs.py,4719,ec93f556ebf75124fc59682c26ead31956e02ef67a79328920f53820f15f6faf,part6_stable_feature_selection/scripts/validate_outputs.py,ec93f556ebf75124fc59682c26ead31956e02ef67a79328920f53820f15f6faf
code/part7_external_transfer/results/external_metrics.csv,325428,d3dfcc91644069d7debb3d8d902e6969089c64f466e7b5338a93c72f39b270e9,part7_external_transfer/results/external_metrics.csv,0aa0aa925433db4df5575bb3f2b405ad97a9e4642cae12c5122aa2fca1aa4cfc
code/part7_external_transfer/results/paired_external_deltas.csv,224893,62f2a018f196cb5f066cde503d17f225edc622d438707b3a7a986b005a2c923a,part7_external_transfer/results/paired_external_deltas.csv,6f17a48cab59064797a59768a10d46f651afc98d9b93c971e130b2d17bfa2b8a
code/part7_external_transfer/scripts/__init__.py,44,0d4c7d03fb6fd38481aad91034fd8b2063e6a63ab3eb04c2fc2ff986d8508515,part7_external_transfer/scripts/__init__.py,0d4c7d03fb6fd38481aad91034fd8b2063e6a63ab3eb04c2fc2ff986d8508515
code/part7_external_transfer/scripts/aggregate_results.py,13181,4ebc566684c086e9cc9aeedb4c212c1af79edb2afc45aeac533bab2a9f72e7b9,part7_external_transfer/scripts/aggregate_results.py,4ebc566684c086e9cc9aeedb4c212c1af79edb2afc45aeac533bab2a9f72e7b9
code/part7_external_transfer/scripts/run_reduced_external_transfer.py,9486,99fe61cbf749ef40e95e79e5e4df7421b9a7023756956166df9ac5647b5f4c76,part7_external_transfer/scripts/run_reduced_external_transfer.py,99fe61cbf749ef40e95e79e5e4df7421b9a7023756956166df9ac5647b5f4c76
code/part7_external_transfer/scripts/transfer_utils.py,964,e77a5f4f75500c013de2e527d6cb3d408d23e5414a670481430266462bf21243,part7_external_transfer/scripts/transfer_utils.py,e77a5f4f75500c013de2e527d6cb3d408d23e5414a670481430266462bf21243
code/part7_external_transfer/scripts/validate_outputs.py,5907,b9e43249e058c736614e2c948c36de853caf2c8190aecf6d65b30324ea23b284,part7_external_transfer/scripts/validate_outputs.py,b9e43249e058c736614e2c948c36de853caf2c8190aecf6d65b30324ea23b284
code/part8_traditional_baselines_and_error_analysis/results/external_metrics_all_five.csv,508002,2a37c37ccc88d5e9c1da00e28309f8f7c344dc9f301be938fe9f06677d24815e,part8_traditional_baselines_and_error_analysis/results/external_metrics_all_five.csv,40933f5c8007aa20d838c847afcc17419bd021e7fce1335499122a8d63f17838
code/part8_traditional_baselines_and_error_analysis/results/internal_metrics_all_five.csv,282862,976c57c8e11c34de393625ce47d2f5ab31cfac4bc1ceb194d945df5633265c05,part8_traditional_baselines_and_error_analysis/results/internal_metrics_all_five.csv,1cc00753fce5bb6c75a5f58000ff4eedd39a703150e84a77aceff6eef5db8ef5
code/part8_traditional_baselines_and_error_analysis/scripts/__init__.py,54,a2c4f67fb0b41bedd828c3be3e18715c908e54789a1438efc4d956cfd5828e1e,part8_traditional_baselines_and_error_analysis/scripts/__init__.py,a2c4f67fb0b41bedd828c3be3e18715c908e54789a1438efc4d956cfd5828e1e
code/part8_traditional_baselines_and_error_analysis/scripts/aggregate_results.py,17537,4da63afbacebd1c23e244ec0c651a2f57c74b423d18491efa18387e380e88a27,part8_traditional_baselines_and_error_analysis/scripts/aggregate_results.py,4da63afbacebd1c23e244ec0c651a2f57c74b423d18491efa18387e380e88a27
code/part8_traditional_baselines_and_error_analysis/scripts/select_traditional_features.py,12115,e6866451d6c11b2f463bdc061949728f80eac67e9d3fb34a0049e612ecc9bd3f,part8_traditional_baselines_and_error_analysis/scripts/select_traditional_features.py,e6866451d6c11b2f463bdc061949728f80eac67e9d3fb34a0049e612ecc9bd3f
code/part8_traditional_baselines_and_error_analysis/scripts/selection_utils.py,795,cbbad65957d6628055f0778f392ecec8d24e4888304ee07a853982263b47a37f,part8_traditional_baselines_and_error_analysis/scripts/selection_utils.py,cbbad65957d6628055f0778f392ecec8d24e4888304ee07a853982263b47a37f
code/part8_traditional_baselines_and_error_analysis/scripts/train_and_evaluate_baselines.py,13394,08a3323fdf471585fce8c24ebde3a5dc03596fece7fea7ae4ed94dfd5a84e05c,part8_traditional_baselines_and_error_analysis/scripts/train_and_evaluate_baselines.py,08a3323fdf471585fce8c24ebde3a5dc03596fece7fea7ae4ed94dfd5a84e05c
code/part8_traditional_baselines_and_error_analysis/scripts/validate_outputs.py,9820,55c3cd331b28fa5b5c2028e1230630032161e2b063abaec5b3edba8ef2354564,part8_traditional_baselines_and_error_analysis/scripts/validate_outputs.py,55c3cd331b28fa5b5c2028e1230630032161e2b063abaec5b3edba8ef2354564
configs/model_candidates.json,1629,054846168ef4303d48504cbbd111b471130f1de8288c7742641630f3f1faba55,generated_in_part16,
configs/outer_seed_registry.csv,193,b23002c51fb316cc4b13be383d270ae1fca983d5dbcc6afc5d1710b2d73f9507,part3_s0_s4_data_splits/results/seed_registry.csv,04b76463400810adb45e2a8dd8de2755114d20ebaa6fbf184ab55efbae608926
configs/shap_config.json,734,433b30bc1198e82bfea358b68174631ebc16ad3184c373a1900a161e61deb033,generated_in_part16,
DATA_AVAILABILITY.md,724,2673afdd564ef6a34a62cd0fc73ecea36784b6e9f297454aacbb045efa2782d9,generated_in_part16,
data_metadata/original_input_manifest.csv,3997,f960869ddc1acb3ba13a8059455f2139386abaa3ab397cee8f72582403c95d0f,data/metadata/data_manifest.csv,f960869ddc1acb3ba13a8059455f2139386abaa3ab397cee8f72582403c95d0f
data_metadata/source_notes.md,3267,405863d8fdfeaad35a55a30a1257ca9522f74e480da41ed19bc53296462608a6,data/metadata/source_notes.md,405863d8fdfeaad35a55a30a1257ca9522f74e480da41ed19bc53296462608a6
environment/environment_notes.md,852,4f3f206ec172d55b491a3e2068efe293bcbd14ca38af665337425234831d7e76,env/environment_notes.md,9ba76680ceb558056768e5522228d4024cb01868043b8d1e3fbc9a37c68c6f22
environment/requirements.lock.txt,749,4e7e096c7163ee301a38d3ebc939fa35d84cef8760155e97f659d11269f82cd1,env/requirements.lock.txt,81cb461042176aacfd672aa3d1e8ed02acd278409576ad023a9db0cccaad7bfd
environment/requirements.txt,187,7f4c63e795677e2e8fee68c69a370648fcb2724eb660a37466f0a2636459b11f,env/requirements.txt,7f4c63e795677e2e8fee68c69a370648fcb2724eb660a37466f0a2636459b11f
features/FEATURE_DEFINITIONS.md,5164,028e8302bb0befaa3df1e3f1980feb7ed4ee1a314e842bcee7a82675b28a6346,generated_in_part16,
features/feature_dictionary.csv,3843,10257d8403c0ce8dece75906f3a7fff7a272dd36831c0bc06d70d5a67120c715,part2_url_normalization_leakage_audit/results/feature_dictionary.csv,b5f16fdf80a4bdcfaa27d77f9b9cb6a1c4ce5db1a1870607088220f5a8ce5115
features/feature_run_metadata.json,1392,4b8f44f126605df53a48ab5749fa885916cb6a0969adbc2ef363651906e2f6ad,part2_url_normalization_leakage_audit/results/feature_run_metadata.json,d6c6f744c534d0348925eb4c570f3fe9ece9a856a7857e7ed58899949623fa0e
issues/EXPERIMENT_ISSUES_PART1_TO_PART3.md,18518,0ee0519f60e3bee4f587507b8b7be4bea230c3db8bb21352a6a4c9f4a1ea7365,EXPERIMENT_ISSUES_PART1_TO_PART3.md,0ee0519f60e3bee4f587507b8b7be4bea230c3db8bb21352a6a4c9f4a1ea7365
issues/part10_robustness_extensions__PART10_ISSUES.md,2686,019b11d545529a7bca56fb902a52c557f74ba96a50ff40fd3d638308d8fccb0a,part10_robustness_extensions/PART10_ISSUES.md,019b11d545529a7bca56fb902a52c557f74ba96a50ff40fd3d638308d8fccb0a
issues/part11_dcss_innovation__issues__ISSUE_LOG.md,40911,dbfef83083b0cf7a1d613384d359d6a34940d23e2aa1badecbd18012178e9597,part11_dcss_innovation/issues/ISSUE_LOG.md,38aa6447d705fa055c34641dc914128352e941cca4e467ce496ccde35f1e300c
issues/part13_reverse_ranking_mechanism__logs__issues_and_resolutions.md,2152,5b57fe8865955fb1056deaf1747c6eb89f9df844eedaccfeeb3a2d4aea9de9b9,part13_reverse_ranking_mechanism/logs/issues_and_resolutions.md,b93862a28184d741779d5d0a85dea4d0e05101d1ade0668c512d93bb9cf63056
issues/part14_low_fpr_uncertainty__logs__issues_and_resolutions.md,1856,e52916bc93830dcabb781dc0c647e1dcd4c323bd1f31d30cf251955459a7f77c,part14_low_fpr_uncertainty/logs/issues_and_resolutions.md,7dcf127f270a78cfc7c92db316c692069e865f6156beedeae4a8cdc5a9ac2edf
issues/part15_statistical_inference_robustness__logs__issues_and_resolutions.md,1557,b63553473eeb892ade506f163920aa24d7f1ed06e81b7ce9163551e61f0328fb,part15_statistical_inference_robustness/logs/issues_and_resolutions.md,c337b5f74f906f3eb0ea4c95c490b6d7426b8020560567f2186602717d9a8d64
issues/part4_baseline_models__PART4_ISSUES.md,7545,51e7325ea7265f5cca59d035d93a20427a84e3e9406b77bf2d6ea67fe9c5650a,part4_baseline_models/PART4_ISSUES.md,51e7325ea7265f5cca59d035d93a20427a84e3e9406b77bf2d6ea67fe9c5650a
issues/part5_shap_stability__PART5_ISSUES.md,5285,959c9ca84fe8759cb69611f276534b85a0c991b96296d82dba99749987f6b78b,part5_shap_stability/PART5_ISSUES.md,959c9ca84fe8759cb69611f276534b85a0c991b96296d82dba99749987f6b78b
issues/part6_stable_feature_selection__PART6_ISSUES.md,4769,92f343544c7f641aec1f4909b551aa0a21840b35c0f9b3037c49b2edb1e5722a,part6_stable_feature_selection/PART6_ISSUES.md,92f343544c7f641aec1f4909b551aa0a21840b35c0f9b3037c49b2edb1e5722a
issues/part7_external_transfer__PART7_ISSUES.md,4024,2dfbe69676690d5593df2efeb9e13364abad883593c98383329dafa9efef1006,part7_external_transfer/PART7_ISSUES.md,2dfbe69676690d5593df2efeb9e13364abad883593c98383329dafa9efef1006
issues/part8_traditional_baselines_and_error_analysis__PART8_ISSUES.md,4146,4fd779af4a0a0fb542a0cd06a32056ec7fe38a86c7f6bc345abf3ac662170f3b,part8_traditional_baselines_and_error_analysis/PART8_ISSUES.md,4fd779af4a0a0fb542a0cd06a32056ec7fe38a86c7f6bc345abf3ac662170f3b
issues/part9_publication_artifacts__PART9_ISSUES.md,2765,34a950934cf35a6a156abb4c7e0365d89dd3410d201d17009c697618d52803fd,part9_publication_artifacts/PART9_ISSUES.md,34a950934cf35a6a156abb4c7e0365d89dd3410d201d17009c697618d52803fd
LICENSE_NOT_INCLUDED.md,169,e1de4ada4092048909b57822ebdcbdcd20f74e0fa07d23cdd6c2e378948f0d7d,generated_in_part16,
protocols/dcss_ablation_lock.md,4725,ea5e6d8e6e5c2263e7dcbc2ea8b6ffcbf59ecc8fa108250319d5c7403d46651c,part11_dcss_innovation/STAGE11E_ANALYSIS_LOCK.md,ea5e6d8e6e5c2263e7dcbc2ea8b6ffcbf59ecc8fa108250319d5c7403d46651c
protocols/dcss_analysis_lock.md,2969,9a22fcb77da7959b5c1160ccd24b38c9df318d260482a551776ba07255fbfd42,part11_dcss_innovation/STAGE11D_ANALYSIS_LOCK.md,9a22fcb77da7959b5c1160ccd24b38c9df318d260482a551776ba07255fbfd42
protocols/dcss_protocol_lock.md,10576,dc019976c5c19ed399c5a8666754bbe929aae5b84b2698177d12c3e0f7a218ba,part11_dcss_innovation/PROTOCOL_LOCK.md,dc019976c5c19ed399c5a8666754bbe929aae5b84b2698177d12c3e0f7a218ba
protocols/shap_protocol.md,2746,76e92b86a7fc7794c1d8e5d419cbfb74b5a82cf570412a853135bf8860bed1f7,part5_shap_stability/shap_protocol.md,76e92b86a7fc7794c1d8e5d419cbfb74b5a82cf570412a853135bf8860bed1f7
protocols/split_protocol.md,995,4ed9bbbacdd223a164137d1c9179b0f7cae7d81cd58257e9e08b605cac20b8d6,part3_s0_s4_data_splits/split_protocol.md,4ed9bbbacdd223a164137d1c9179b0f7cae7d81cd58257e9e08b605cac20b8d6
README.md,5463,aa6767bba64edd9b58d66d9eabbe24806b907c1f263e423d1428316f5a7bda33,generated_in_part16,
REPRODUCIBILITY_CHECKLIST.md,758,feaa23b50e5bc99d8547cfaaa4b3a65072e806707d788b597db5369f69f282cc,generated_in_part16,
resources/public_suffix_list_tldextract_5.1.3.dat,316061,91aeeed5dfc84a53265d95cfbb0e7bb52df8ed75a24a27568817cd69578a2f80,part2_url_normalization_leakage_audit/resources/public_suffix_list_tldextract_5.1.3.dat,91aeeed5dfc84a53265d95cfbb0e7bb52df8ed75a24a27568817cd69578a2f80
splits/iscx_url2016_binary_s3_hashed_assignments.parquet,5266410,efff62bcc88d9dcd2fb2e0d777537eaf7d8074eb31b661e587f4983da6b7952d,part3_s0_s4_data_splits/data/assignments/iscx_url2016_binary_master_s3_domain_assignments.parquet,00cd8e5b030d88f0ed1506ad26b300e6030170ad2640c71917fbab459a7fd7c4
splits/phiusiil_s3_hashed_assignments.parquet,39867801,097ea8b98597485c6c357c0666378377c95f8f42ae47ccf55adeb723776f8cae,part3_s0_s4_data_splits/data/assignments/phiusiil_master_s3_domain_assignments.parquet,aae95bb08ed6986c92767e6609fab6e9e4d3c1fa4e64a4b3ce173cc2e5dba69c
splits/s4_iscx_url2016_binary_to_phiusiil_roles.parquet,19923488,1eda61faee53fa8b2a39b877db3a7454478276930c0db3d2b3ec11855d16440b,part3_s0_s4_data_splits/data/assignments/s4_iscx_url2016_binary_to_phiusiil_master_assignments.parquet,b380369ccccfb5fd98bfb4b41344459a94502d5c3126d14cd10ae1d3395cd324
splits/s4_phiusiil_to_iscx_url2016_binary_roles.parquet,20296733,de16ee932c4b3a2d322bce2b576cc40640419a7effd4f0b3bdf1248b8c10f7e4,part3_s0_s4_data_splits/data/assignments/s4_phiusiil_to_iscx_url2016_binary_master_assignments.parquet,8111ccd2b957a739c33650425c4efa144bfaa759d5da5849d05cc8428041ffa4
