accuracy,balanced_accuracy,cohort,corpus_version,fn,fp,fpr,inference_seconds_all_target,inference_seconds_per_sample,macro_f1,model,model_seed,n_benign,n_phishing,n_samples,pr_auc,precision,recall,repetition,roc_auc,scenario,selected_candidate,selected_params_json,source_dataset,target_dataset,threshold,tn,tp
0.4012210835303052,0.4718691539213654,primary_domain_filtered,master,5612,134731,0.9999406259509125,0.15190579999989495,6.442337134685718e-07,0.2863833315622346,lr,20261001,134739,99643,234382,0.45585896343103943,0.41104291796714487,0.9436789337936433,r00,0.3610150673800047,S4-external,lr_c1,"{""C"": 1.0, ""class_weight"": null}",iscx_url2016_binary,phiusiil,0.86,8,94031
0.40364641868079204,0.47142469371625606,unfiltered,master,5775,134841,0.9999406743839405,0.15190579999989495,6.442337134685718e-07,0.28761648648508137,lr,20261001,134849,100944,235793,0.46090883436280317,0.4137602712925525,0.9427900618164526,r00,0.3621576059585482,S4-external,lr_c1,"{""C"": 1.0, ""class_weight"": null}",iscx_url2016_binary,phiusiil,0.86,8,95169
0.41177223506924593,0.4842889114137471,primary_domain_filtered,master,3131,134739,1.0,0.727852299999995,3.0868274291433376e-06,0.2916704443114713,rf,20261001,134739,99643,234382,0.35326484523464863,0.4173473844437429,0.9685778228274942,r00,0.35614715128754004,S4-external,rf_unlimited_leaf5_balanced,"{""class_weight"": ""balanced_subsample"", ""max_depth"": null, ""max_features"": ""sqrt"", ""min_samples_leaf"": 5, ""n_estimators"": 200}",iscx_url2016_binary,phiusiil,0.73,0,96512
0.41480451073611174,0.4844666349659217,unfiltered,master,3136,134849,1.0,0.727852299999995,3.0868274291433376e-06,0.2931885695786284,rf,20261001,134849,100944,235793,0.35530843321244376,0.4203956897922693,0.9689332699318434,r00,0.35458750022557717,S4-external,rf_unlimited_leaf5_balanced,"{""class_weight"": ""balanced_subsample"", ""max_depth"": null, ""max_features"": ""sqrt"", ""min_samples_leaf"": 5, ""n_estimators"": 200}",iscx_url2016_binary,phiusiil,0.73,0,97808
0.4181037793004582,0.4917354957197194,primary_domain_filtered,master,1647,134739,1.0,0.14928139999983614,6.33103612065821e-07,0.29483299135321833,xgb,20261001,134739,99643,234382,0.39722834662163,0.4210625819064601,0.9834709914394388,r00,0.3849590340076806,S4-external,xgb_d6_lr01_balanced,"{""colsample_bytree"": 0.9, ""learning_rate"": 0.1, ""max_depth"": 6, ""n_estimators"": 200, ""reg_lambda"": 1.0, ""scale_pos_weight"": 3.537326264507809, ""subsample"": 0.9}",iscx_url2016_binary,phiusiil,0.91,0,97996
0.4210981666122404,0.4918172452052623,unfiltered,master,1652,134849,1.0,0.14928139999983614,6.33103612065821e-07,0.29631884447229806,xgb,20261001,134849,100944,235793,0.3990996856551122,0.42406925741326806,0.9836344904105246,r00,0.38339436724815024,S4-external,xgb_d6_lr01_balanced,"{""colsample_bytree"": 0.9, ""learning_rate"": 0.1, ""max_depth"": 6, ""n_estimators"": 200, ""reg_lambda"": 1.0, ""scale_pos_weight"": 3.537326264507809, ""subsample"": 0.9}",iscx_url2016_binary,phiusiil,0.91,0,99292
0.40656933680817503,0.48119540524683635,primary_domain_filtered,master,3711,134734,0.9999554697936767,0.1743071000000782,7.392378060420717e-07,0.2890859544072465,lr,20261002,134740,98556,233296,0.5052404781822695,0.4131257649872157,0.9623462802873494,r01,0.43213492798154673,S4-external,lr_c01,"{""C"": 0.1, ""class_weight"": null}",iscx_url2016_binary,phiusiil,0.66,6,94845
0.4105083696292935,0.4794415290841488,unfiltered,master,4155,134843,0.9999555057879554,0.1743071000000782,7.392378060420717e-07,0.29107137846941505,lr,20261002,134849,100944,235793,0.5105736606231761,0.4178567728120467,0.958838563956253,r01,0.43031769814785437,S4-external,lr_c01,"{""C"": 0.1, ""class_weight"": null}",iscx_url2016_binary,phiusiil,0.66,6,96789
0.4154078938344421,0.4916646373635294,primary_domain_filtered,master,1643,134740,1.0,0.6012359000001197,2.549846263460407e-06,0.29348988065134507,rf,20261002,134740,98556,233296,0.34044919180953853,0.41835417628953653,0.9833292747270588,r01,0.32937547241842685,S4-external,rf_unlimited_leaf5_balanced,"{""class_weight"": ""balanced_subsample"", ""max_depth"": null, ""max_features"": ""sqrt"", ""min_samples_leaf"": 5, ""n_estimators"": 200}",iscx_url2016_binary,phiusiil,0.56,0,96913
0.42109392560423764,0.49181229196386117,unfiltered,master,1653,134849,1.0,0.6012359000001197,2.549846263460407e-06,0.296316744458106,rf,20261002,134849,100944,235793,0.34412094624034967,0.42406679764243616,0.9836245839277223,r01,0.32590111837854613,S4-external,rf_unlimited_leaf5_balanced,"{""class_weight"": ""balanced_subsample"", ""max_depth"": null, ""max_features"": ""sqrt"", ""min_samples_leaf"": 5, ""n_estimators"": 200}",iscx_url2016_binary,phiusiil,0.56,0,99291
0.4183397915094987,0.4951347457283169,primary_domain_filtered,master,959,134740,1.0,0.15667809999968085,6.644730759593408e-07,0.29495033137600374,xgb,20261002,134740,98556,233296,0.4190261420565107,0.42006654127409754,0.9902694914566338,r01,0.41450261883271755,S4-external,xgb_d6_lr01_balanced,"{""colsample_bytree"": 0.9, ""learning_rate"": 0.1, ""max_depth"": 6, ""n_estimators"": 200, ""reg_lambda"": 1.0, ""scale_pos_weight"": 3.537326264507809, ""subsample"": 0.9}",iscx_url2016_binary,phiusiil,0.3,0,97597
0.42402870314216284,0.4952399350134728,unfiltered,master,961,134849,1.0,0.15667809999968085,6.644730759593408e-07,0.2977669636900791,xgb,20261002,134849,100944,235793,0.4225474132224121,0.42576395039858284,0.9904798700269456,r01,0.41092842596361473,S4-external,xgb_d6_lr01_balanced,"{""colsample_bytree"": 0.9, ""learning_rate"": 0.1, ""max_depth"": 6, ""n_estimators"": 200, ""reg_lambda"": 1.0, ""scale_pos_weight"": 3.537326264507809, ""subsample"": 0.9}",iscx_url2016_binary,phiusiil,0.3,0,99983
0.406459355778916,0.48103498770819436,primary_domain_filtered,master,3743,134733,0.9999554694631844,0.14985729999989417,6.355460085748693e-07,0.2890303481728837,lr,20261003,134739,98566,233305,0.5048453364403976,0.41307132028786003,0.9620254448795731,r02,0.43273881691105404,S4-external,lr_c01,"{""C"": 0.1, ""class_weight"": null}",iscx_url2016_binary,phiusiil,0.67,6,94823
0.41038962140521557,0.47930283832491594,unfiltered,master,4183,134843,0.9999555057879554,0.14985729999989417,6.355460085748693e-07,0.2910116755076687,lr,20261003,134849,100944,235793,0.5101557264631413,0.4177863940173745,0.9585611824377873,r02,0.43091773602024075,S4-external,lr_c01,"{""C"": 0.1, ""class_weight"": null}",iscx_url2016_binary,phiusiil,0.67,6,96761
0.4181136280834101,0.494835947486963,primary_domain_filtered,master,1018,134739,1.0,0.6495225000003302,2.7546301204884376e-06,0.29483788873004024,rf,20261003,134739,98566,233305,0.3774187718546611,0.41994601505895723,0.989671894973926,r02,0.4125797688547626,S4-external,rf_depth24_leaf2,"{""class_weight"": null, ""max_depth"": 24, ""max_features"": ""sqrt"", ""min_samples_leaf"": 2, ""n_estimators"": 200}",iscx_url2016_binary,phiusiil,0.42,0,97548
0.42376576064599036,0.4949328340466001,unfiltered,master,1023,134849,1.0,0.6495225000003302,2.7546301204884376e-06,0.2976372745849145,rf,20261003,134849,100944,235793,0.38115237643488725,0.4256123014013716,0.9898656680932002,r02,0.40892285819336704,S4-external,rf_depth24_leaf2,"{""class_weight"": null, ""max_depth"": 24, ""max_features"": ""sqrt"", ""min_samples_leaf"": 2, ""n_estimators"": 200}",iscx_url2016_binary,phiusiil,0.42,0,99921
0.41901373738239645,0.49590122354564453,primary_domain_filtered,master,808,134739,1.0,0.2093990000003032,8.880628347758551e-07,0.2952851874114594,xgb,20261003,134739,98566,233305,0.4025399461843926,0.4204699415476329,0.9918024470912891,r02,0.3904984706739065,S4-external,xgb_d6_lr01_balanced,"{""colsample_bytree"": 0.9, ""learning_rate"": 0.1, ""max_depth"": 6, ""n_estimators"": 200, ""reg_lambda"": 1.0, ""scale_pos_weight"": 3.537326264507809, ""subsample"": 0.9}",iscx_url2016_binary,phiusiil,0.16,0,97758
0.42466909535058295,0.49598787446504994,unfiltered,master,810,134849,1.0,0.2093990000003032,8.880628347758551e-07,0.298082619140468,xgb,20261003,134849,100944,235793,0.40606296618691506,0.42613295429882164,0.9919757489300999,r02,0.38720417563269877,S4-external,xgb_d6_lr01_balanced,"{""colsample_bytree"": 0.9, ""learning_rate"": 0.1, ""max_depth"": 6, ""n_estimators"": 200, ""reg_lambda"": 1.0, ""scale_pos_weight"": 3.537326264507809, ""subsample"": 0.9}",iscx_url2016_binary,phiusiil,0.16,0,100134
0.40037383018038586,0.4710336276171416,primary_domain_filtered,master,5776,134735,0.9999332066733955,0.3338853999998719,1.4160106534115596e-06,0.28595726384771775,lr,20261004,134744,99587,234331,0.4569441178421475,0.4104687896528489,0.9420004619076787,r03,0.3629940009494452,S4-external,lr_c1,"{""C"": 1.0, ""class_weight"": null}",iscx_url2016_binary,phiusiil,0.88,9,93811
0.4029508933683358,0.4706111167360662,unfiltered,master,5940,134840,0.9999332586819332,0.3338853999998719,1.4160106534115596e-06,0.2872690194918348,lr,20261004,134849,100944,235793,0.4620441452192098,0.4133412227423818,0.9411554921540656,r03,0.3639561930036698,S4-external,lr_c1,"{""C"": 1.0, ""class_weight"": null}",iscx_url2016_binary,phiusiil,0.88,9,95004
0.41560869027145364,0.488969443802906,primary_domain_filtered,master,2197,134744,1.0,1.0751200999998218,4.559592948051138e-06,0.29359009529092217,rf,20261004,134744,99587,234331,0.37678167907858034,0.41954216099321945,0.977938887605812,r03,0.39850765662870435,S4-external,rf_depth16_leaf1,"{""class_weight"": null, ""max_depth"": 16, ""max_features"": ""sqrt"", ""min_samples_leaf"": 1, ""n_estimators"": 200}",iscx_url2016_binary,phiusiil,0.64,0,97390
0.418769853218713,0.4890979156760184,unfiltered,master,2201,134849,1.0,1.0751200999998218,4.559592948051138e-06,0.2951640481144032,rf,20261004,134849,100944,235793,0.3789699160784962,0.422715675194356,0.9781958313520368,r03,0.3967546078402993,S4-external,rf_depth16_leaf1,"{""class_weight"": null, ""max_depth"": 16, ""max_features"": ""sqrt"", ""min_samples_leaf"": 1, ""n_estimators"": 200}",iscx_url2016_binary,phiusiil,0.64,0,98743
0.4185361731909137,0.4924136684507014,primary_domain_filtered,master,1511,134744,1.0,0.15591310000036174,6.612287048401002e-07,0.2950479382203143,xgb,20261004,134744,99587,234331,0.5109035492576252,0.4212524697190963,0.9848273369014028,r03,0.4847384126398089,S4-external,xgb_d6_lr005,"{""colsample_bytree"": 0.9, ""learning_rate"": 0.05, ""max_depth"": 6, ""n_estimators"": 250, ""reg_lambda"": 1.0, ""scale_pos_weight"": 1.0, ""subsample"": 0.9}",iscx_url2016_binary,phiusiil,0.65,0,98076
0.42167494370061875,0.49249088603582186,unfiltered,master,1516,134849,1.0,0.15591310000036174,6.612287048401002e-07,0.2966043296810164,xgb,20261004,134849,100944,235793,0.5131769861334614,0.42440359062135846,0.9849817720716437,r03,0.4834234590535902,S4-external,xgb_d6_lr005,"{""colsample_bytree"": 0.9, ""learning_rate"": 0.05, ""max_depth"": 6, ""n_estimators"": 250, ""reg_lambda"": 1.0, ""scale_pos_weight"": 1.0, ""subsample"": 0.9}",iscx_url2016_binary,phiusiil,0.65,0,99428
0.4058868662103138,0.4803743350736026,primary_domain_filtered,master,3873,134733,0.9999554694631844,0.13207370000009178,5.601256186574316e-07,0.2887407659756898,lr,20261005,134739,98560,233299,0.5067825173579129,0.41272338941679015,0.9607041396103896,r04,0.4343479276459862,S4-external,lr_c01,"{""C"": 0.1, ""class_weight"": null}",iscx_url2016_binary,phiusiil,0.68,6,94687
0.40976619322880664,0.4785747118389435,unfiltered,master,4330,134843,0.9999555057879554,0.13207370000009178,5.601256186574316e-07,0.2906980700220586,lr,20261005,134849,100944,235793,0.512058601556265,0.4174166259823639,0.9571049294658425,r04,0.43250905594268657,S4-external,lr_c01,"{""C"": 0.1, ""class_weight"": null}",iscx_url2016_binary,phiusiil,0.68,6,96614
0.41809009039901585,0.494825487012987,primary_domain_filtered,master,1020,134739,1.0,0.9894808999997622,4.196396415499027e-06,0.2948261843373967,rf,20261005,134739,98560,233299,0.4092037107511094,0.4199260372224781,0.989650974025974,r04,0.46223249945686246,S4-external,rf_depth24_leaf2,"{""class_weight"": null, ""max_depth"": 24, ""max_features"": ""sqrt"", ""min_samples_leaf"": 2, ""n_estimators"": 200}",iscx_url2016_binary,phiusiil,0.43,0,97540
0.4237487966139792,0.4949130210809954,unfiltered,master,1027,134849,1.0,0.9894808999997622,4.196396415499027e-06,0.2976289059009264,rf,20261005,134849,100944,235793,0.41366017451777565,0.4256025148445686,0.9898260421619908,r04,0.4598345747799149,S4-external,rf_depth24_leaf2,"{""class_weight"": null, ""max_depth"": 24, ""max_features"": ""sqrt"", ""min_samples_leaf"": 2, ""n_estimators"": 200}",iscx_url2016_binary,phiusiil,0.43,0,99917
0.4179700727392745,0.4946834415584416,primary_domain_filtered,master,1048,134739,1.0,0.13339509999968868,5.657296866305984e-07,0.29476649809105504,xgb,20261005,134739,98560,233299,0.4141553433984014,0.41985610395649536,0.9893668831168831,r04,0.40850589917864766,S4-external,xgb_d6_lr01_balanced,"{""colsample_bytree"": 0.9, ""learning_rate"": 0.1, ""max_depth"": 6, ""n_estimators"": 200, ""reg_lambda"": 1.0, ""scale_pos_weight"": 3.537326264507809, ""subsample"": 0.9}",iscx_url2016_binary,phiusiil,0.32,0,97512
0.4236512534299152,0.4947990965287684,unfiltered,master,1050,134849,1.0,0.13339509999968868,5.657296866305984e-07,0.2975807820976088,xgb,20261005,134849,100944,235793,0.41787078145683376,0.4255462356704992,0.9895981930575368,r04,0.40518173592676693,S4-external,xgb_d6_lr01_balanced,"{""colsample_bytree"": 0.9, ""learning_rate"": 0.1, ""max_depth"": 6, ""n_estimators"": 200, ""reg_lambda"": 1.0, ""scale_pos_weight"": 3.537326264507809, ""subsample"": 0.9}",iscx_url2016_binary,phiusiil,0.32,0,99894
0.4014832948080417,0.47191973987135,primary_domain_filtered,master,5608,134731,0.999933204690515,0.1571483000002445,6.664671979246394e-07,0.28652269328779084,lr,20261006,134740,99738,234478,0.45983765847633973,0.4112976872424747,0.943772684433215,r05,0.36646838101606233,S4-external,lr_c1,"{""C"": 1.0, ""class_weight"": null}",iscx_url2016_binary,phiusiil,0.86,9,94130
0.40430377492122327,0.4721912007430404,unfiltered,master,5621,134840,0.9999332586819332,0.1571483000002445,6.664671979246394e-07,0.2879558960447069,lr,20261006,134849,100944,235793,0.4649480400291708,0.4141543167233656,0.9443156601680139,r05,0.36796967133269004,S4-external,lr_c1,"{""C"": 1.0, ""class_weight"": null}",iscx_url2016_binary,phiusiil,0.86,9,95323
0.4181330444647259,0.49150273717138904,primary_domain_filtered,master,1695,134740,1.0,0.9995848999997179,4.23924756035895e-06,0.29484754346342035,rf,20261006,134740,99738,234478,0.3735039140643298,0.42117766331733847,0.9830054743427781,r05,0.39379435829606985,S4-external,rf_depth24_leaf2,"{""class_weight"": null, ""max_depth"": 24, ""max_features"": ""sqrt"", ""min_samples_leaf"": 2, ""n_estimators"": 200}",iscx_url2016_binary,phiusiil,0.6,0,98043
0.420911562260118,0.49159930258361073,unfiltered,master,1696,134849,1.0,0.9995848999997179,4.23924756035895e-06,0.29622643198892074,rf,20261006,134849,100944,235793,0.37555293073541784,0.42396100761650085,0.9831986051672215,r05,0.39256044005919394,S4-external,rf_depth24_leaf2,"{""class_weight"": null, ""max_depth"": 24, ""max_features"": ""sqrt"", ""min_samples_leaf"": 2, ""n_estimators"": 200}",iscx_url2016_binary,phiusiil,0.6,0,99248
0.4181330444647259,0.49150273717138904,primary_domain_filtered,master,1695,134740,1.0,0.1596892000002299,6.772431751588465e-07,0.29484754346342035,xgb,20261006,134740,99738,234478,0.5134069665299795,0.42117766331733847,0.9830054743427781,r05,0.4989371224152478,S4-external,xgb_d6_lr005,"{""colsample_bytree"": 0.9, ""learning_rate"": 0.05, ""max_depth"": 6, ""n_estimators"": 250, ""reg_lambda"": 1.0, ""scale_pos_weight"": 1.0, ""subsample"": 0.9}",iscx_url2016_binary,phiusiil,0.76,0,98043
0.42089883923610966,0.4915844428594072,unfiltered,master,1699,134849,1.0,0.1596892000002299,6.772431751588465e-07,0.29622013025388166,xgb,20261006,134849,100944,235793,0.5155529876798791,0.42395362546669285,0.9831688857188144,r05,0.4982552197338622,S4-external,xgb_d6_lr005,"{""colsample_bytree"": 0.9, ""learning_rate"": 0.05, ""max_depth"": 6, ""n_estimators"": 250, ""reg_lambda"": 1.0, ""scale_pos_weight"": 1.0, ""subsample"": 0.9}",iscx_url2016_binary,phiusiil,0.76,0,99245
0.4053707892121586,0.47934261694987984,primary_domain_filtered,master,4084,134731,0.9999406259509125,0.14316950000011275,6.071829952547902e-07,0.28849131855993065,lr,20261007,134739,98709,233448,0.5027493773860073,0.4125682345349588,0.9586258598506722,r06,0.4320182251536617,S4-external,lr_c01,"{""C"": 0.1, ""class_weight"": null}",iscx_url2016_binary,phiusiil,0.67,8,94625
0.40935481545253677,0.47809175664223486,unfiltered,master,4429,134841,0.9999406743839405,0.14316950000011275,6.071829952547902e-07,0.29050281645972725,lr,20261007,134849,100944,235793,0.5082605525708261,0.41717094002316774,0.9561241876684102,r06,0.43089906776327325,S4-external,lr_c01,"{""C"": 0.1, ""class_weight"": null}",iscx_url2016_binary,phiusiil,0.67,8,96515
0.4177975394948768,0.4940481617684304,primary_domain_filtered,master,1175,134739,1.0,0.9761643000001641,4.1399206083308834e-06,0.2946806774990785,rf,20261007,134739,98709,233448,0.3572448473106222,0.4199110529420122,0.9880963235368608,r06,0.360931115592419,S4-external,rf_depth24_leaf2,"{""class_weight"": null, ""max_depth"": 24, ""max_features"": ""sqrt"", ""min_samples_leaf"": 2, ""n_estimators"": 200}",iscx_url2016_binary,phiusiil,0.5,0,97534
0.4230956813815508,0.4941502219052148,unfiltered,master,1181,134849,1.0,0.9761643000001641,4.1399206083308834e-06,0.2973065598588611,rf,20261007,134849,100944,235793,0.3609166459776648,0.425225478662643,0.9883004438104296,r06,0.3581100497738769,S4-external,rf_depth24_leaf2,"{""class_weight"": null, ""max_depth"": 24, ""max_features"": ""sqrt"", ""min_samples_leaf"": 2, ""n_estimators"": 200}",iscx_url2016_binary,phiusiil,0.5,0,99763
0.41791748055241423,0.49418999280714015,primary_domain_filtered,master,1147,134739,1.0,0.1370360000000801,5.811707726695877e-07,0.2947403401709918,xgb,20261007,134739,98709,233448,0.4106347348113025,0.41998097296180387,0.9883799856142803,r06,0.44276625774255024,S4-external,xgb_d6_lr01_balanced,"{""colsample_bytree"": 0.9, ""learning_rate"": 0.1, ""max_depth"": 6, ""n_estimators"": 200, ""reg_lambda"": 1.0, ""scale_pos_weight"": 3.537326264507809, ""subsample"": 0.9}",iscx_url2016_binary,phiusiil,0.5,0,97562
0.42323987565364535,0.49431863211285465,unfiltered,master,1147,134849,1.0,0.1370360000000801,5.811707726695877e-07,0.2973777526147978,xgb,20261007,134849,100944,235793,0.41450810613316474,0.42530876298764947,0.9886372642257093,r06,0.4401714508526301,S4-external,xgb_d6_lr01_balanced,"{""colsample_bytree"": 0.9, ""learning_rate"": 0.1, ""max_depth"": 6, ""n_estimators"": 200, ""reg_lambda"": 1.0, ""scale_pos_weight"": 3.537326264507809, ""subsample"": 0.9}",iscx_url2016_binary,phiusiil,0.5,0,99797
0.4053288297749221,0.47971541255388306,primary_domain_filtered,master,4005,134730,0.9999332041947766,0.1401200999998764,5.942504654501042e-07,0.28847601398964895,lr,20261008,134739,98558,233297,0.5090540413489386,0.41238556718116914,0.9593640293025427,r07,0.4412588495294436,S4-external,lr_c01,"{""C"": 0.1, ""class_weight"": null}",iscx_url2016_binary,phiusiil,0.68,9,94553
0.40912580102038654,0.477823036216174,unfiltered,master,4484,134840,0.9999332586819332,0.1401200999998764,5.942504654501042e-07,0.29039338378434754,lr,20261008,134849,100944,235793,0.5143990994713055,0.41703415477734546,0.9555793311142812,r07,0.4394761581542547,S4-external,lr_c01,"{""C"": 0.1, ""class_weight"": null}",iscx_url2016_binary,phiusiil,0.68,9,96460
0.41708208849663736,0.49363826376346925,primary_domain_filtered,master,1254,134739,1.0,0.6093400999998266,2.5842162405153105e-06,0.2943245785705427,rf,20261008,134739,98558,233297,0.3792577273025181,0.41933607133160666,0.9872765275269385,r07,0.409284405074898,S4-external,rf_depth16_leaf1,"{""class_weight"": null, ""max_depth"": 16, ""max_features"": ""sqrt"", ""min_samples_leaf"": 1, ""n_estimators"": 200}",iscx_url2016_binary,phiusiil,0.5,0,97304
0.42274367771731985,0.4937391028689174,unfiltered,master,1264,134849,1.0,0.6093400999998266,2.5842162405153105e-06,0.2971327051655424,rf,20261008,134849,100944,235793,0.38281163325082945,0.42502206550149446,0.9874782057378348,r07,0.40521523955477956,S4-external,rf_depth16_leaf1,"{""class_weight"": null, ""max_depth"": 16, ""max_features"": ""sqrt"", ""min_samples_leaf"": 1, ""n_estimators"": 200}",iscx_url2016_binary,phiusiil,0.5,0,99680
0.4174249990355641,0.4940441161549544,primary_domain_filtered,master,1174,134739,1.0,0.13383090000024822,5.675779179205838e-07,0.2944952990948981,xgb,20261008,134739,98558,233297,0.3714746215076259,0.41953619417291693,0.9880882323099088,r07,0.3509893412080041,S4-external,xgb_d6_lr01_balanced,"{""colsample_bytree"": 0.9, ""learning_rate"": 0.1, ""max_depth"": 6, ""n_estimators"": 200, ""reg_lambda"": 1.0, ""scale_pos_weight"": 3.537326264507809, ""subsample"": 0.9}",iscx_url2016_binary,phiusiil,0.5,0,97384
0.4231168864215647,0.49417498811222066,unfiltered,master,1176,134849,1.0,0.13383090000024822,5.675779179205838e-07,0.2973170302865947,xgb,20261008,134849,100944,235793,0.3750056379287484,0.42523772787138187,0.9883499762244413,r07,0.3479492012446752,S4-external,xgb_d6_lr01_balanced,"{""colsample_bytree"": 0.9, ""learning_rate"": 0.1, ""max_depth"": 6, ""n_estimators"": 200, ""reg_lambda"": 1.0, ""scale_pos_weight"": 3.537326264507809, ""subsample"": 0.9}",iscx_url2016_binary,phiusiil,0.5,0,99768
0.4005538062446134,0.4710886974612108,primary_domain_filtered,master,5771,134726,0.9999035171702328,0.10590880000017933,4.491600683658095e-07,0.28607228810731494,lr,20261009,134739,99639,234378,0.45976656262752796,0.41063195009492814,0.9420809120926544,r08,0.3664115569035239,S4-external,lr_c1,"{""C"": 1.0, ""class_weight"": null}",iscx_url2016_binary,phiusiil,0.87,13,93868
0.40300178546436916,0.4706655740712905,unfiltered,master,5932,134836,0.9999035958739034,0.10590880000017933,4.491600683658095e-07,0.2873181430522982,lr,20261009,134849,100944,235793,0.46485226364190557,0.4133688350562111,0.9412347440164844,r08,0.367553522212145,S4-external,lr_c1,"{""C"": 1.0, ""class_weight"": null}",iscx_url2016_binary,phiusiil,0.87,13,95012
0.4166090674039372,0.48998885978381956,primary_domain_filtered,master,1995,134739,1.0,0.490363399999751,2.0796351036703846e-06,0.2940889459132226,rf,20261009,134739,99639,234378,0.36189432659376186,0.42018564180684476,0.9799777195676391,r08,0.3663880459608445,S4-external,rf_depth24_leaf2,"{""class_weight"": null, ""max_depth"": 24, ""max_features"": ""sqrt"", ""min_samples_leaf"": 2, ""n_estimators"": 200}",iscx_url2016_binary,phiusiil,0.62,0,97644
0.419626536835275,0.4900984704390553,unfiltered,master,1999,134849,1.0,0.490363399999751,2.0796351036703846e-06,0.29558938632602216,rf,20261009,134849,100944,235793,0.3642561981250486,0.42321445374988237,0.9801969408781106,r08,0.3654041193259047,S4-external,rf_depth24_leaf2,"{""class_weight"": null, ""max_depth"": 24, ""max_features"": ""sqrt"", ""min_samples_leaf"": 2, ""n_estimators"": 200}",iscx_url2016_binary,phiusiil,0.62,0,98945
0.41816211419160504,0.4918154537881753,primary_domain_filtered,master,1631,134739,1.0,0.17281130000037592,7.328941062727728e-07,0.2948619977977412,xgb,20261009,134739,99639,234378,0.37758902613375545,0.42109243083691733,0.9836309075763506,r08,0.34944627509773724,S4-external,xgb_d6_lr005,"{""colsample_bytree"": 0.9, ""learning_rate"": 0.05, ""max_depth"": 6, ""n_estimators"": 250, ""reg_lambda"": 1.0, ""scale_pos_weight"": 1.0, ""subsample"": 0.9}",iscx_url2016_binary,phiusiil,0.72,0,98008
0.4211660227402849,0.49189649706768107,unfiltered,master,1636,134849,1.0,0.17281130000037592,7.328941062727728e-07,0.29635244299479857,xgb,20261009,134849,100944,235793,0.3799325909408764,0.42410861088927515,0.9837929941353621,r08,0.3486129249769531,S4-external,xgb_d6_lr005,"{""colsample_bytree"": 0.9, ""learning_rate"": 0.05, ""max_depth"": 6, ""n_estimators"": 250, ""reg_lambda"": 1.0, ""scale_pos_weight"": 1.0, ""subsample"": 0.9}",iscx_url2016_binary,phiusiil,0.72,0,99308
0.4061325082684306,0.4778113945398265,primary_domain_filtered,master,4423,134735,0.9999628914947306,0.09725040000012086,4.12439724674273e-07,0.2888589894538485,lr,20261010,134740,99585,234325,0.45701829321367143,0.41393319617045893,0.9555856805743836,r09,0.36239569834525326,S4-external,lr_c1,"{""C"": 1.0, ""class_weight"": null}",iscx_url2016_binary,phiusiil,0.77,5,95162
0.4090367398523281,0.47772399970833923,unfiltered,master,4501,134844,0.9999629214899628,0.09725040000012086,4.12439724674273e-07,0.29032486526373164,lr,20261010,134849,100944,235793,0.4621100484248259,0.4169840933558739,0.9554109209066413,r09,0.3633745672576732,S4-external,lr_c1,"{""C"": 1.0, ""class_weight"": null}",iscx_url2016_binary,phiusiil,0.77,5,96443
0.41798356982823004,0.4917608073505046,primary_domain_filtered,master,1641,134740,1.0,0.4875011999997696,2.0674964905649005e-06,0.29477321086228325,rf,20261010,134740,99585,234325,0.37344870258868235,0.4209313919306871,0.9835216147010092,r09,0.3924412199376112,S4-external,rf_depth24_leaf2,"{""class_weight"": null, ""max_depth"": 24, ""max_features"": ""sqrt"", ""min_samples_leaf"": 2, ""n_estimators"": 200}",iscx_url2016_binary,phiusiil,0.57,0,97944
0.42113633568426545,0.4918618243778729,unfiltered,master,1643,134849,1.0,0.4875011999997696,2.0674964905649005e-06,0.2963377440360018,rf,20261010,134849,100944,235793,0.375852948816389,0.42409139440529575,0.9837236487557458,r09,0.39121145694611803,S4-external,rf_depth24_leaf2,"{""class_weight"": null, ""max_depth"": 24, ""max_features"": ""sqrt"", ""min_samples_leaf"": 2, ""n_estimators"": 200}",iscx_url2016_binary,phiusiil,0.57,0,99301
0.41776165581990826,0.4914997238539941,primary_domain_filtered,master,1693,134740,1.0,0.1534985000002962,6.509883669163045e-07,0.2946628258036163,xgb,20261010,134740,99585,234325,0.4098260000665854,0.42080195329963205,0.9829994477079882,r09,0.3959143511477336,S4-external,xgb_d6_lr005,"{""colsample_bytree"": 0.9, ""learning_rate"": 0.05, ""max_depth"": 6, ""n_estimators"": 250, ""reg_lambda"": 1.0, ""scale_pos_weight"": 1.0, ""subsample"": 0.9}",iscx_url2016_binary,phiusiil,0.76,0,97892
0.42090308024411244,0.4915893961008084,unfiltered,master,1698,134849,1.0,0.1534985000002962,6.509883669163045e-07,0.29622223084476734,xgb,20261010,134849,100944,235793,0.41249416815072143,0.42395608620431874,0.9831787922016167,r09,0.3949243666481237,S4-external,xgb_d6_lr005,"{""colsample_bytree"": 0.9, ""learning_rate"": 0.05, ""max_depth"": 6, ""n_estimators"": 250, ""reg_lambda"": 1.0, ""scale_pos_weight"": 1.0, ""subsample"": 0.9}",iscx_url2016_binary,phiusiil,0.76,0,99246
0.2600953585676754,0.5316890034239891,primary_domain_filtered,master,26,30390,0.9335831899729663,0.022162600000001476,4.887766579185646e-07,0.2419034641894995,lr,20261001,32552,8556,41108,0.22807048405494593,0.21916752312435767,0.9969611968209444,r00,0.5547280893886213,S4-external,lr_c1,"{""C"": 1.0, ""class_weight"": null}",phiusiil,iscx_url2016_binary,0.92,2162,8530
0.26681075358930817,0.5291006197648579,unfiltered,master,29,33216,0.9388885748205099,0.022162600000001476,4.887766579185646e-07,0.2446062031160529,lr,20261001,35378,9965,45343,0.23587505334576778,0.23025583982202447,0.9970898143502258,r00,0.5434018442694039,S4-external,lr_c1,"{""C"": 1.0, ""class_weight"": null}",phiusiil,iscx_url2016_binary,0.92,2162,9936
0.2078427556679965,0.4992987377279102,primary_domain_filtered,master,12,32552,1.0,0.06909230000019306,1.523769931415942e-06,0.17207766051719972,rf,20261001,32552,8556,41108,0.19445480065368323,0.20790344559081175,0.9985974754558204,r00,0.4576542422259961,S4-external,rf_depth24_leaf2,"{""class_weight"": null, ""max_depth"": 24, ""max_features"": ""sqrt"", ""min_samples_leaf"": 2, ""n_estimators"": 200}",phiusiil,iscx_url2016_binary,0.8,0,8544
0.21948261032573937,0.49934771700953334,unfiltered,master,13,35378,1.0,0.06909230000019306,1.523769931415942e-06,0.179980106700425,rf,20261001,35378,9965,45343,0.20496247356461098,0.21954555482020738,0.9986954340190667,r00,0.45591414316663814,S4-external,rf_depth24_leaf2,"{""class_weight"": null, ""max_depth"": 24, ""max_features"": ""sqrt"", ""min_samples_leaf"": 2, ""n_estimators"": 200}",phiusiil,iscx_url2016_binary,0.8,0,9952
0.20789140799844313,0.4994156147732585,primary_domain_filtered,master,10,32552,1.0,0.028165599999965707,6.21167545155056e-07,0.17211100817658195,xgb,20261001,32552,8556,41108,0.11602330281786047,0.20794199231106136,0.998831229546517,r00,0.07229698171421428,S4-external,xgb_d6_lr01_balanced,"{""colsample_bytree"": 0.9, ""learning_rate"": 0.1, ""max_depth"": 6, ""n_estimators"": 200, ""reg_lambda"": 1.0, ""scale_pos_weight"": 1.3542591267000716, ""subsample"": 0.9}",phiusiil,iscx_url2016_binary,0.89,0,8546
0.21943850208411442,0.4992473657802308,unfiltered,master,15,35378,1.0,0.028165599999965707,6.21167545155056e-07,0.17995044580688332,xgb,20261001,35378,9965,45343,0.12564993647168346,0.2195111189551712,0.9984947315604616,r00,0.09643385803616973,S4-external,xgb_d6_lr01_balanced,"{""colsample_bytree"": 0.9, ""learning_rate"": 0.1, ""max_depth"": 6, ""n_estimators"": 200, ""reg_lambda"": 1.0, ""scale_pos_weight"": 1.3542591267000716, ""subsample"": 0.9}",phiusiil,iscx_url2016_binary,0.89,0,9950
0.2568089603731869,0.5313113830324082,primary_domain_filtered,master,24,30565,0.9345380052589739,0.020010899999988396,4.4132280616607627e-07,0.2390485755665255,lr,20261002,32706,8453,41159,0.22442565608499268,0.21616146073754935,0.9971607713237903,r01,0.5530012122598987,S4-external,lr_c1,"{""C"": 1.0, ""class_weight"": null}",phiusiil,iscx_url2016_binary,0.86,2141,8429
0.26641377941468364,0.5289183094530898,unfiltered,master,27,33236,0.9394538979026513,0.020010899999988396,4.4132280616607627e-07,0.24406744951447423,lr,20261002,35378,9965,45343,0.2354844820110902,0.23018483346458515,0.997290516808831,r01,0.5424504463683835,S4-external,lr_c1,"{""C"": 1.0, ""class_weight"": null}",phiusiil,iscx_url2016_binary,0.86,2142,9938
0.20508272795743338,0.4992901928309476,primary_domain_filtered,master,12,32706,1.0,0.19482510000011644,4.29669629270486e-06,0.17018145161290324,rf,20261002,32706,8453,41159,0.19201101373701607,0.20514253773057575,0.9985803856618952,r01,0.4586887387918517,S4-external,rf_depth24_leaf2,"{""class_weight"": null, ""max_depth"": 24, ""max_features"": ""sqrt"", ""min_samples_leaf"": 2, ""n_estimators"": 200}",phiusiil,iscx_url2016_binary,0.86,0,8441
0.21941644796330195,0.4991971901655795,unfiltered,master,16,35378,1.0,0.19482510000011644,4.29669629270486e-06,0.17993561455545107,rf,20261002,35378,9965,45343,0.2052803570465328,0.2194938998830719,0.998394380331159,r01,0.4573180987886911,S4-external,rf_depth24_leaf2,"{""class_weight"": null, ""max_depth"": 24, ""max_features"": ""sqrt"", ""min_samples_leaf"": 2, ""n_estimators"": 200}",phiusiil,iscx_url2016_binary,0.86,0,9949
0.205277096139362,0.49976339761031585,primary_domain_filtered,master,4,32706,1.0,0.0594068000000334,1.3101647442832059e-06,0.17031527173036606,xgb,20261002,32706,8453,41159,0.11495433873101357,0.20529704774632487,0.9995267952206317,r01,0.07829544443316629,S4-external,xgb_d6_lr01_balanced,"{""colsample_bytree"": 0.9, ""learning_rate"": 0.1, ""max_depth"": 6, ""n_estimators"": 200, ""reg_lambda"": 1.0, ""scale_pos_weight"": 1.3542785150825352, ""subsample"": 0.9}",phiusiil,iscx_url2016_binary,0.8,0,8449
0.21961493505061422,0.49964877069744107,unfiltered,master,7,35378,1.0,0.0594068000000334,1.3101647442832059e-06,0.18006907650856224,xgb,20261002,35378,9965,45343,0.12592369995267155,0.21964884418563613,0.9992975413948821,r01,0.08030854613341279,S4-external,xgb_d6_lr01_balanced,"{""colsample_bytree"": 0.9, ""learning_rate"": 0.1, ""max_depth"": 6, ""n_estimators"": 200, ""reg_lambda"": 1.0, ""scale_pos_weight"": 1.3542785150825352, ""subsample"": 0.9}",phiusiil,iscx_url2016_binary,0.8,0,9958
0.25647492482297024,0.5314733796608863,primary_domain_filtered,master,20,30640,0.9346877764558739,0.07990220000010595,1.7621727719847815e-06,0.23873982966428947,lr,20261003,32781,8455,41236,0.2241842300761869,0.21586692258477289,0.9976345357776464,r02,0.5532995135666472,S4-external,lr_c1,"{""C"": 1.0, ""class_weight"": null}",phiusiil,iscx_url2016_binary,0.84,2141,8435
0.26650199589793355,0.5291190119116949,unfiltered,master,23,33236,0.9394538979026513,0.07990220000010595,1.7621727719847815e-06,0.24413471967557626,lr,20261003,35378,9965,45343,0.23567963102919684,0.23025614896475058,0.9976919217260412,r02,0.5429457777442941,S4-external,lr_c1,"{""C"": 1.0, ""class_weight"": null}",phiusiil,iscx_url2016_binary,0.84,2142,9942
0.2047482782035115,0.4992903607332939,primary_domain_filtered,master,12,32781,1.0,0.19509289999996327,4.302602386255062e-06,0.16995108597193986,rf,20261003,32781,8455,41236,0.19067075390935012,0.20480787890549196,0.9985807214665878,r02,0.4550735341618303,S4-external,rf_depth24_leaf2,"{""class_weight"": null, ""max_depth"": 24, ""max_features"": ""sqrt"", ""min_samples_leaf"": 2, ""n_estimators"": 200}",phiusiil,iscx_url2016_binary,0.81,0,8443
0.21948261032573937,0.49934771700953334,unfiltered,master,13,35378,1.0,0.19509289999996327,4.302602386255062e-06,0.179980106700425,rf,20261003,35378,9965,45343,0.20459174476650838,0.21954555482020738,0.9986954340190667,r02,0.45490843538908876,S4-external,rf_depth24_leaf2,"{""class_weight"": null, ""max_depth"": 24, ""max_features"": ""sqrt"", ""min_samples_leaf"": 2, ""n_estimators"": 200}",phiusiil,iscx_url2016_binary,0.81,0,9952
0.20477252885827918,0.49934949733885275,primary_domain_filtered,master,11,32781,1.0,0.03432480000014948,7.570032860672977e-07,0.16996779388083735,xgb,20261003,32781,8455,41236,0.11560758373218102,0.2048271679805943,0.9986989946777055,r02,0.09264857001027428,S4-external,xgb_d6_lr01_balanced,"{""colsample_bytree"": 0.9, ""learning_rate"": 0.1, ""max_depth"": 6, ""n_estimators"": 200, ""reg_lambda"": 1.0, ""scale_pos_weight"": 1.3542591267000716, ""subsample"": 0.9}",phiusiil,iscx_url2016_binary,0.91,0,8444
0.21939439384248946,0.49914701455092825,unfiltered,master,17,35378,1.0,0.03432480000014948,7.570032860672977e-07,0.17992078276753903,xgb,20261003,35378,9965,45343,0.12915561291363462,0.21947668005118476,0.9982940291018565,r02,0.13576901681749654,S4-external,xgb_d6_lr01_balanced,"{""colsample_bytree"": 0.9, ""learning_rate"": 0.1, ""max_depth"": 6, ""n_estimators"": 200, ""reg_lambda"": 1.0, ""scale_pos_weight"": 1.3542591267000716, ""subsample"": 0.9}",phiusiil,iscx_url2016_binary,0.91,0,9948
0.25554050130649375,0.5295801311845914,primary_domain_filtered,master,23,30747,0.9381521938121682,0.07004360000019005,1.5447500165447821e-06,0.23661417432486112,lr,20261004,32774,8558,41332,0.22477192993788414,0.2172750878264854,0.9973124561813508,r03,0.5493407277837942,S4-external,lr_c1,"{""C"": 1.0, ""class_weight"": null}",phiusiil,iscx_url2016_binary,0.95,2027,8535
0.26392166376287407,0.527357314283638,unfiltered,master,26,33350,0.9426762394708575,0.07004360000019005,1.5447500165447821e-06,0.24081211109283127,lr,20261004,35378,9965,45343,0.23401856166636745,0.22959643327404192,0.9973908680381335,r03,0.5387396038205627,S4-external,lr_c1,"{""C"": 1.0, ""class_weight"": null}",phiusiil,iscx_url2016_binary,0.95,2028,9939
0.20676473434626924,0.49929890161252627,primary_domain_filtered,master,12,32774,1.0,0.09200240000018312,2.029032044641579e-06,0.17133806487830305,rf,20261004,32774,8558,41332,0.18893738592169063,0.2068247821878025,0.9985978032250525,r03,0.4429696675011555,S4-external,rf_depth24_leaf2,"{""class_weight"": null, ""max_depth"": 24, ""max_features"": ""sqrt"", ""min_samples_leaf"": 2, ""n_estimators"": 200}",phiusiil,iscx_url2016_binary,0.8,0,8546
0.21948261032573937,0.49934771700953334,unfiltered,master,13,35378,1.0,0.09200240000018312,2.029032044641579e-06,0.179980106700425,rf,20261004,35378,9965,45343,0.2009292146019049,0.21954555482020738,0.9986954340190667,r03,0.4433198383839736,S4-external,rf_depth24_leaf2,"{""class_weight"": null, ""max_depth"": 24, ""max_features"": ""sqrt"", ""min_samples_leaf"": 2, ""n_estimators"": 200}",phiusiil,iscx_url2016_binary,0.8,0,9952
0.2070066776347624,0.4998831502687544,primary_domain_filtered,master,2,32774,1.0,0.03348740000001271,7.385351652959158e-07,0.17150416933932008,xgb,20261004,32774,8558,41332,0.11481852599471082,0.20701669489474958,0.9997663005375088,r03,0.06411879608111086,S4-external,xgb_d6_lr01_balanced,"{""colsample_bytree"": 0.9, ""learning_rate"": 0.1, ""max_depth"": 6, ""n_estimators"": 200, ""reg_lambda"": 1.0, ""scale_pos_weight"": 1.3542785150825352, ""subsample"": 0.9}",phiusiil,iscx_url2016_binary,0.74,0,8556
0.21972520565467657,0.4998996487706974,unfiltered,master,2,35378,1.0,0.03348740000001271,7.385351652959158e-07,0.18014320326908473,xgb,20261004,35378,9965,45343,0.12507436283074969,0.21973489777464106,0.9997992975413948,r03,0.07029848973640769,S4-external,xgb_d6_lr01_balanced,"{""colsample_bytree"": 0.9, ""learning_rate"": 0.1, ""max_depth"": 6, ""n_estimators"": 200, ""reg_lambda"": 1.0, ""scale_pos_weight"": 1.3542785150825352, ""subsample"": 0.9}",phiusiil,iscx_url2016_binary,0.74,0,9963
0.2380790603994273,0.519910962394582,primary_domain_filtered,master,15,31383,0.9584058634906093,0.04923700000017561,1.085878746447646e-06,0.21485762115975574,lr,20261005,32745,8464,41209,0.22318502251976655,0.2121158867242418,0.9982277882797732,r04,0.5496971463629854,S4-external,lr_c1,"{""C"": 1.0, ""class_weight"": null}",phiusiil,iscx_url2016_binary,0.81,1362,8449
0.24941005226826632,0.5183460898831932,unfiltered,master,18,34016,0.9615014981061677,0.04923700000017561,1.085878746447646e-06,0.22150279504854997,lr,20261005,35378,9965,45343,0.23412447817455864,0.22625844460114186,0.998193677872554,r04,0.5389291458995057,S4-external,lr_c1,"{""C"": 1.0, ""class_weight"": null}",phiusiil,iscx_url2016_binary,0.81,1362,9947
0.2051250940328569,0.4993501890359168,primary_domain_filtered,master,11,32745,1.0,0.2283162999999604,5.03531526365614e-06,0.17021062381700294,rf,20261005,32745,8464,41209,0.19411738098317177,0.2051798631001505,0.9987003780718336,r04,0.4647807797464569,S4-external,rf_depth24_leaf2,"{""class_weight"": null, ""max_depth"": 24, ""max_features"": ""sqrt"", ""min_samples_leaf"": 2, ""n_estimators"": 200}",phiusiil,iscx_url2016_binary,0.79,0,8453
0.21948261032573937,0.49934771700953334,unfiltered,master,13,35378,1.0,0.2283162999999604,5.03531526365614e-06,0.179980106700425,rf,20261005,35378,9965,45343,0.20715691229046201,0.21954555482020738,0.9986954340190667,r04,0.4625502915583592,S4-external,rf_depth24_leaf2,"{""class_weight"": null, ""max_depth"": 24, ""max_features"": ""sqrt"", ""min_samples_leaf"": 2, ""n_estimators"": 200}",phiusiil,iscx_url2016_binary,0.79,0,9952
0.20514936057657307,0.49940926275992437,primary_domain_filtered,master,10,32745,1.0,0.05891010000004826,1.2992104624759777e-06,0.17022733221915712,xgb,20261005,32745,8464,41209,0.11492642232896949,0.20519915531930386,0.9988185255198487,r04,0.07640572912472242,S4-external,xgb_d6_lr01_balanced,"{""colsample_bytree"": 0.9, ""learning_rate"": 0.1, ""max_depth"": 6, ""n_estimators"": 200, ""reg_lambda"": 1.0, ""scale_pos_weight"": 1.3542785150825352, ""subsample"": 0.9}",phiusiil,iscx_url2016_binary,0.9,0,8454
0.21948261032573937,0.49934771700953334,unfiltered,master,13,35378,1.0,0.05891010000004826,1.2992104624759777e-06,0.179980106700425,xgb,20261005,35378,9965,45343,0.12611151385467495,0.21954555482020738,0.9986954340190667,r04,0.07772304825042435,S4-external,xgb_d6_lr01_balanced,"{""colsample_bytree"": 0.9, ""learning_rate"": 0.1, ""max_depth"": 6, ""n_estimators"": 200, ""reg_lambda"": 1.0, ""scale_pos_weight"": 1.3542785150825352, ""subsample"": 0.9}",phiusiil,iscx_url2016_binary,0.9,0,9952
0.2542803250145096,0.5301427672850023,primary_domain_filtered,master,24,30813,0.9368785916263797,0.07405319999998028,1.6331782193498506e-06,0.2361955550246182,lr,20261006,32889,8463,41352,0.22383515999272832,0.21499541424640783,0.9971641261963843,r05,0.5533758154656012,S4-external,lr_c1,"{""C"": 1.0, ""class_weight"": null}",phiusiil,iscx_url2016_binary,0.86,2076,8439
0.26495820744106036,0.5279855263675565,unfiltered,master,27,33302,0.9413194640737181,0.07405319999998028,1.6331782193498506e-06,0.24217501939854522,lr,20261006,35378,9965,45343,0.2356914941635998,0.22983348751156338,0.997290516808831,r05,0.542915188461214,S4-external,lr_c1,"{""C"": 1.0, ""class_weight"": null}",phiusiil,iscx_url2016_binary,0.86,2076,9938
0.2043673824724318,0.49929103154909604,primary_domain_filtered,master,12,32889,1.0,0.14085629999999583,3.1064618573979626e-06,0.16968857297753148,rf,20261006,32889,8463,41352,0.18929598692390776,0.2044267053701016,0.9985820630981921,r05,0.45201512589618625,S4-external,rf_depth24_leaf2,"{""class_weight"": null, ""max_depth"": 24, ""max_features"": ""sqrt"", ""min_samples_leaf"": 2, ""n_estimators"": 200}",phiusiil,iscx_url2016_binary,0.81,0,8451
0.21948261032573937,0.49934771700953334,unfiltered,master,13,35378,1.0,0.14085629999999583,3.1064618573979626e-06,0.179980106700425,rf,20261006,35378,9965,45343,0.20385578120574327,0.21954555482020738,0.9986954340190667,r05,0.45285343776426834,S4-external,rf_depth24_leaf2,"{""class_weight"": null, ""max_depth"": 24, ""max_features"": ""sqrt"", ""min_samples_leaf"": 2, ""n_estimators"": 200}",phiusiil,iscx_url2016_binary,0.81,0,9952
0.2045124782356355,0.499645515774548,primary_domain_filtered,master,6,32889,1.0,0.027798300000085874,6.130670665832846e-07,0.16978859242305608,xgb,20261006,32889,8463,41352,0.11468216576870821,0.20454215643593093,0.999291031549096,r05,0.07946695850583711,S4-external,xgb_d6_lr01_balanced,"{""colsample_bytree"": 0.9, ""learning_rate"": 0.1, ""max_depth"": 6, ""n_estimators"": 200, ""reg_lambda"": 1.0, ""scale_pos_weight"": 1.3542591267000716, ""subsample"": 0.9}",phiusiil,iscx_url2016_binary,0.8,0,8457
0.21957082680898926,0.4995484194681385,unfiltered,master,9,35378,1.0,0.027798300000085874,6.130670665832846e-07,0.18003942205103166,xgb,20261006,35378,9965,45343,0.12791861742152638,0.2196144174350377,0.999096838936277,r05,0.12359362693390914,S4-external,xgb_d6_lr01_balanced,"{""colsample_bytree"": 0.9, ""learning_rate"": 0.1, ""max_depth"": 6, ""n_estimators"": 200, ""reg_lambda"": 1.0, ""scale_pos_weight"": 1.3542591267000716, ""subsample"": 0.9}",phiusiil,iscx_url2016_binary,0.8,0,9956
0.25291633865311675,0.5295764136678525,primary_domain_filtered,master,25,31292,0.9379252465305877,0.04460449999987759,9.837130317772884e-07,0.23474232275273124,lr,20261007,33363,8556,41919,0.22149928518125928,0.21422293649398588,0.9970780738662927,r06,0.5489368021367014,S4-external,lr_c1,"{""C"": 1.0, ""class_weight"": null}",phiusiil,iscx_url2016_binary,0.95,2071,8531
0.2648258827161855,0.5278646853676374,unfiltered,master,28,33307,0.9414607948442535,0.04460449999987759,9.837130317772884e-07,0.24201468035353388,lr,20261007,35378,9965,45343,0.23434740900865558,0.22978910369068542,0.9971901655795283,r06,0.5395585890432217,S4-external,lr_c1,"{""C"": 1.0, ""class_weight"": null}",phiusiil,iscx_url2016_binary,0.95,2071,9937
0.20382165605095542,0.4992987377279102,primary_domain_filtered,master,12,33363,1.0,0.06937130000005709,1.5299230311196235e-06,0.1693121693121693,rf,20261007,33363,8556,41919,0.1952900784950475,0.203880020044384,0.9985974754558204,r06,0.47314027612199344,S4-external,rf_depth24_leaf2,"{""class_weight"": null, ""max_depth"": 24, ""max_features"": ""sqrt"", ""min_samples_leaf"": 2, ""n_estimators"": 200}",phiusiil,iscx_url2016_binary,0.79,0,8544
0.21948261032573937,0.49934771700953334,unfiltered,master,13,35378,1.0,0.06937130000005709,1.5299230311196235e-06,0.179980106700425,rf,20261007,35378,9965,45343,0.20975260395315956,0.21954555482020738,0.9986954340190667,r06,0.47100568962367206,S4-external,rf_depth24_leaf2,"{""class_weight"": null, ""max_depth"": 24, ""max_features"": ""sqrt"", ""min_samples_leaf"": 2, ""n_estimators"": 200}",phiusiil,iscx_url2016_binary,0.79,0,9952
0.20408406689090866,0.4999415614773259,primary_domain_filtered,master,1,33363,1.0,0.028669499999978143,6.322806166327359e-07,0.16949320442207869,xgb,20261007,33363,8556,41919,0.11613499079383016,0.20408893554081778,0.9998831229546518,r06,0.0983882023820679,S4-external,xgb_d6_lr01_balanced,"{""colsample_bytree"": 0.9, ""learning_rate"": 0.1, ""max_depth"": 6, ""n_estimators"": 200, ""reg_lambda"": 1.0, ""scale_pos_weight"": 1.3542591267000716, ""subsample"": 0.9}",phiusiil,iscx_url2016_binary,0.71,0,8555
0.21974725977548906,0.49994982438534874,unfiltered,master,1,35378,1.0,0.028669499999978143,6.322806166327359e-07,0.18015802701285552,xgb,20261007,35378,9965,45343,0.13000314232549998,0.2197521062149883,0.9998996487706975,r06,0.13882263795294383,S4-external,xgb_d6_lr01_balanced,"{""colsample_bytree"": 0.9, ""learning_rate"": 0.1, ""max_depth"": 6, ""n_estimators"": 200, ""reg_lambda"": 1.0, ""scale_pos_weight"": 1.3542591267000716, ""subsample"": 0.9}",phiusiil,iscx_url2016_binary,0.71,0,9964
0.2518613731719739,0.528360248183309,primary_domain_filtered,master,23,30825,0.9405608275104507,0.022024899999905756,4.857398054805759e-07,0.23286200433833132,lr,20261008,32773,8460,41233,0.22324915647009475,0.21488971524629413,0.9972813238770686,r07,0.5505019556042031,S4-external,lr_c1,"{""C"": 1.0, ""class_weight"": null}",phiusiil,iscx_url2016_binary,0.86,1948,8437
0.26217938821868864,0.5262768437340063,unfiltered,master,25,33430,0.9449375317994234,0.022024899999905756,4.857398054805759e-07,0.23852306742532714,lr,20261008,35378,9965,45343,0.23461056745143,0.22919068480516486,0.997491219267436,r07,0.5402191703411485,S4-external,lr_c1,"{""C"": 1.0, ""class_weight"": null}",phiusiil,iscx_url2016_binary,0.86,1948,9940
0.20488443722261296,0.49929078014184397,primary_domain_filtered,master,12,32773,1.0,0.07313040000008186,1.61282667666634e-06,0.17004488637507298,rf,20261008,32773,8460,41233,0.1910741940374944,0.20494408190000243,0.9985815602836879,r07,0.45607207512901804,S4-external,rf_depth24_leaf2,"{""class_weight"": null, ""max_depth"": 24, ""max_features"": ""sqrt"", ""min_samples_leaf"": 2, ""n_estimators"": 200}",phiusiil,iscx_url2016_binary,0.85,0,8448
0.21948261032573937,0.49934771700953334,unfiltered,master,13,35378,1.0,0.07313040000008186,1.61282667666634e-06,0.179980106700425,rf,20261008,35378,9965,45343,0.20142955135398985,0.21954555482020738,0.9986954340190667,r07,0.4451884112909514,S4-external,rf_depth24_leaf2,"{""class_weight"": null, ""max_depth"": 24, ""max_features"": ""sqrt"", ""min_samples_leaf"": 2, ""n_estimators"": 200}",phiusiil,iscx_url2016_binary,0.85,0,9952
0.20493294206097057,0.49940898345153667,primary_domain_filtered,master,10,32773,1.0,0.029646100000263687,6.538186710244952e-07,0.17007829639917074,xgb,20261008,32773,8460,41233,0.1140840515406379,0.20498265531378115,0.9988179669030733,r07,0.05919541175096636,S4-external,xgb_d6_lr01_balanced,"{""colsample_bytree"": 0.9, ""learning_rate"": 0.1, ""max_depth"": 6, ""n_estimators"": 200, ""reg_lambda"": 1.0, ""scale_pos_weight"": 1.3542785150825352, ""subsample"": 0.9}",phiusiil,iscx_url2016_binary,0.88,0,8450
0.21950466444655184,0.49939789262418466,unfiltered,master,12,35378,1.0,0.029646100000263687,6.538186710244952e-07,0.1799949363425926,xgb,20261008,35378,9965,45343,0.125679267343773,0.2195627716132448,0.9987957852483693,r07,0.09417052197814742,S4-external,xgb_d6_lr01_balanced,"{""colsample_bytree"": 0.9, ""learning_rate"": 0.1, ""max_depth"": 6, ""n_estimators"": 200, ""reg_lambda"": 1.0, ""scale_pos_weight"": 1.3542785150825352, ""subsample"": 0.9}",phiusiil,iscx_url2016_binary,0.88,0,9953
0.2477658303464755,0.5253856017402594,primary_domain_filtered,master,22,31459,0.9466762962294243,0.02888359999997192,6.370024038985493e-07,0.2272128756809191,lr,20261009,33231,8619,41850,0.22114894007874233,0.2146245256640703,0.9974474997099432,r08,0.5429465395764651,S4-external,lr_c1_balanced,"{""C"": 1.0, ""class_weight"": ""balanced""}",phiusiil,iscx_url2016_binary,0.95,1772,8597
0.25831991707650576,0.5238035552496375,unfiltered,master,25,33605,0.949884108768161,0.02888359999997192,6.370024038985493e-07,0.23345173048267284,lr,20261009,35378,9965,45343,0.23208825614857126,0.22826960615455277,0.997491219267436,r08,0.5337605229020096,S4-external,lr_c1_balanced,"{""C"": 1.0, ""class_weight"": ""balanced""}",phiusiil,iscx_url2016_binary,0.95,1773,9940
0.20571087216248507,0.49941988629771433,primary_domain_filtered,master,10,33231,1.0,0.2200793000001795,4.853655470528626e-06,0.1706137656315028,rf,20261009,33231,8619,41850,0.18363457664399035,0.2057600382409178,0.9988397725954287,r08,0.4289785862577227,S4-external,rf_depth24_leaf2,"{""class_weight"": null, ""max_depth"": 24, ""max_features"": ""sqrt"", ""min_samples_leaf"": 2, ""n_estimators"": 200}",phiusiil,iscx_url2016_binary,0.79,0,8609
0.2195267185673643,0.4994480682388359,unfiltered,master,11,35378,1.0,0.2200793000001795,4.853655470528626e-06,0.18000976544839684,rf,20261009,35378,9965,45343,0.19737295041551944,0.21957998764669548,0.9988961364776718,r08,0.4323130192487546,S4-external,rf_depth24_leaf2,"{""class_weight"": null, ""max_depth"": 24, ""max_features"": ""sqrt"", ""min_samples_leaf"": 2, ""n_estimators"": 200}",phiusiil,iscx_url2016_binary,0.79,0,9954
0.20592592592592593,0.49994198862977146,primary_domain_filtered,master,1,33231,1.0,0.0627172999998038,1.3831749112278367e-06,0.17076167076167076,xgb,20261009,33231,8619,41850,0.11515673758913711,0.20593084661521183,0.9998839772595429,r08,0.07731450135975922,S4-external,xgb_d6_lr01_balanced,"{""colsample_bytree"": 0.9, ""learning_rate"": 0.1, ""max_depth"": 6, ""n_estimators"": 200, ""reg_lambda"": 1.0, ""scale_pos_weight"": 1.3542785150825352, ""subsample"": 0.9}",phiusiil,iscx_url2016_binary,0.67,0,8618
0.21974725977548906,0.49994982438534874,unfiltered,master,1,35378,1.0,0.0627172999998038,1.3831749112278367e-06,0.18015802701285552,xgb,20261009,35378,9965,45343,0.12624233049304295,0.2197521062149883,0.9998996487706975,r08,0.09855528892363591,S4-external,xgb_d6_lr01_balanced,"{""colsample_bytree"": 0.9, ""learning_rate"": 0.1, ""max_depth"": 6, ""n_estimators"": 200, ""reg_lambda"": 1.0, ""scale_pos_weight"": 1.3542785150825352, ""subsample"": 0.9}",phiusiil,iscx_url2016_binary,0.67,0,9964
0.24830726970434447,0.5254065641727045,primary_domain_filtered,master,24,31172,0.9463841156111482,0.022745000000213622,5.01620977884428e-07,0.22773844663511197,lr,20261010,32938,8563,41501,0.2244200260345227,0.21502858150134724,0.9971972439565573,r09,0.5503481384986775,S4-external,lr_c1,"{""C"": 1.0, ""class_weight"": null}",phiusiil,iscx_url2016_binary,0.95,1766,8539
0.25816553823081845,0.523668581172665,unfiltered,master,26,33611,0.9500537056928035,0.022745000000213622,5.01620977884428e-07,0.23326068734864833,lr,20261010,35378,9965,45343,0.23450994297549588,0.22822043628013777,0.9973908680381335,r09,0.539943425710945,S4-external,lr_c1,"{""C"": 1.0, ""class_weight"": null}",phiusiil,iscx_url2016_binary,0.95,1767,9939
0.20609141948386786,0.4994160924909494,primary_domain_filtered,master,10,32938,1.0,0.08420169999999416,1.8569944644155474e-06,0.17087545450913014,rf,20261010,32938,8563,41501,0.18749585587978246,0.20614109083897714,0.9988321849818989,r09,0.4404222352234722,S4-external,rf_depth24_leaf2,"{""class_weight"": null, ""max_depth"": 24, ""max_features"": ""sqrt"", ""min_samples_leaf"": 2, ""n_estimators"": 200}",phiusiil,iscx_url2016_binary,0.79,0,8553
0.2195267185673643,0.4994480682388359,unfiltered,master,11,35378,1.0,0.08420169999999416,1.8569944644155474e-06,0.18000976544839684,rf,20261010,35378,9965,45343,0.20035081858436585,0.21957998764669548,0.9988961364776718,r09,0.4415160960926701,S4-external,rf_depth24_leaf2,"{""class_weight"": null, ""max_depth"": 24, ""max_features"": ""sqrt"", ""min_samples_leaf"": 2, ""n_estimators"": 200}",phiusiil,iscx_url2016_binary,0.79,0,9954
0.2062118985084697,0.4997080462454747,primary_domain_filtered,master,5,32938,1.0,0.028125100000124803,6.202743532656595e-07,0.1709582692422941,xgb,20261010,32938,8563,41501,0.11492715756052391,0.2062367457104299,0.9994160924909494,r09,0.06554857449240553,S4-external,xgb_d6_lr01_balanced,"{""colsample_bytree"": 0.9, ""learning_rate"": 0.1, ""max_depth"": 6, ""n_estimators"": 200, ""reg_lambda"": 1.0, ""scale_pos_weight"": 1.3542448103078024, ""subsample"": 0.9}",phiusiil,iscx_url2016_binary,0.83,0,8558
0.21959288092980173,0.49959859508278975,unfiltered,master,8,35378,1.0,0.028125100000124803,6.202743532656595e-07,0.18005424954792043,xgb,20261010,35378,9965,45343,0.12535487522629707,0.2196316311900298,0.9991971901655795,r09,0.07905556411088537,S4-external,xgb_d6_lr01_balanced,"{""colsample_bytree"": 0.9, ""learning_rate"": 0.1, ""max_depth"": 6, ""n_estimators"": 200, ""reg_lambda"": 1.0, ""scale_pos_weight"": 1.3542448103078024, ""subsample"": 0.9}",phiusiil,iscx_url2016_binary,0.83,0,9957
