source_dataset,target_dataset,repetition,model,fpr_budget,selected_threshold,allowed_false_positives,selected_threshold_rank_among_unique_scores,first_excluded_benign_rank,first_excluded_benign_score,threshold_margin_to_first_excluded_benign,validation_n_samples,validation_n_benign,validation_n_phishing,validation_fpr,validation_fp,validation_recall,validation_tp,validation_fpr_wilson_upper_95,validation_fpr_clopper_pearson_upper_95,validation_alerts_per_10000_benign,source_test_n_samples,source_test_n_benign,source_test_n_phishing,source_test_fpr,source_test_fp,source_test_recall,source_test_tp,source_test_fpr_wilson_upper_95,source_test_fpr_clopper_pearson_upper_95,source_test_alerts_per_10000_benign,external_n_samples,external_n_benign,external_n_phishing,external_fpr,external_fp,external_recall,external_tp,external_fpr_wilson_upper_95,external_fpr_clopper_pearson_upper_95,external_alerts_per_10000_benign
phiusiil,iscx_url2016_binary,r00,lr,0.001,0.9994958121004157,20,6397,21,0.9994944147234195,1.3973769962261073e-06,35674,20127,15547,0.0009936900680677697,20,0.8846079629510516,13753,0.001432139113093784,0.0014436068885975365,9.936900680677697,35674,20127,15547,0.001043374571471158,21,0.9387663214768123,14595,0.0014906822272049613,0.001502136477159864,10.43374571471158,41108,32552,8556,0.9240906856721554,30081,0.9949742870500233,8513,0.9264701865786765,0.9264926002720577,9240.906856721553
phiusiil,iscx_url2016_binary,r00,lr,0.01,0.9143669714288533,201,7456,202,0.9137270409754162,0.0006399304534370209,35674,20127,15547,0.009986585184081085,201,0.9832765163697176,15287,0.011207082092529868,0.011218368513589174,99.86585184081085,35674,20127,15547,0.007502360013911661,151,0.9779378658262045,15204,0.008571138671993564,0.008582384366694751,75.02360013911661,41108,32552,8556,0.9337982305234701,30397,0.9969611968209444,8530,0.9360291008224764,0.9360516439654771,9337.982305234702
phiusiil,iscx_url2016_binary,r00,rf,0.001,0.9838077870454245,20,915,19,0.9837501150358748,5.767200954964746e-05,35674,20127,15547,0.0008943210612609927,18,0.7830449604425291,12174,0.0013143827299275795,0.0013258809847501352,8.943210612609928,35674,20127,15547,0.00039747602722710784,8,0.8264616967903776,12849,0.0007052719270726329,0.0007170637630863528,3.9747602722710784,41108,32552,8556,0.9998156795281395,32546,0.9866760168302945,8442,0.9999046824347211,0.999919725038237,9998.156795281395
phiusiil,iscx_url2016_binary,r00,rf,0.01,0.7949099920871463,201,2674,199,0.7948282343605355,8.175772661078717e-05,35674,20127,15547,0.00983753167387092,198,0.9913166527304303,15412,0.011049514912161154,0.011060798537055197,98.37531673870919,35674,20127,15547,0.010781537238535302,217,0.9943397440020583,15459,0.012046373093707383,0.012057674989344878,107.81537238535302,41108,32552,8556,1.0,32552,0.9985974754558204,8544,1.0,1.0,10000.0
phiusiil,iscx_url2016_binary,r00,xgb,0.001,0.9502694606781006,20,3696,21,0.9491555094718933,0.0011139512062072754,35674,20127,15547,0.0009936900680677697,20,0.9809609570978324,15251,0.001432139113093784,0.0014436068885975365,9.936900680677697,35674,20127,15547,0.0004968450340338849,10,0.9849488647327459,15313,0.0008309131656555822,0.000842613678464572,4.9684503403388485,41108,32552,8556,1.0,32552,0.9987143525011688,8545,1.0,1.0,10000.0
phiusiil,iscx_url2016_binary,r00,xgb,0.01,0.6199306845664978,201,3969,202,0.619519829750061,0.0004108548164367676,35674,20127,15547,0.009986585184081085,201,0.9936965330932013,15449,0.011207082092529868,0.011218368513589174,99.86585184081085,35674,20127,15547,0.010781537238535302,217,0.993760854184087,15450,0.012046373093707383,0.012057674989344878,107.81537238535302,41108,32552,8556,1.0,32552,0.9998831229546518,8555,1.0,1.0,10000.0
phiusiil,iscx_url2016_binary,r01,lr,0.001,0.9998907453828078,20,4428,21,0.9998907373390261,8.043781640765246e-09,35675,20127,15548,0.0009936900680677697,20,0.9137509647543093,14207,0.001432139113093784,0.0014436068885975365,9.936900680677697,35674,20127,15547,0.0006955830476474388,14,0.8541197658712292,13279,0.001075628126320684,0.0010872061326648325,6.955830476474388,41159,32706,8453,0.9221855317067205,30161,0.9945581450372649,8407,0.9245871835803535,0.9246094664745507,9221.855317067204
phiusiil,iscx_url2016_binary,r01,lr,0.01,0.9096445031809712,201,5350,202,0.9095239018224538,0.00012060135851743592,35675,20127,15548,0.009986585184081085,201,0.9792899408284024,15226,0.011207082092529868,0.011218368513589174,99.86585184081085,35674,20127,15547,0.01018532319769464,205,0.9830835530970605,15284,0.011417070525742699,0.011428360729312501,101.8532319769464,41159,32706,8453,0.9334678652235064,30530,0.9970424701289483,8428,0.9356988214461072,0.935721255108061,9334.678652235065
phiusiil,iscx_url2016_binary,r01,rf,0.001,0.9755366322129241,20,1043,21,0.9755078880459314,2.874416699272242e-05,35675,20127,15548,0.0009936900680677697,20,0.8968999228196552,13945,0.001432139113093784,0.0014436068885975365,9.936900680677697,35674,20127,15547,0.0026332786803795897,53,0.8639608927767415,13432,0.003298010406128133,0.0033092792777451303,26.332786803795898,41159,32706,8453,0.9999694245704153,32705,0.9924287235301077,8389,0.9999931788299591,0.9999984316867191,9999.694245704153
phiusiil,iscx_url2016_binary,r01,rf,0.01,0.8260817269624671,201,1930,202,0.8249883311835465,0.0010933957789205362,35675,20127,15548,0.009986585184081085,201,0.9908026755852842,15405,0.011207082092529868,0.011218368513589174,99.86585184081085,35674,20127,15547,0.009539424653450588,192,0.988808130185888,15373,0.010734179096578715,0.010745457239784534,95.39424653450588,41159,32706,8453,1.0,32706,0.9986986868567372,8442,0.9999999999999998,1.0,10000.0
phiusiil,iscx_url2016_binary,r01,xgb,0.001,0.9268352389335632,20,2892,21,0.9262593984603882,0.0005758404731750488,35675,20127,15548,0.0009936900680677697,20,0.9868150244404424,15343,0.001432139113093784,0.0014436068885975365,9.936900680677697,35674,20127,15547,0.0011924280816813235,24,0.983405158551489,15289,0.0016651459302321247,0.0016765650654835347,11.924280816813235,41159,32706,8453,1.0,32706,0.9986986868567372,8442,0.9999999999999998,1.0,10000.0
phiusiil,iscx_url2016_binary,r01,xgb,0.01,0.6127820014953613,201,3093,202,0.6093948483467102,0.003387153148651123,35675,20127,15548,0.009986585184081085,201,0.9944687419603807,15462,0.011207082092529868,0.011218368513589174,99.86585184081085,35674,20127,15547,0.008794157102399761,177,0.9931819643661156,15441,0.009944588969220404,0.009955854126296034,87.94157102399761,41159,32706,8453,1.0,32706,0.999881698805158,8452,0.9999999999999998,1.0,10000.0
phiusiil,iscx_url2016_binary,r02,lr,0.001,0.9996656865134983,20,4624,21,0.9996642109408683,1.4755726299719996e-06,35674,20127,15547,0.0009936900680677697,20,0.9356145880234129,14546,0.001432139113093784,0.0014436068885975365,9.936900680677697,35674,20127,15547,0.001242112585084712,25,0.8811989451341095,13700,0.001722951750163069,0.0017343607065745006,12.42112585084712,41236,32781,8455,0.9236447942405662,30278,0.9949142519219397,8412,0.9260226005828094,0.9260448528601578,9236.447942405663
phiusiil,iscx_url2016_binary,r02,lr,0.01,0.8741734981528835,201,5394,202,0.8734435176610365,0.0007299804918470265,35674,20127,15547,0.009986585184081085,201,0.9848845436418602,15312,0.011207082092529868,0.011218368513589174,99.86585184081085,35674,20127,15547,0.013166393401897947,265,0.984691580369203,15309,0.014554935614559023,0.014566288361914068,131.66393401897946,41236,32781,8455,0.9339556450382843,30616,0.997397989355411,8433,0.9361763245719041,0.9361987136320304,9339.556450382843
phiusiil,iscx_url2016_binary,r02,rf,0.001,0.9678822844471395,20,1310,20,0.9678769360451307,5.348402008831243e-06,35674,20127,15547,0.0009440055646643812,19,0.9385090371132695,14591,0.0013733782179399046,0.001384860614589746,9.440055646643811,35674,20127,15547,0.003378546231430417,68,0.9378015051135268,14580,0.004121324812486899,0.004132568031346095,33.78546231430417,41236,32781,8455,0.9999694945242671,32780,0.9950325251330574,8413,0.9999931944362545,0.999998435274877,9999.69494524267
phiusiil,iscx_url2016_binary,r02,rf,0.01,0.7987767911510679,201,1955,202,0.7983743127926829,0.00040247835838502777,35674,20127,15547,0.009986585184081085,201,0.9941467807294012,15456,0.011207082092529868,0.011218368513589174,99.86585184081085,35674,20127,15547,0.011029959755552243,222,0.9902875152762591,15396,0.012308303135657252,0.012319610043236218,110.29959755552242,41236,32781,8455,1.0,32781,0.9985807214665878,8443,1.0,1.0,10000.0
phiusiil,iscx_url2016_binary,r02,xgb,0.001,0.9197028875350952,20,2802,21,0.9186331629753113,0.0010697245597839355,35674,20127,15547,0.0009936900680677697,20,0.9892583778220878,15380,0.001432139113093784,0.0014436068885975365,9.936900680677697,35674,20127,15547,0.0020370646395389278,41,0.9852061490962887,15317,0.002630979824828687,0.0026422862914554836,20.37064639538928,41236,32781,8455,1.0,32781,0.9986989946777055,8444,1.0,1.0,10000.0
phiusiil,iscx_url2016_binary,r02,xgb,0.01,0.6304172277450562,201,2991,202,0.6298919916152954,0.0005252361297607422,35674,20127,15547,0.009986585184081085,201,0.9949829549109153,15469,0.011207082092529868,0.011218368513589174,99.86585184081085,35674,20127,15547,0.01048343021811497,211,0.9942111018202868,15457,0.01173184314948789,0.011743139137080845,104.83430218114971,41236,32781,8455,1.0,32781,0.9998817267888823,8454,1.0,1.0,10000.0
phiusiil,iscx_url2016_binary,r03,lr,0.001,0.9998120067642827,20,6005,21,0.999809272501318,2.7342629647097993e-06,35675,20127,15548,0.0009936900680677697,20,0.8711088242860818,13544,0.001432139113093784,0.0014436068885975365,9.936900680677697,35674,20127,15547,0.0007949520544542157,16,0.9275101305718145,14420,0.0011956088525730474,0.0012071432436057557,7.949520544542157,41332,32774,8558,0.928479892597791,30430,0.9956765599439121,8521,0.9307860256126531,0.9308083477672177,9284.79892597791
phiusiil,iscx_url2016_binary,r03,lr,0.01,0.9291283825765254,201,7189,202,0.9289600324235706,0.00016835015295479927,35675,20127,15548,0.009986585184081085,201,0.9846282480061744,15309,0.011207082092529868,0.011218368513589174,99.86585184081085,35674,20127,15547,0.006757092462860834,136,0.977616260371776,15199,0.007775463045804104,0.007786699856949344,67.57092462860834,41332,32774,8558,0.9388539696100567,30770,0.9973124561813508,8535,0.9409948922220632,0.9410173477984726,9388.539696100568
phiusiil,iscx_url2016_binary,r03,rf,0.001,0.983901478334389,20,1132,21,0.9838888888888888,1.2589445500199581e-05,35675,20127,15548,0.0009936900680677697,20,0.8958708515564703,13929,0.001432139113093784,0.0014436068885975365,9.936900680677697,35674,20127,15547,0.0006458985442440503,13,0.8837074676786518,13739,0.001015108523304111,0.001026711956042345,6.458985442440503,41332,32774,8558,0.9999389760175749,32772,0.9855106333255433,8434,0.9999798055385557,0.9999891571060714,9999.389760175749
phiusiil,iscx_url2016_binary,r03,rf,0.01,0.8348334279757016,201,2304,202,0.8337504069419996,0.0010830210337019475,35675,20127,15548,0.009986585184081085,201,0.9882943143812709,15366,0.011207082092529868,0.011218368513589174,99.86585184081085,35674,20127,15547,0.00720425299349133,145,0.9924744323663729,15430,0.00825318910722516,0.008264431004991175,72.0425299349133,41332,32774,8558,1.0,32774,0.9985978032250525,8546,1.0,1.0,10000.0
phiusiil,iscx_url2016_binary,r03,xgb,0.001,0.936134934425354,20,3680,20,0.936007022857666,0.00012791156768798828,35675,20127,15548,0.0009440055646643812,19,0.9827630563416516,15280,0.0013733782179399046,0.001384860614589746,9.440055646643811,35674,20127,15547,0.0007452675510508272,15,0.9860423232778028,15330,0.0011357834600629643,0.0011473385789933191,7.452675510508272,41332,32774,8558,1.0,32774,0.9987146529562982,8547,1.0,1.0,10000.0
phiusiil,iscx_url2016_binary,r03,xgb,0.01,0.5751360058784485,201,3956,202,0.5728827714920044,0.002253234386444092,35675,20127,15548,0.009986585184081085,201,0.9942757910985336,15459,0.011207082092529868,0.011218368513589174,99.86585184081085,35674,20127,15547,0.010880906245342077,219,0.9957548080015437,15481,0.012151164203749886,0.012162468094800588,108.80906245342078,41332,32774,8558,1.0,32774,0.9998831502687544,8557,1.0,1.0,10000.0
phiusiil,iscx_url2016_binary,r04,lr,0.001,0.9993022019747216,20,4804,21,0.9992992974072922,2.9045674294625456e-06,35674,20127,15547,0.0009936900680677697,20,0.9406959542033833,14625,0.001432139113093784,0.0014436068885975365,9.936900680677697,35675,20127,15548,0.001540219605505043,31,0.9078338049909956,14115,0.002066762510131609,0.002078122140789641,15.40219605505043,41209,32745,8464,0.9409986257443884,30813,0.9959829867674859,8430,0.9431042197340984,0.943126721276187,9409.986257443885
phiusiil,iscx_url2016_binary,r04,lr,0.01,0.8652622065257374,201,5531,202,0.863168392489392,0.002093814036345343,35674,20127,15547,0.009986585184081085,201,0.9868784974593169,15343,0.011207082092529868,0.011218368513589174,99.86585184081085,35675,20127,15548,0.01083122174193869,218,0.9854000514535631,15321,0.012098771859656358,0.012110074751415678,108.3122174193869,41209,32745,8464,0.9574286150557337,31351,0.9977551984877127,8445,0.9592262666730234,0.9592489462945335,9574.286150557336
phiusiil,iscx_url2016_binary,r04,rf,0.001,0.975625,20,1138,21,0.9755954700495281,2.9529950471895994e-05,35674,20127,15547,0.0009936900680677697,20,0.8914903196758217,13860,0.001432139113093784,0.0014436068885975365,9.936900680677697,35675,20127,15548,0.0005962140408406618,12,0.9188963210702341,14287,0.0009541839177778229,0.0009658157969375191,5.962140408406618,41209,32745,8464,0.9999694609864102,32744,0.9919659735349716,8396,0.9999931869541548,0.9999984335546125,9999.694609864102
phiusiil,iscx_url2016_binary,r04,rf,0.01,0.7803998283814856,201,2185,200,0.7802945107760868,0.00010531760539878032,35674,20127,15547,0.009887216177274309,199,0.9935678909114298,15447,0.011102044636921595,0.011113329189894416,98.87216177274308,35675,20127,15548,0.01247081035425051,251,0.9908026755852842,15405,0.013824566968539752,0.013835904315361929,124.7081035425051,41209,32745,8464,1.0,32745,0.9987003780718336,8453,1.0,1.0,10000.0
phiusiil,iscx_url2016_binary,r04,xgb,0.001,0.9236022233963013,20,2950,21,0.9233957529067993,0.00020647048950195312,35674,20127,15547,0.0009936900680677697,20,0.9891297356403165,15378,0.001432139113093784,0.0014436068885975365,9.936900680677697,35675,20127,15548,0.0019376956327321509,39,0.9844996140982764,15307,0.002518849590444538,0.0025301646456213473,19.37695632732151,41209,32745,8464,1.0,32745,0.9987003780718336,8453,1.0,1.0,10000.0
phiusiil,iscx_url2016_binary,r04,xgb,0.01,0.5830830335617065,201,3143,196,0.5823501348495483,0.0007328987121582031,35674,20127,15547,0.009688478163660754,195,0.9955618447288866,15478,0.010891881087922722,0.010903161953054961,96.88478163660754,35675,20127,15548,0.010582799224921747,213,0.9944687419603807,15462,0.011836712927395146,0.011848010870993868,105.82799224921746,41209,32745,8464,1.0,32745,0.9998818525519849,8463,1.0,1.0,10000.0
phiusiil,iscx_url2016_binary,r05,lr,0.001,0.9997480304550767,20,4632,21,0.999742399537754,5.6309173226409825e-06,35674,20127,15547,0.0009936900680677697,20,0.9294397632983855,14450,0.001432139113093784,0.0014436068885975365,9.936900680677697,35674,20127,15547,0.0007949520544542157,16,0.8756673313179392,13614,0.0011956088525730474,0.0012071432436057557,7.949520544542157,41352,32889,8463,0.924777281157834,30415,0.9946827366182205,8418,0.9271346837864074,0.9271568789255735,9247.77281157834
phiusiil,iscx_url2016_binary,r05,lr,0.01,0.8763106578977081,201,5475,202,0.8751424345312048,0.0011682233665033515,35674,20127,15547,0.009986585184081085,201,0.9858493600051457,15327,0.011207082092529868,0.011218368513589174,99.86585184081085,35674,20127,15547,0.010880906245342077,219,0.9843056538238889,15303,0.012151164203749886,0.012162468094800588,108.80906245342078,41352,32889,8463,0.9365745385995318,30803,0.9970459647879003,8438,0.9387494017083541,0.9387717511231031,9365.745385995318
phiusiil,iscx_url2016_binary,r05,rf,0.001,0.9832924414856091,20,899,21,0.9832806211546399,1.1820330969247728e-05,35674,20127,15547,0.0009936900680677697,20,0.758731588087734,11796,0.001432139113093784,0.0014436068885975365,9.936900680677697,35674,20127,15547,0.0007949520544542157,16,0.8256898436997492,12837,0.0011956088525730474,0.0012071432436057557,7.949520544542157,41352,32889,8463,0.9951047462677491,32728,0.9844026940801134,8331,0.9956983330271113,0.9957203245260033,9951.047462677492
phiusiil,iscx_url2016_binary,r05,rf,0.01,0.7661270343719967,201,2280,202,0.765787938897919,0.000339095474077733,35674,20127,15547,0.009986585184081085,201,0.9949829549109153,15469,0.011207082092529868,0.011218368513589174,99.86585184081085,35674,20127,15547,0.012520494857653898,252,0.9924744323663729,15430,0.013876769085313467,0.013888107518482268,125.20494857653898,41352,32889,8463,1.0,32889,0.9985820630981921,8451,0.9999999999999998,1.0,10000.0
phiusiil,iscx_url2016_binary,r05,xgb,0.001,0.9046146273612976,20,2836,20,0.9040127992630005,0.0006018280982971191,35674,20127,15547,0.0009440055646643812,19,0.9889367723676593,15375,0.0013733782179399046,0.001384860614589746,9.440055646643811,35674,20127,15547,0.00163958861231182,33,0.9873930661864025,15351,0.00218038011546704,0.002191726775719854,16.3958861231182,41352,32889,8463,1.0,32889,0.9988183859151601,8453,0.9999999999999998,1.0,10000.0
phiusiil,iscx_url2016_binary,r05,xgb,0.01,0.5249492526054382,201,3042,202,0.5236008763313293,0.0013483762741088867,35674,20127,15547,0.009986585184081085,201,0.9953688814562295,15475,0.011207082092529868,0.011218368513589174,99.86585184081085,35674,20127,15547,0.011328066775972574,228,0.9952402392744581,15473,0.012622413306918089,0.012633726328367173,113.28066775972574,41352,32889,8463,1.0,32889,0.999881838591516,8462,0.9999999999999998,1.0,10000.0
phiusiil,iscx_url2016_binary,r06,lr,0.001,0.9996301312805722,20,6265,21,0.9996296577160853,4.7356448695801134e-07,35674,20127,15547,0.0009936900680677697,20,0.8811346240432237,13699,0.001432139113093784,0.0014436068885975365,9.936900680677697,35674,20127,15547,0.0008943210612609927,18,0.9332990287515276,14510,0.0013143827299275795,0.0013258809847501352,8.943210612609928,41919,33363,8556,0.9293229026166712,31005,0.9952080411407199,8515,0.9315961609529051,0.9316181032598454,9293.229026166711
phiusiil,iscx_url2016_binary,r06,lr,0.01,0.9001919652903448,201,7376,202,0.9000290010679239,0.0001629642224209027,35674,20127,15547,0.009986585184081085,201,0.9841126905512317,15300,0.011207082092529868,0.011218368513589174,99.86585184081085,35674,20127,15547,0.00884384160580315,178,0.9805107094616324,15244,0.009997286905981229,0.010008552893891473,88.4384160580315,41919,33363,8556,0.9395438060126488,31346,0.9973118279569892,8533,0.941654590382319,0.9416766615187413,9395.438060126487
phiusiil,iscx_url2016_binary,r06,rf,0.001,0.9855833333333333,20,930,21,0.9855786749482403,4.6583850930037585e-06,35674,20127,15547,0.0009936900680677697,20,0.8677558371389978,13491,0.001432139113093784,0.0014436068885975365,9.936900680677697,35674,20127,15547,0.0003477915238237194,7,0.8574001415064,13330,0.0006413073642902192,0.0006531577334168676,3.477915238237194,41919,33363,8556,0.9999700266762581,33362,0.9867928938756428,8443,0.9999933131562413,0.9999984625706634,9999.700266762582
phiusiil,iscx_url2016_binary,r06,rf,0.01,0.7858070807710178,201,2428,202,0.7851793406465698,0.0006277401244479952,35674,20127,15547,0.009986585184081085,201,0.9908020840033447,15404,0.011207082092529868,0.011218368513589174,99.86585184081085,35674,20127,15547,0.01018532319769464,205,0.9927317167299158,15434,0.011417070525742699,0.011428360729312501,101.8532319769464,41919,33363,8556,1.0,33363,0.9985974754558204,8544,1.0,1.0,10000.0
phiusiil,iscx_url2016_binary,r06,xgb,0.001,0.9205304384231567,20,3513,20,0.9175208806991577,0.0030095577239990234,35674,20127,15547,0.0009440055646643812,19,0.9843699749147745,15304,0.0013733782179399046,0.001384860614589746,9.440055646643811,35674,20127,15547,0.0007452675510508272,15,0.9879076349134881,15359,0.0011357834600629643,0.0011473385789933191,7.452675510508272,41919,33363,8556,1.0,33363,0.9987143525011688,8545,1.0,1.0,10000.0
phiusiil,iscx_url2016_binary,r06,xgb,0.01,0.5110791325569153,201,3789,202,0.509382963180542,0.001696169376373291,35674,20127,15547,0.009986585184081085,201,0.9954975236380009,15477,0.011207082092529868,0.011218368513589174,99.86585184081085,35674,20127,15547,0.011029959755552243,222,0.9955618447288866,15478,0.012308303135657252,0.012319610043236218,110.29959755552242,41919,33363,8556,1.0,33363,1.0,8556,1.0,1.0,10000.0
phiusiil,iscx_url2016_binary,r07,lr,0.001,0.9996728318445892,20,4618,21,0.9996569942473003,1.583759728895906e-05,35675,20127,15548,0.0009936900680677697,20,0.9339464882943144,14521,0.001432139113093784,0.0014436068885975365,9.936900680677697,35674,20127,15547,0.001043374571471158,21,0.8855727793143372,13768,0.0014906822272049613,0.001502136477159864,10.43374571471158,41233,32773,8460,0.9284777103103165,30429,0.9949172576832152,8417,0.9307839111154202,0.9308062339164359,9284.777103103164
phiusiil,iscx_url2016_binary,r07,lr,0.01,0.8970766168470069,201,5395,202,0.8968156194270229,0.0002609974199839771,35675,20127,15548,0.009986585184081085,201,0.9815410342166195,15261,0.011207082092529868,0.011218368513589174,99.86585184081085,35674,20127,15547,0.011179013265762408,225,0.984691580369203,15309,0.012465385801438114,0.01247669575278768,111.79013265762408,41233,32773,8460,0.939767491532664,30799,0.9971631205673759,8436,0.9418931026336456,0.9419155701323744,9397.674915326641
phiusiil,iscx_url2016_binary,r07,rf,0.001,0.9819117647058824,20,969,18,0.9819049255215421,6.839184340301507e-06,35675,20127,15548,0.0008446365578576042,17,0.8621687676871623,13405,0.001255133554005273,0.0012666490726384563,8.446365578576042,35674,20127,15547,0.0022854871565558704,46,0.8788833858622243,13664,0.0029100161578034483,0.002921304415332428,22.854871565558703,41233,32773,8460,0.9998169224666646,32767,0.9893617021276596,8370,0.9999053252143496,0.9999202663805824,9998.169224666646
phiusiil,iscx_url2016_binary,r07,rf,0.01,0.7909647576379867,201,2128,202,0.7906787540820936,0.00028600355589303295,35675,20127,15548,0.009986585184081085,201,0.992667867249807,15434,0.011207082092529868,0.011218368513589174,99.86585184081085,35674,20127,15547,0.013216077905301337,266,0.9914452949122017,15414,0.014607067808672825,0.014618421671151656,132.16077905301336,41233,32773,8460,1.0,32773,0.9985815602836879,8448,1.0,1.0,10000.0
phiusiil,iscx_url2016_binary,r07,xgb,0.001,0.9224066734313965,20,3005,21,0.9205554723739624,0.001851201057434082,35675,20127,15548,0.0009936900680677697,20,0.9888731669668125,15375,0.001432139113093784,0.0014436068885975365,9.936900680677697,35674,20127,15547,0.0011924280816813235,24,0.985141828005403,15316,0.0016651459302321247,0.0016765650654835347,11.924280816813235,41233,32773,8460,1.0,32773,0.9984633569739952,8447,1.0,1.0,10000.0
phiusiil,iscx_url2016_binary,r07,xgb,0.01,0.5790005922317505,201,3219,202,0.5784713625907898,0.0005292296409606934,35675,20127,15548,0.009986585184081085,201,0.9956907640854129,15481,0.011207082092529868,0.011218368513589174,99.86585184081085,35674,20127,15547,0.011973965320216624,241,0.9944683861838297,15461,0.013302253833459964,0.01331358044242652,119.73965320216624,41233,32773,8460,1.0,32773,0.9998817966903073,8459,1.0,1.0,10000.0
phiusiil,iscx_url2016_binary,r08,lr,0.001,0.999832465710409,20,5861,21,0.999832438027728,2.7682680925344982e-08,35675,20127,15548,0.0009936900680677697,20,0.8706586056084383,13537,0.001432139113093784,0.0014436068885975365,9.936900680677697,35674,20127,15547,0.0008446365578576042,17,0.9226217276645012,14344,0.001255133554005273,0.0012666490726384563,8.446365578576042,41850,33231,8619,0.9374078420751708,31151,0.9952430676412577,8578,0.9395580798823232,0.9395802116859173,9374.078420751708
phiusiil,iscx_url2016_binary,r08,lr,0.01,0.9424757440058688,201,7022,202,0.9422736186331889,0.00020212537267982889,35675,20127,15548,0.009986585184081085,201,0.9828273732956008,15281,0.011207082092529868,0.011218368513589174,99.86585184081085,35674,20127,15547,0.007999205047945546,161,0.9767157650993761,15185,0.009100180434201608,0.009111433083973925,79.99205047945546,41850,33231,8619,0.946917035298366,31467,0.9974474997099432,8597,0.9489038651837618,0.9489261093959993,9469.17035298366
phiusiil,iscx_url2016_binary,r08,rf,0.001,0.9862004494003662,20,876,21,0.9861366774251391,6.377197522711153e-05,35675,20127,15548,0.0009936900680677697,20,0.876575765371752,13629,0.001432139113093784,0.0014436068885975365,9.936900680677697,35674,20127,15547,0.00019873801361355392,4,0.8424133273300315,13097,0.00044260248013843,0.0004547298254352576,1.9873801361355392,41850,33231,8619,0.9984351960518792,33179,0.9849170437405732,8489,0.9987535577431996,0.998774030916997,9984.351960518792
phiusiil,iscx_url2016_binary,r08,rf,0.01,0.7931427402040021,201,2258,202,0.7927401933988514,0.0004025468051507275,35675,20127,15548,0.009986585184081085,201,0.9904167738615899,15399,0.011207082092529868,0.011218368513589174,99.86585184081085,35674,20127,15547,0.01048343021811497,211,0.993310606547887,15443,0.01173184314948789,0.011743139137080845,104.83430218114971,41850,33231,8619,1.0,33231,0.9988397725954287,8609,0.9999999999999998,1.0,10000.0
phiusiil,iscx_url2016_binary,r08,xgb,0.001,0.9620738625526428,20,3911,19,0.960793673992157,0.0012801885604858398,35675,20127,15548,0.0008943210612609927,18,0.9815410342166195,15261,0.0013143827299275795,0.0013258809847501352,8.943210612609928,35674,20127,15547,0.0005465295374372733,11,0.9861066443686884,15331,0.0008928053615254173,0.0009044693279802573,5.465295374372733,41850,33231,8619,1.0,33231,0.998259658893143,8604,0.9999999999999998,1.0,10000.0
phiusiil,iscx_url2016_binary,r08,xgb,0.01,0.5804983973503113,201,4208,202,0.5799542665481567,0.000544130802154541,35675,20127,15548,0.009986585184081085,201,0.9940828402366864,15456,0.011207082092529868,0.011218368513589174,99.86585184081085,35674,20127,15547,0.008893526109206538,179,0.9964623400012864,15492,0.010049976173990494,0.010061242998025549,88.93526109206539,41850,33231,8619,1.0,33231,0.9998839772595429,8618,0.9999999999999998,1.0,10000.0
phiusiil,iscx_url2016_binary,r09,lr,0.001,0.9998268692019678,20,5963,21,0.9998262398618879,6.29340079938423e-07,35674,20128,15546,0.0009936406995230524,20,0.8717998198893606,13553,0.0014320679799464107,0.00144353518342094,9.936406995230524,35675,20127,15548,0.0007949520544542157,16,0.9184461023925907,14280,0.0011956088525730474,0.0012071432436057557,7.949520544542157,41501,32938,8563,0.9318416418726091,30693,0.9952119584257854,8522,0.9340904239084528,0.9341126799315601,9318.41641872609
phiusiil,iscx_url2016_binary,r09,lr,0.01,0.9350858608384969,201,7136,202,0.9341807501966893,0.0009051106418075383,35674,20128,15546,0.009986089030206678,201,0.9813456837771775,15256,0.011206525665050978,0.011217811509023125,99.86089030206678,35675,20127,15548,0.006160878422020172,124,0.9739516336506303,15143,0.007136846488905257,0.0071480778561343,61.60878422020172,41501,32938,8563,0.9469305968789847,31190,0.9973140254583674,8540,0.9489258380821629,0.9489482783050937,9469.305968789848
phiusiil,iscx_url2016_binary,r09,rf,0.001,0.9864523809523809,20,810,21,0.9864441716009752,8.20935140566359e-06,35674,20128,15546,0.0009936406995230524,20,0.8285089412067412,12880,0.0014320679799464107,0.00144353518342094,9.936406995230524,35675,20127,15548,0.0002981070204203309,6,0.8431952662721893,13110,0.0005763765808803915,0.0005882981527551164,2.981070204203309,41501,32938,8563,0.9997874795069525,32931,0.9821324302230526,8410,0.9998847646437778,0.99990025347356,9997.874795069525
phiusiil,iscx_url2016_binary,r09,rf,0.01,0.8374079540298223,201,2334,202,0.837351286376398,5.666765342426938e-05,35674,20128,15546,0.009986089030206678,201,0.9879068570693426,15358,0.011206525665050978,0.011217811509023125,99.86089030206678,35675,20127,15548,0.007999205047945546,161,0.9912528942629277,15412,0.009100180434201608,0.009111433083973925,79.99205047945546,41501,32938,8563,1.0,32938,0.9987154034800888,8552,0.9999999999999998,1.0,10000.0
phiusiil,iscx_url2016_binary,r09,xgb,0.001,0.9200214147567749,20,3750,21,0.9189687967300415,0.0010526180267333984,35674,20128,15546,0.0009936406995230524,20,0.9838543676830053,15295,0.0014320679799464107,0.00144353518342094,9.936406995230524,35675,20127,15548,0.0008446365578576042,17,0.9879727296115256,15361,0.001255133554005273,0.0012666490726384563,8.446365578576042,41501,32938,8563,1.0,32938,0.9988321849818989,8553,0.9999999999999998,1.0,10000.0
phiusiil,iscx_url2016_binary,r09,xgb,0.01,0.6047258377075195,201,3994,202,0.6010698080062866,0.00365602970123291,35674,20128,15546,0.009986089030206678,201,0.9932458510227711,15441,0.011206525665050978,0.011217811509023125,99.86089030206678,35675,20127,15548,0.0094897401500472,191,0.9940828402366864,15456,0.010681596346113958,0.01069287359067758,94.897401500472,41501,32938,8563,1.0,32938,1.0,8563,0.9999999999999998,1.0,10000.0
iscx_url2016_binary,phiusiil,r00,lr,0.001,0.9999986074041951,5,130,6,0.9999984030767546,2.0432744052278906e-07,6798,5303,1495,0.0009428625306430323,5,0.1197324414715719,179,0.0019356587371852768,0.0019814389889635502,9.428625306430323,6879,5388,1491,0.0,0,0.3950368879946345,589,0.0005018904171793875,0.0005558462533632138,0.0,234382,134739,99643,0.05624948975426566,7579,0.16346356492678862,16288,0.057290876837172655,0.057292727102042335,562.4948975426565
iscx_url2016_binary,phiusiil,r00,lr,0.01,0.9999528191393294,53,241,54,0.9999522228411408,5.96298188604294e-07,6798,5303,1495,0.009994342824816142,53,0.1625418060200669,243,0.012504283516602712,0.012548120729920856,99.94342824816142,6879,5388,1491,0.0,0,0.4346076458752515,648,0.0005018904171793875,0.0005558462533632138,0.0,234382,134739,99643,0.7764715486978528,104621,0.4775649067169796,47586,0.7783328383123204,0.778337705408181,7764.715486978528
iscx_url2016_binary,phiusiil,r00,rf,0.001,0.6994381997733801,5,267,6,0.6991670189830387,0.0002711807903413854,6798,5303,1495,0.0009428625306430323,5,0.9953177257525083,1488,0.0019356587371852768,0.0019814389889635502,9.428625306430323,6879,5388,1491,0.0,0,0.9973172367538564,1487,0.0005018904171793875,0.0005558462533632138,0.0,234382,134739,99643,1.0,134739,0.971297532189918,96783,0.9999999999999998,1.0,10000.0
iscx_url2016_binary,phiusiil,r00,rf,0.01,0.6250658413718605,53,316,54,0.6245263322263629,0.0005395091454976075,6798,5303,1495,0.009994342824816142,53,0.9966555183946488,1490,0.012504283516602712,0.012548120729920856,99.94342824816142,6879,5388,1491,0.0001855976243504083,1,0.9979879275653923,1488,0.0008314928913130059,0.000880144152653755,1.855976243504083,234382,134739,99643,1.0,134739,0.9788344389470409,97534,0.9999999999999998,1.0,10000.0
iscx_url2016_binary,phiusiil,r00,xgb,0.001,0.8989022374153137,5,356,6,0.8949545621871948,0.0039476752281188965,6798,5303,1495,0.0009428625306430323,5,0.9966555183946488,1490,0.0019356587371852768,0.0019814389889635502,9.428625306430323,6879,5388,1491,0.0,0,0.9986586183769283,1489,0.0005018904171793875,0.0005558462533632138,0.0,234382,134739,99643,1.0,134739,0.9840731411137762,98056,0.9999999999999998,1.0,10000.0
iscx_url2016_binary,phiusiil,r00,xgb,0.01,0.8357203006744385,53,399,54,0.8356402516365051,8.004903793334961e-05,6798,5303,1495,0.009994342824816142,53,0.9966555183946488,1490,0.012504283516602712,0.012548120729920856,99.94342824816142,6879,5388,1491,0.0,0,0.9986586183769283,1489,0.0005018904171793875,0.0005558462533632138,0.0,234382,134739,99643,1.0,134739,0.9860702708669952,98255,0.9999999999999998,1.0,10000.0
iscx_url2016_binary,phiusiil,r01,lr,0.001,0.6628052863389015,5,931,6,0.6575379099385931,0.005267376400308388,6879,5388,1491,0.0009279881217520415,5,0.9570757880617036,1427,0.0019051422661812134,0.001950196203570416,9.279881217520416,6798,5303,1495,0.28191589666226663,1495,0.9846153846153847,1472,0.29218793336853377,0.29226031215362597,2819.1589666226664,233296,134740,98556,0.9999554697936767,134734,0.9620012987540079,94811,0.999976972643682,0.9999806068139377,9999.554697936766
iscx_url2016_binary,phiusiil,r01,lr,0.01,0.6108290373528636,53,978,54,0.6104386962793819,0.0003903410734817925,6879,5388,1491,0.00983667409057164,53,0.9651240778001341,1439,0.012307292341334828,0.012350415552132126,98.36674090571641,6798,5303,1495,0.2836130492174241,1504,0.9859531772575251,1474,0.2939026969106957,0.29397525542317743,2836.1304921742408,233296,134740,98556,0.9999703131957844,134736,0.9658772677462559,95193,0.9999866721640606,0.9999898595318395,9999.703131957844
iscx_url2016_binary,phiusiil,r01,rf,0.001,0.5118522664259408,5,544,6,0.5086382528892642,0.0032140135366766076,6879,5388,1491,0.0009279881217520415,5,0.9966465459423206,1486,0.0019051422661812134,0.001950196203570416,9.279881217520416,6798,5303,1495,0.158589477654158,841,0.9986622073578595,1493,0.1670143256052074,0.16707355192045378,1585.89477654158,233296,134740,98556,1.0,134740,0.9864746945898778,97223,1.0,1.0,10000.0
iscx_url2016_binary,phiusiil,r01,rf,0.01,0.36814710376916465,53,582,54,0.3659081528550271,0.0022389509141375608,6879,5388,1491,0.00983667409057164,53,1.0,1491,0.012307292341334828,0.012350415552132126,98.36674090571641,6798,5303,1495,0.2804073166132378,1487,0.9986622073578595,1493,0.290663549370043,0.2907357683674526,2804.073166132378,233296,134740,98556,1.0,134740,0.9933540322253338,97901,1.0,1.0,10000.0
iscx_url2016_binary,phiusiil,r01,xgb,0.001,0.0884474441409111,5,480,6,0.08303340524435043,0.005414038896560669,6879,5388,1491,0.0009279881217520415,5,0.9986586183769283,1489,0.0019051422661812134,0.001950196203570416,9.279881217520416,6798,5303,1495,0.3064303224589855,1625,0.9993311036789297,1494,0.3169398780592504,0.31701484941365193,3064.303224589855,233296,134740,98556,1.0,134740,0.9931409553959171,97880,1.0,1.0,10000.0
iscx_url2016_binary,phiusiil,r01,xgb,0.01,0.03031863272190094,53,520,54,0.030004926025867462,0.0003137066960334778,6879,5388,1491,0.00983667409057164,53,1.0,1491,0.012307292341334828,0.012350415552132126,98.36674090571641,6798,5303,1495,0.350744861399208,1860,0.9993311036789297,1494,0.3615972761770468,0.3616769146871331,3507.44861399208,233296,134740,98556,1.0,134740,0.9951499655018466,98078,1.0,1.0,10000.0
iscx_url2016_binary,phiusiil,r02,lr,0.001,0.6654031332055522,5,952,6,0.6605457533743337,0.004857379831218478,6879,5388,1491,0.0009279881217520415,5,0.9751844399731724,1454,0.0019051422661812134,0.001950196203570416,9.279881217520416,6798,5303,1495,0.28078446162549503,1489,0.979933110367893,1465,0.2910446586222501,0.2911169175692261,2807.8446162549503,233305,134739,98566,0.9999628912193204,134734,0.9623095184952215,94851,0.9999819362199861,0.9999853779202125,9999.628912193204
iscx_url2016_binary,phiusiil,r02,lr,0.01,0.615133403718725,53,995,53,0.6148856640063091,0.00024773971241598414,6879,5388,1491,0.009651076466221232,52,0.9785378940308518,1459,0.012101174486277443,0.012144290277718961,96.51076466221231,6798,5303,1495,0.2824816141806525,1498,0.9819397993311036,1468,0.292759540990106,0.29283197968830116,2824.8161418065247,233305,134739,98566,0.9999777347315922,134736,0.9660126209849238,95216,0.9999911016870779,0.9999939312668586,9999.777347315923
iscx_url2016_binary,phiusiil,r02,rf,0.001,0.3718928571428572,5,299,6,0.3715833333333333,0.0003095238095238706,6879,5388,1491,0.0009279881217520415,5,0.9979879275653923,1488,0.0019051422661812134,0.001950196203570416,9.279881217520416,6798,5303,1495,0.24985857062040354,1325,0.9966555183946488,1490,0.2597632545570989,0.2598322318267778,2498.5857062040354,233305,134739,98566,1.0,134739,0.990635716169876,97643,0.9999999999999998,1.0,10000.0
iscx_url2016_binary,phiusiil,r02,rf,0.01,0.2985749299719888,53,321,51,0.2970892857142858,0.0014856442577030338,6879,5388,1491,0.009279881217520415,50,1.0,1491,0.011688325321353134,0.011731427467781759,92.79881217520415,6798,5303,1495,0.2741844239109938,1454,0.9973244147157191,1491,0.28437396028125617,0.28444551985665556,2741.844239109938,233305,134739,98566,1.0,134739,0.9923705943225859,97814,0.9999999999999998,1.0,10000.0
iscx_url2016_binary,phiusiil,r02,xgb,0.001,0.12400452047586441,5,475,6,0.12269721180200577,0.0013073086738586426,6879,5388,1491,0.0009279881217520415,5,0.9993293091884641,1490,0.0019051422661812134,0.001950196203570416,9.279881217520416,6798,5303,1495,0.29587026211578354,1569,0.9986622073578595,1493,0.30628188953212765,0.30635574501053703,2958.7026211578354,233305,134739,98566,1.0,134739,0.9922184120284885,97799,0.9999999999999998,1.0,10000.0
iscx_url2016_binary,phiusiil,r02,xgb,0.01,0.03449174389243126,53,519,54,0.0338987298309803,0.0005930140614509583,6879,5388,1491,0.00983667409057164,53,1.0,1491,0.012307292341334828,0.012350415552132126,98.36674090571641,6798,5303,1495,0.34621912125212145,1836,0.9986622073578595,1493,0.3570413628855946,0.35712052591954346,3462.1912125212143,233305,134739,98566,1.0,134739,0.9948055110281436,98054,0.9999999999999998,1.0,10000.0
iscx_url2016_binary,phiusiil,r03,lr,0.001,0.9999989688077409,5,121,6,0.9999985889004984,3.799072424426342e-07,6798,5303,1495,0.0009428625306430323,5,0.11237458193979934,168,0.0019356587371852768,0.0019814389889635502,9.428625306430323,6879,5388,1491,0.0,0,0.3903420523138833,582,0.0005018904171793875,0.0005558462533632138,0.0,234331,134744,99587,0.06310485067980763,8503,0.16807414622390474,16738,0.06420320297916753,0.06420508205573712,631.0485067980763
iscx_url2016_binary,phiusiil,r03,lr,0.01,0.9999580939980798,53,233,54,0.9999575863390064,5.076590733343878e-07,6798,5303,1495,0.009994342824816142,53,0.1565217391304348,234,0.012504283516602712,0.012548120729920856,99.94342824816142,6879,5388,1491,0.0,0,0.42991281019450034,641,0.0005018904171793875,0.0005558462533632138,0.0,234331,134744,99587,0.8424790714243305,113519,0.5058190326046572,50373,0.8441045728458918,0.8441097090853296,8424.790714243305
iscx_url2016_binary,phiusiil,r03,rf,0.001,0.5922716538680154,5,95,6,0.5786262046458821,0.013645449222133288,6798,5303,1495,0.0009428625306430323,5,0.9966555183946488,1490,0.0019356587371852768,0.0019814389889635502,9.428625306430323,6879,5388,1491,0.0,0,0.9986586183769283,1489,0.0005018904171793875,0.0005558462533632138,0.0,234331,134744,99587,1.0,134744,0.9831905770833542,97913,1.0,1.0,10000.0
iscx_url2016_binary,phiusiil,r03,rf,0.01,0.4925983864118445,53,142,54,0.49200001955504535,0.0005983668567991485,6798,5303,1495,0.009994342824816142,53,0.9973244147157191,1491,0.012504283516602712,0.012548120729920856,99.94342824816142,6879,5388,1491,0.0005567928730512249,3,0.9993293091884641,1490,0.0013923746395521134,0.0014384255243774981,5.567928730512249,234331,134744,99587,1.0,134744,0.9886732204002531,98459,1.0,1.0,10000.0
iscx_url2016_binary,phiusiil,r03,xgb,0.001,0.6079967617988586,5,450,6,0.6017810106277466,0.0062157511711120605,6798,5303,1495,0.0009428625306430323,5,0.9979933110367893,1492,0.0019356587371852768,0.0019814389889635502,9.428625306430323,6879,5388,1491,0.0,0,0.9993293091884641,1490,0.0005018904171793875,0.0005558462533632138,0.0,234331,134744,99587,1.0,134744,0.9858816913854218,98181,1.0,1.0,10000.0
iscx_url2016_binary,phiusiil,r03,xgb,0.01,0.5102406740188599,53,491,54,0.5097141861915588,0.0005264878273010254,6798,5303,1495,0.009994342824816142,53,0.9979933110367893,1492,0.012504283516602712,0.012548120729920856,99.94342824816142,6879,5388,1491,0.0,0,0.9993293091884641,1490,0.0005018904171793875,0.0005558462533632138,0.0,234331,134744,99587,1.0,134744,0.9872674144215611,98319,1.0,1.0,10000.0
iscx_url2016_binary,phiusiil,r04,lr,0.001,0.6579296489532488,5,962,6,0.6532903762922442,0.004639272661004612,6879,5388,1491,0.0009279881217520415,5,0.9832327297116029,1466,0.0019051422661812134,0.001950196203570416,9.279881217520416,6798,5303,1495,0.28191589666226663,1495,0.9832775919732442,1470,0.29218793336853377,0.29226031215362597,2819.1589666226664,233299,134739,98560,0.9999628912193204,134734,0.9626217532467533,94876,0.9999819362199861,0.9999853779202125,9999.628912193204
iscx_url2016_binary,phiusiil,r04,lr,0.01,0.6082627802737893,53,1002,53,0.6081244342697509,0.00013834600403839215,6879,5388,1491,0.009651076466221232,52,0.9845741113346748,1468,0.012101174486277443,0.012144290277718961,96.51076466221231,6798,5303,1495,0.2834244767112955,1503,0.9852842809364548,1473,0.29371217640790065,0.2937847149524387,2834.244767112955,233299,134739,98560,0.9999777347315922,134736,0.9660308441558442,95212,0.9999911016870779,0.9999939312668586,9999.777347315923
iscx_url2016_binary,phiusiil,r04,rf,0.001,0.40263095238095237,5,314,6,0.39725473484848495,0.00537621753246742,6879,5388,1491,0.0009279881217520415,5,0.9973172367538564,1487,0.0019051422661812134,0.001950196203570416,9.279881217520416,6798,5303,1495,0.19064680369602113,1011,0.9953177257525083,1488,0.19967627922847936,0.19973894123188193,1906.4680369602113,233299,134739,98560,1.0,134739,0.9901785714285715,97592,0.9999999999999998,1.0,10000.0
iscx_url2016_binary,phiusiil,r04,rf,0.01,0.3223928571428571,53,337,50,0.32087566137566137,0.0015171957671957226,6879,5388,1491,0.009094283593170008,49,0.9973172367538564,1487,0.011481582022696852,0.011524677983511969,90.94283593170007,6798,5303,1495,0.27003582877616444,1432,0.9973244147157191,1491,0.2801795368960891,0.28025065659122983,2700.3582877616445,233299,134739,98560,1.0,134739,0.992086038961039,97780,0.9999999999999998,1.0,10000.0
iscx_url2016_binary,phiusiil,r04,xgb,0.001,0.2434871643781662,5,459,5,0.22640082240104675,0.017086341977119446,6879,5388,1491,0.0007423904974016332,4,0.9973172367538564,1487,0.0016525908019827933,0.0016980590445022546,7.423904974016332,6798,5303,1495,0.27889873656420894,1479,0.9993311036789297,1494,0.28913902372041034,0.2892110829019286,2788.9873656420896,233299,134739,98560,1.0,134739,0.9902800324675325,97602,0.9999999999999998,1.0,10000.0
iscx_url2016_binary,phiusiil,r04,xgb,0.01,0.03630194067955017,53,498,54,0.035439953207969666,0.0008619874715805054,6879,5388,1491,0.00983667409057164,53,0.9973172367538564,1487,0.012307292341334828,0.012350415552132126,98.36674090571641,6798,5303,1495,0.3273618706392608,1736,0.9993311036789297,1494,0.3380467217847785,0.3381239007837293,3273.618706392608,233299,134739,98560,1.0,134739,0.9942268668831169,97991,0.9999999999999998,1.0,10000.0
iscx_url2016_binary,phiusiil,r05,lr,0.001,0.9999989763583577,5,123,6,0.999998817694295,1.5866406266606958e-07,6798,5303,1495,0.0009428625306430323,5,0.1177257525083612,176,0.0019356587371852768,0.0019814389889635502,9.428625306430323,6879,5388,1491,0.0,0,0.38832997987927564,579,0.0005018904171793875,0.0005558462533632138,0.0,234478,134740,99738,0.06019741724803325,8111,0.16720808518317992,16677,0.06127209988038972,0.061273966760219234,601.9741724803325
iscx_url2016_binary,phiusiil,r05,lr,0.01,0.9999528307893714,53,227,54,0.9999523567138093,4.740755620291637e-07,6798,5303,1495,0.009994342824816142,53,0.15585284280936454,233,0.012504283516602712,0.012548120729920856,99.94342824816142,6879,5388,1491,0.0,0,0.4305835010060362,642,0.0005018904171793875,0.0005558462533632138,0.0,234478,134740,99738,0.8215451981594182,110695,0.5060959714451864,50477,0.8232545057414828,0.8232595571764193,8215.451981594182
iscx_url2016_binary,phiusiil,r05,rf,0.001,0.5553333333333333,5,180,6,0.5536666666666666,0.0016666666666667052,6798,5303,1495,0.0009428625306430323,5,0.9986622073578595,1493,0.0019356587371852768,0.0019814389889635502,9.428625306430323,6879,5388,1491,0.0,0,0.9912810194500336,1478,0.0005018904171793875,0.0005558462533632138,0.0,234478,134740,99738,1.0,134740,0.9855020152800337,98292,1.0,1.0,10000.0
iscx_url2016_binary,phiusiil,r05,rf,0.01,0.47833333333333333,53,226,54,0.4781666666666666,0.00016666666666675933,6798,5303,1495,0.009994342824816142,53,0.9986622073578595,1493,0.012504283516602712,0.012548120729920856,99.94342824816142,6879,5388,1491,0.0001855976243504083,1,0.9926224010731053,1480,0.0008314928913130059,0.000880144152653755,1.855976243504083,234478,134740,99738,1.0,134740,0.9890412881750186,98645,1.0,1.0,10000.0
iscx_url2016_binary,phiusiil,r05,xgb,0.001,0.6228969693183899,5,473,6,0.6172925233840942,0.005604445934295654,6798,5303,1495,0.0009428625306430323,5,0.9986622073578595,1493,0.0019356587371852768,0.0019814389889635502,9.428625306430323,6879,5388,1491,0.0,0,0.9912810194500336,1478,0.0005018904171793875,0.0005558462533632138,0.0,234478,134740,99738,1.0,134740,0.9844893621287774,98191,1.0,1.0,10000.0
iscx_url2016_binary,phiusiil,r05,xgb,0.01,0.5225416421890259,53,518,54,0.522498369216919,4.3272972106933594e-05,6798,5303,1495,0.009994342824816142,53,0.9986622073578595,1493,0.012504283516602712,0.012548120729920856,99.94342824816142,6879,5388,1491,0.0,0,0.9926224010731053,1480,0.0005018904171793875,0.0005558462533632138,0.0,234478,134740,99738,1.0,134740,0.9858028033447633,98322,1.0,1.0,10000.0
iscx_url2016_binary,phiusiil,r06,lr,0.001,0.6644691399652358,5,951,6,0.6602338807834135,0.004235259181822326,6879,5388,1491,0.0009279881217520415,5,0.9758551307847082,1455,0.0019051422661812134,0.001950196203570416,9.279881217520416,6798,5303,1495,0.2824816141806525,1498,0.9939799331103679,1486,0.292759540990106,0.29283197968830116,2824.8161418065247,233448,134739,98709,0.9999406259509125,134731,0.9591931840055111,94681,0.9999665443454929,0.9999704549730399,9999.406259509125
iscx_url2016_binary,phiusiil,r06,lr,0.01,0.6142239571943209,53,993,54,0.6139401411921672,0.00028381600215365843,6879,5388,1491,0.00983667409057164,53,0.9798792756539235,1461,0.012307292341334828,0.012350415552132126,98.36674090571641,6798,5303,1495,0.2839901942296813,1506,0.9959866220735786,1489,0.2942837313460984,0.29435632979314164,2839.901942296813,233448,134739,98709,0.9999554694631844,134733,0.9632961533396144,95086,0.9999769724727773,0.999980606670005,9999.554694631845
iscx_url2016_binary,phiusiil,r06,rf,0.001,0.49291666666666667,5,300,6,0.4684999999999999,0.024416666666666753,6879,5388,1491,0.0009279881217520415,5,0.9973172367538564,1487,0.0019051422661812134,0.001950196203570416,9.279881217520416,6798,5303,1495,0.03696021120120686,196,0.9973244147157191,1491,0.04146321509595886,0.04150942843024063,369.60211201206863,233448,134739,98709,1.0,134739,0.9882280237870914,97547,0.9999999999999998,1.0,10000.0
iscx_url2016_binary,phiusiil,r06,rf,0.01,0.3274166666666667,53,321,41,0.3225416666666666,0.004875000000000074,6879,5388,1491,0.007423904974016332,40,0.9979879275653923,1488,0.009610052440123617,0.009653116415544515,74.23904974016332,6798,5303,1495,0.27361870639260794,1451,0.9979933110367893,1492,0.28380205820416676,0.28387355780838613,2736.187063926079,233448,134739,98709,1.0,134739,0.9919865463128995,97918,0.9999999999999998,1.0,10000.0
iscx_url2016_binary,phiusiil,r06,xgb,0.001,0.2535422146320343,5,460,6,0.2369024008512497,0.016639813780784607,6879,5388,1491,0.0009279881217520415,5,0.9979879275653923,1488,0.0019051422661812134,0.001950196203570416,9.279881217520416,6798,5303,1495,0.24684141052234584,1309,0.9979933110367893,1492,0.2567079727431466,0.25677662922409106,2468.4141052234586,233448,134739,98709,1.0,134739,0.9908924211571387,97810,0.9999999999999998,1.0,10000.0
iscx_url2016_binary,phiusiil,r06,xgb,0.01,0.06561528891324997,53,501,54,0.06462640315294266,0.000988885760307312,6879,5388,1491,0.00983667409057164,53,0.9986586183769283,1489,0.012307292341334828,0.012350415552132126,98.36674090571641,6798,5303,1495,0.3034131623609278,1609,0.9986622073578595,1493,0.31389540202725186,0.31397005470331213,3034.131623609278,233448,134739,98709,1.0,134739,0.9941950582013798,98136,0.9999999999999998,1.0,10000.0
iscx_url2016_binary,phiusiil,r07,lr,0.001,0.6705621814925132,5,884,6,0.6666707729897254,0.0038914085027877965,6879,5388,1491,0.0009279881217520415,5,0.9725016767270288,1450,0.0019051422661812134,0.001950196203570416,9.279881217520416,6798,5303,1495,0.2811616066377522,1491,0.9806020066889632,1466,0.29142575903218576,0.2914980579269641,2811.6160663775217,233297,134739,98558,0.9999332041947766,134730,0.9601960267050874,94635,0.9999611382191232,0.9999651527388338,9999.332041947766
iscx_url2016_binary,phiusiil,r07,lr,0.01,0.6232896279352387,53,929,53,0.6232818465387483,7.781396490380565e-06,6879,5388,1491,0.009651076466221232,52,0.9798792756539235,1461,0.012101174486277443,0.012144290277718961,96.51076466221231,6798,5303,1495,0.28285875919290965,1500,0.9832775919732442,1470,0.2931406017432908,0.2932130803813484,2828.5875919290966,233297,134739,98558,0.9999406259509125,134731,0.9636965035816474,94980,0.9999665443454929,0.9999704549730399,9999.406259509125
iscx_url2016_binary,phiusiil,r07,rf,0.001,0.403010686963748,5,114,6,0.395,0.00801068696374796,6879,5388,1491,0.0009279881217520415,5,0.9986586183769283,1489,0.0019051422661812134,0.001950196203570416,9.279881217520416,6798,5303,1495,0.14897227984159908,790,0.9979933110367893,1492,0.15719372039741447,0.15725191397135116,1489.7227984159908,233297,134739,98558,1.0,134739,0.9896000324681913,97533,0.9999999999999998,1.0,10000.0
iscx_url2016_binary,phiusiil,r07,rf,0.01,0.31103172964029613,53,139,51,0.30946694305493033,0.001564786585365796,6879,5388,1491,0.009279881217520415,50,0.9993293091884641,1490,0.011688325321353134,0.011731427467781759,92.79881217520415,6798,5303,1495,0.2711672638129361,1438,0.9993311036789297,1494,0.2813235799036046,0.28139481958711315,2711.672638129361,233297,134739,98558,1.0,134739,0.9921264636051867,97782,0.9999999999999998,1.0,10000.0
iscx_url2016_binary,phiusiil,r07,xgb,0.001,0.15224608778953552,5,521,6,0.14774666726589203,0.004499420523643494,6879,5388,1491,0.0009279881217520415,5,1.0,1491,0.0019051422661812134,0.001950196203570416,9.279881217520416,6798,5303,1495,0.2838016217235527,1505,0.9979933110367893,1492,0.2940932152229891,0.29416579370297347,2838.016217235527,233297,134739,98558,1.0,134739,0.9916495870451917,97735,0.9999999999999998,1.0,10000.0
iscx_url2016_binary,phiusiil,r07,xgb,0.01,0.030525032430887222,53,561,53,0.02999383583664894,0.0005311965942382812,6879,5388,1491,0.009651076466221232,52,1.0,1491,0.012101174486277443,0.012144290277718961,96.51076466221231,6798,5303,1495,0.34433339619083536,1826,0.9993311036789297,1494,0.35514274952419644,0.3552217143635016,3443.3339619083536,233297,134739,98558,1.0,134739,0.994084701394103,97975,0.9999999999999998,1.0,10000.0
iscx_url2016_binary,phiusiil,r08,lr,0.001,0.9999991878693192,5,71,6,0.9999990479289218,1.3994039738118857e-07,6798,5303,1495,0.0009428625306430323,5,0.12240802675585284,183,0.0019356587371852768,0.0019814389889635502,9.428625306430323,6879,5388,1491,0.0,0,0.3702213279678068,552,0.0005018904171793875,0.0005558462533632138,0.0,234378,134739,99639,0.04927303898648498,6639,0.15847208422404882,15790,0.050251991057943576,0.05025381197074248,492.7303898648498
iscx_url2016_binary,phiusiil,r08,lr,0.01,0.9999645053061833,53,200,54,0.9999641839151934,3.213909899324463e-07,6798,5303,1495,0.009994342824816142,53,0.1765886287625418,264,0.012504283516602712,0.012548120729920856,99.94342824816142,6879,5388,1491,0.0,0,0.40643863179074446,606,0.0005018904171793875,0.0005558462533632138,0.0,234378,134739,99639,0.6951810537409362,93668,0.4526340087716657,45100,0.6972398863506828,0.697244417855327,6951.810537409362
iscx_url2016_binary,phiusiil,r08,rf,0.001,0.5858333333333333,5,137,6,0.5824999999999999,0.0033333333333334103,6798,5303,1495,0.0009428625306430323,5,0.9973244147157191,1491,0.0019356587371852768,0.0019814389889635502,9.428625306430323,6879,5388,1491,0.0,0,0.9986586183769283,1489,0.0005018904171793875,0.0005558462533632138,0.0,234378,134739,99639,1.0,134739,0.9841728640391815,98062,0.9999999999999998,1.0,10000.0
iscx_url2016_binary,phiusiil,r08,rf,0.01,0.5104166666666667,53,183,54,0.5099166666666666,0.000500000000000167,6798,5303,1495,0.009994342824816142,53,0.9979933110367893,1492,0.012504283516602712,0.012548120729920856,99.94342824816142,6879,5388,1491,0.0001855976243504083,1,0.9986586183769283,1489,0.0008314928913130059,0.000880144152653755,1.855976243504083,234378,134739,99639,1.0,134739,0.9873844578929937,98382,0.9999999999999998,1.0,10000.0
iscx_url2016_binary,phiusiil,r08,xgb,0.001,0.6701511740684509,5,411,6,0.661057710647583,0.00909346342086792,6798,5303,1495,0.0009428625306430323,5,0.9993311036789297,1494,0.0019356587371852768,0.0019814389889635502,9.428625306430323,6879,5388,1491,0.0,0,0.9973172367538564,1487,0.0005018904171793875,0.0005558462533632138,0.0,234378,134739,99639,1.0,134739,0.9848954726562892,98134,0.9999999999999998,1.0,10000.0
iscx_url2016_binary,phiusiil,r08,xgb,0.01,0.541021466255188,53,455,54,0.5396761298179626,0.0013453364372253418,6798,5303,1495,0.009994342824816142,53,0.9993311036789297,1494,0.012504283516602712,0.012548120729920856,99.94342824816142,6879,5388,1491,0.0,0,0.9993293091884641,1490,0.0005018904171793875,0.0005558462533632138,0.0,234378,134739,99639,1.0,134739,0.9869227912765082,98336,0.9999999999999998,1.0,10000.0
iscx_url2016_binary,phiusiil,r09,lr,0.001,0.9999977239517109,5,92,6,0.9999974084066541,3.1554505686148815e-07,6798,5303,1495,0.0009428625306430323,5,0.1391304347826087,208,0.0019356587371852768,0.0019814389889635502,9.428625306430323,6879,5388,1491,0.0,0,0.3755868544600939,560,0.0005018904171793875,0.0005558462533632138,0.0,234325,134740,99585,0.0899064865667211,12114,0.1905005773961942,18971,0.09119652640701852,0.09119851863491774,899.0648656672109
iscx_url2016_binary,phiusiil,r09,lr,0.01,0.9999313001136478,53,195,54,0.9999275650071027,3.735106545166289e-06,6798,5303,1495,0.009994342824816142,53,0.17591973244147158,263,0.012504283516602712,0.012548120729920856,99.94342824816142,6879,5388,1491,0.0,0,0.43259557344064387,645,0.0005018904171793875,0.0005558462533632138,0.0,234325,134740,99585,0.9329300875760724,125703,0.5279811216548677,52579,0.9340423184661076,0.9340478099337196,9329.300875760724
iscx_url2016_binary,phiusiil,r09,rf,0.001,0.5094227129182544,5,167,6,0.5081011904761905,0.0013215224420638494,6798,5303,1495,0.0009428625306430323,5,0.9959866220735786,1489,0.0019356587371852768,0.0019814389889635502,9.428625306430323,6879,5388,1491,0.0001855976243504083,1,0.9973172367538564,1487,0.0008314928913130059,0.000880144152653755,1.855976243504083,234325,134740,99585,1.0,134740,0.9872169503439273,98312,1.0,1.0,10000.0
iscx_url2016_binary,phiusiil,r09,rf,0.01,0.4485714285714286,53,218,54,0.44823809523809516,0.00033333333333346316,6798,5303,1495,0.009994342824816142,53,0.9979933110367893,1492,0.012504283516602712,0.012548120729920856,99.94342824816142,6879,5388,1491,0.0005567928730512249,3,0.9973172367538564,1487,0.0013923746395521134,0.0014384255243774981,5.567928730512249,234325,134740,99585,1.0,134740,0.9889441180900738,98484,1.0,1.0,10000.0
iscx_url2016_binary,phiusiil,r09,xgb,0.001,0.7256720662117004,5,435,6,0.7246218919754028,0.0010501742362976074,6798,5303,1495,0.0009428625306430323,5,0.9959866220735786,1489,0.0019356587371852768,0.0019814389889635502,9.428625306430323,6879,5388,1491,0.0,0,0.9973172367538564,1487,0.0005018904171793875,0.0005558462533632138,0.0,234325,134740,99585,1.0,134740,0.9834714063362956,97939,1.0,1.0,10000.0
iscx_url2016_binary,phiusiil,r09,xgb,0.01,0.6543342471122742,53,474,54,0.6537508368492126,0.0005834102630615234,6798,5303,1495,0.009994342824816142,53,0.9959866220735786,1489,0.012504283516602712,0.012548120729920856,99.94342824816142,6879,5388,1491,0.0,0,0.9979879275653923,1488,0.0005018904171793875,0.0005558462533632138,0.0,234325,134740,99585,1.0,134740,0.9841843651152282,98010,1.0,1.0,10000.0
