dataset,model,repetition,comparison,metric,delta
iscx_url2016_binary,lr,r00,f_single_minus_f_all,macro_f1,0.005257924148704962
iscx_url2016_binary,lr,r00,f_single_minus_f_all,recall,0.01609657947686116
iscx_url2016_binary,lr,r00,f_single_minus_f_all,fpr,2.4936649967166602e-17
iscx_url2016_binary,lr,r00,f_single_minus_f_all,roc_auc,0.0005084951679886762
iscx_url2016_binary,lr,r00,f_single_minus_f_all,pr_auc,0.0015829774159259458
iscx_url2016_binary,lr,r00,f_single_minus_f_all,balanced_accuracy,0.008048289738430414
iscx_url2016_binary,lr,r00,f_stable_minus_f_all,macro_f1,0.0038022152902732476
iscx_url2016_binary,lr,r00,f_stable_minus_f_all,recall,0.021462105969148215
iscx_url2016_binary,lr,r00,f_stable_minus_f_all,fpr,0.00278396436525615
iscx_url2016_binary,lr,r00,f_stable_minus_f_all,roc_auc,0.0007942980824814372
iscx_url2016_binary,lr,r00,f_stable_minus_f_all,pr_auc,0.002288716032118998
iscx_url2016_binary,lr,r00,f_stable_minus_f_all,balanced_accuracy,0.009339070801945848
iscx_url2016_binary,lr,r00,f_stable_minus_f_single,macro_f1,-0.0014557088584317146
iscx_url2016_binary,lr,r00,f_stable_minus_f_single,recall,0.005365526492287054
iscx_url2016_binary,lr,r00,f_stable_minus_f_single,fpr,0.0027839643652561247
iscx_url2016_binary,lr,r00,f_stable_minus_f_single,roc_auc,0.00028580291449276096
iscx_url2016_binary,lr,r00,f_stable_minus_f_single,pr_auc,0.0007057386161930523
iscx_url2016_binary,lr,r00,f_stable_minus_f_single,balanced_accuracy,0.0012907810635154338
iscx_url2016_binary,lr,r01,f_single_minus_f_all,macro_f1,-0.0017645843777136516
iscx_url2016_binary,lr,r01,f_single_minus_f_all,recall,-0.010702341137123872
iscx_url2016_binary,lr,r01,f_single_minus_f_all,fpr,-0.001885725061286092
iscx_url2016_binary,lr,r01,f_single_minus_f_all,roc_auc,-0.009858494939130269
iscx_url2016_binary,lr,r01,f_single_minus_f_all,pr_auc,-0.01323399018432908
iscx_url2016_binary,lr,r01,f_single_minus_f_all,balanced_accuracy,-0.004408308037918918
iscx_url2016_binary,lr,r01,f_stable_minus_f_all,macro_f1,-0.0035743902484330903
iscx_url2016_binary,lr,r01,f_stable_minus_f_all,recall,-0.01404682274247504
iscx_url2016_binary,lr,r01,f_stable_minus_f_all,fpr,-0.0007542900245144368
iscx_url2016_binary,lr,r01,f_stable_minus_f_all,roc_auc,-0.017684695417562013
iscx_url2016_binary,lr,r01,f_stable_minus_f_all,pr_auc,-0.029756559596369414
iscx_url2016_binary,lr,r01,f_stable_minus_f_all,balanced_accuracy,-0.006646266358980357
iscx_url2016_binary,lr,r01,f_stable_minus_f_single,macro_f1,-0.0018098058707194387
iscx_url2016_binary,lr,r01,f_stable_minus_f_single,recall,-0.0033444816053511683
iscx_url2016_binary,lr,r01,f_stable_minus_f_single,fpr,0.0011314350367716552
iscx_url2016_binary,lr,r01,f_stable_minus_f_single,roc_auc,-0.007826200478431744
iscx_url2016_binary,lr,r01,f_stable_minus_f_single,pr_auc,-0.016522569412040333
iscx_url2016_binary,lr,r01,f_stable_minus_f_single,balanced_accuracy,-0.0022379583210614395
iscx_url2016_binary,lr,r02,f_single_minus_f_all,macro_f1,0.00017838780554357836
iscx_url2016_binary,lr,r02,f_single_minus_f_all,recall,-0.0026755852842809125
iscx_url2016_binary,lr,r02,f_single_minus_f_all,fpr,-0.0013200075429002367
iscx_url2016_binary,lr,r02,f_single_minus_f_all,roc_auc,-0.011032816030807302
iscx_url2016_binary,lr,r02,f_single_minus_f_all,pr_auc,-0.02237504194520812
iscx_url2016_binary,lr,r02,f_single_minus_f_all,balanced_accuracy,-0.0006777888706903656
iscx_url2016_binary,lr,r02,f_stable_minus_f_all,macro_f1,-0.0021228249070911476
iscx_url2016_binary,lr,r02,f_stable_minus_f_all,recall,-0.005351170568561936
iscx_url2016_binary,lr,r02,f_stable_minus_f_all,fpr,0.0007542900245144368
iscx_url2016_binary,lr,r02,f_stable_minus_f_all,roc_auc,-0.020460936795415163
iscx_url2016_binary,lr,r02,f_stable_minus_f_all,pr_auc,-0.04174850140226494
iscx_url2016_binary,lr,r02,f_stable_minus_f_all,balanced_accuracy,-0.0030527302965381864
iscx_url2016_binary,lr,r02,f_stable_minus_f_single,macro_f1,-0.002301212712634726
iscx_url2016_binary,lr,r02,f_stable_minus_f_single,recall,-0.0026755852842810235
iscx_url2016_binary,lr,r02,f_stable_minus_f_single,fpr,0.0020742975674146735
iscx_url2016_binary,lr,r02,f_stable_minus_f_single,roc_auc,-0.009428120764607861
iscx_url2016_binary,lr,r02,f_stable_minus_f_single,pr_auc,-0.01937345945705682
iscx_url2016_binary,lr,r02,f_stable_minus_f_single,balanced_accuracy,-0.0023749414258478208
iscx_url2016_binary,lr,r03,f_single_minus_f_all,macro_f1,-0.15111338423778642
iscx_url2016_binary,lr,r03,f_single_minus_f_all,recall,0.023474178403755985
iscx_url2016_binary,lr,r03,f_single_minus_f_all,fpr,0.16406829992576097
iscx_url2016_binary,lr,r03,f_single_minus_f_all,roc_auc,0.00010232142670407729
iscx_url2016_binary,lr,r03,f_single_minus_f_all,pr_auc,0.00047309722332766757
iscx_url2016_binary,lr,r03,f_single_minus_f_all,balanced_accuracy,-0.07029706076100273
iscx_url2016_binary,lr,r03,f_stable_minus_f_all,macro_f1,-0.15178272303743634
iscx_url2016_binary,lr,r03,f_stable_minus_f_all,recall,0.022803487592220173
iscx_url2016_binary,lr,r03,f_stable_minus_f_all,fpr,0.16462509279881218
iscx_url2016_binary,lr,r03,f_stable_minus_f_all,roc_auc,-8.265380453975624e-05
iscx_url2016_binary,lr,r03,f_stable_minus_f_all,pr_auc,2.4973475853173888e-05
iscx_url2016_binary,lr,r03,f_stable_minus_f_all,balanced_accuracy,-0.07091080260329619
iscx_url2016_binary,lr,r03,f_stable_minus_f_single,macro_f1,-0.0006693387996499212
iscx_url2016_binary,lr,r03,f_stable_minus_f_single,recall,-0.0006706908115358123
iscx_url2016_binary,lr,r03,f_stable_minus_f_single,fpr,0.000556792873051215
iscx_url2016_binary,lr,r03,f_stable_minus_f_single,roc_auc,-0.00018497523124383353
iscx_url2016_binary,lr,r03,f_stable_minus_f_single,pr_auc,-0.0004481237474744937
iscx_url2016_binary,lr,r03,f_stable_minus_f_single,balanced_accuracy,-0.0006137418422934582
iscx_url2016_binary,lr,r04,f_single_minus_f_all,macro_f1,-0.003222373419805691
iscx_url2016_binary,lr,r04,f_single_minus_f_all,recall,-0.010033444816053505
iscx_url2016_binary,lr,r04,f_single_minus_f_all,fpr,0.0003771450122572184
iscx_url2016_binary,lr,r04,f_single_minus_f_all,roc_auc,-0.015452602395186088
iscx_url2016_binary,lr,r04,f_single_minus_f_all,pr_auc,-0.026134886732721574
iscx_url2016_binary,lr,r04,f_single_minus_f_all,balanced_accuracy,-0.005205294914155334
iscx_url2016_binary,lr,r04,f_stable_minus_f_all,macro_f1,-0.004721950654242857
iscx_url2016_binary,lr,r04,f_stable_minus_f_all,recall,-0.016053511705685586
iscx_url2016_binary,lr,r04,f_stable_minus_f_all,fpr,5.551115123125783e-17
iscx_url2016_binary,lr,r04,f_stable_minus_f_all,roc_auc,-0.012504816797710872
iscx_url2016_binary,lr,r04,f_stable_minus_f_all,pr_auc,-0.02207448734111661
iscx_url2016_binary,lr,r04,f_stable_minus_f_all,balanced_accuracy,-0.008026755852842737
iscx_url2016_binary,lr,r04,f_stable_minus_f_single,macro_f1,-0.001499577234437166
iscx_url2016_binary,lr,r04,f_stable_minus_f_single,recall,-0.006020066889632081
iscx_url2016_binary,lr,r04,f_stable_minus_f_single,fpr,-0.0003771450122571629
iscx_url2016_binary,lr,r04,f_stable_minus_f_single,roc_auc,0.0029477855974752165
iscx_url2016_binary,lr,r04,f_stable_minus_f_single,pr_auc,0.004060399391604963
iscx_url2016_binary,lr,r04,f_stable_minus_f_single,balanced_accuracy,-0.0028214609386874034
iscx_url2016_binary,lr,r05,f_single_minus_f_all,macro_f1,0.002423095703138256
iscx_url2016_binary,lr,r05,f_single_minus_f_all,recall,0.008048289738430636
iscx_url2016_binary,lr,r05,f_single_minus_f_all,fpr,0.0001855976243504249
iscx_url2016_binary,lr,r05,f_single_minus_f_all,roc_auc,-0.00023202815009326638
iscx_url2016_binary,lr,r05,f_single_minus_f_all,pr_auc,-0.00010291854319799398
iscx_url2016_binary,lr,r05,f_single_minus_f_all,balanced_accuracy,0.003931346057040153
iscx_url2016_binary,lr,r05,f_stable_minus_f_all,macro_f1,0.002417726259451247
iscx_url2016_binary,lr,r05,f_stable_minus_f_all,recall,0.007377598926894713
iscx_url2016_binary,lr,r05,f_stable_minus_f_all,fpr,1.6588293239028218e-17
iscx_url2016_binary,lr,r05,f_stable_minus_f_all,roc_auc,-0.0004372933966081405
iscx_url2016_binary,lr,r05,f_stable_minus_f_all,pr_auc,-0.0004307007202274393
iscx_url2016_binary,lr,r05,f_stable_minus_f_all,balanced_accuracy,0.0036887994634473564
iscx_url2016_binary,lr,r05,f_stable_minus_f_single,macro_f1,-5.369443687008868e-06
iscx_url2016_binary,lr,r05,f_stable_minus_f_single,recall,-0.0006706908115359234
iscx_url2016_binary,lr,r05,f_stable_minus_f_single,fpr,-0.0001855976243504083
iscx_url2016_binary,lr,r05,f_stable_minus_f_single,roc_auc,-0.0002052652465148741
iscx_url2016_binary,lr,r05,f_stable_minus_f_single,pr_auc,-0.00032778217702944534
iscx_url2016_binary,lr,r05,f_stable_minus_f_single,balanced_accuracy,-0.00024254659359279618
iscx_url2016_binary,lr,r06,f_single_minus_f_all,macro_f1,-0.0020698346349234953
iscx_url2016_binary,lr,r06,f_single_minus_f_all,recall,-0.008026755852842737
iscx_url2016_binary,lr,r06,f_single_minus_f_all,fpr,-0.0003771450122572184
iscx_url2016_binary,lr,r06,f_single_minus_f_all,roc_auc,-0.002228939635985472
iscx_url2016_binary,lr,r06,f_single_minus_f_all,pr_auc,-0.0026147720260176754
iscx_url2016_binary,lr,r06,f_single_minus_f_all,balanced_accuracy,-0.0038248054202928428
iscx_url2016_binary,lr,r06,f_stable_minus_f_all,macro_f1,-0.0029119798426353594
iscx_url2016_binary,lr,r06,f_stable_minus_f_all,recall,-0.011371237458193906
iscx_url2016_binary,lr,r06,f_stable_minus_f_all,fpr,-0.0005657175183857999
iscx_url2016_binary,lr,r06,f_stable_minus_f_all,roc_auc,-0.009764397889249099
iscx_url2016_binary,lr,r06,f_stable_minus_f_all,pr_auc,-0.02099231790398992
iscx_url2016_binary,lr,r06,f_stable_minus_f_all,balanced_accuracy,-0.005402759969904136
iscx_url2016_binary,lr,r06,f_stable_minus_f_single,macro_f1,-0.0008421452077118641
iscx_url2016_binary,lr,r06,f_stable_minus_f_single,recall,-0.0033444816053511683
iscx_url2016_binary,lr,r06,f_stable_minus_f_single,fpr,-0.00018857250612858145
iscx_url2016_binary,lr,r06,f_stable_minus_f_single,roc_auc,-0.007535458253263627
iscx_url2016_binary,lr,r06,f_stable_minus_f_single,pr_auc,-0.018377545877972246
iscx_url2016_binary,lr,r06,f_stable_minus_f_single,balanced_accuracy,-0.0015779545496112934
iscx_url2016_binary,lr,r07,f_single_minus_f_all,macro_f1,-0.001396747961265321
iscx_url2016_binary,lr,r07,f_single_minus_f_all,recall,0.0013377926421404007
iscx_url2016_binary,lr,r07,f_single_minus_f_all,fpr,0.002451442579671892
iscx_url2016_binary,lr,r07,f_single_minus_f_all,roc_auc,-0.015232748296067689
iscx_url2016_binary,lr,r07,f_single_minus_f_all,pr_auc,-0.03774374145874837
iscx_url2016_binary,lr,r07,f_single_minus_f_all,balanced_accuracy,-0.0005568249687657456
iscx_url2016_binary,lr,r07,f_stable_minus_f_all,macro_f1,-0.0027512436734866696
iscx_url2016_binary,lr,r07,f_stable_minus_f_all,recall,-0.004682274247491791
iscx_url2016_binary,lr,r07,f_stable_minus_f_all,fpr,0.001885725061286092
iscx_url2016_binary,lr,r07,f_stable_minus_f_all,roc_auc,-0.019773750833282477
iscx_url2016_binary,lr,r07,f_stable_minus_f_all,pr_auc,-0.04777349315298807
iscx_url2016_binary,lr,r07,f_stable_minus_f_all,balanced_accuracy,-0.0032839996543889693
iscx_url2016_binary,lr,r07,f_stable_minus_f_single,macro_f1,-0.0013544957122213486
iscx_url2016_binary,lr,r07,f_stable_minus_f_single,recall,-0.006020066889632192
iscx_url2016_binary,lr,r07,f_stable_minus_f_single,fpr,-0.0005657175183857999
iscx_url2016_binary,lr,r07,f_stable_minus_f_single,roc_auc,-0.004541002537214789
iscx_url2016_binary,lr,r07,f_stable_minus_f_single,pr_auc,-0.010029751694239697
iscx_url2016_binary,lr,r07,f_stable_minus_f_single,balanced_accuracy,-0.0027271746856232237
iscx_url2016_binary,lr,r08,f_single_minus_f_all,macro_f1,-0.04871145664270293
iscx_url2016_binary,lr,r08,f_single_minus_f_all,recall,0.008718980549966449
iscx_url2016_binary,lr,r08,f_single_minus_f_all,fpr,0.047512991833704554
iscx_url2016_binary,lr,r08,f_single_minus_f_all,roc_auc,-0.0015071871466363351
iscx_url2016_binary,lr,r08,f_single_minus_f_all,pr_auc,-0.0030847480593592103
iscx_url2016_binary,lr,r08,f_single_minus_f_all,balanced_accuracy,-0.01939700564186908
iscx_url2016_binary,lr,r08,f_stable_minus_f_all,macro_f1,-0.14884470334330668
iscx_url2016_binary,lr,r08,f_stable_minus_f_all,recall,0.02682763246143527
iscx_url2016_binary,lr,r08,f_stable_minus_f_all,fpr,0.16276911655530812
iscx_url2016_binary,lr,r08,f_stable_minus_f_all,roc_auc,-0.00011078597295244297
iscx_url2016_binary,lr,r08,f_stable_minus_f_all,pr_auc,0.00016877187675112815
iscx_url2016_binary,lr,r08,f_stable_minus_f_all,balanced_accuracy,-0.06797074204693654
iscx_url2016_binary,lr,r08,f_stable_minus_f_single,macro_f1,-0.10013324670060375
iscx_url2016_binary,lr,r08,f_stable_minus_f_single,recall,0.01810865191146882
iscx_url2016_binary,lr,r08,f_stable_minus_f_single,fpr,0.11525612472160356
iscx_url2016_binary,lr,r08,f_stable_minus_f_single,roc_auc,0.0013964011736838922
iscx_url2016_binary,lr,r08,f_stable_minus_f_single,pr_auc,0.0032535199361103384
iscx_url2016_binary,lr,r08,f_stable_minus_f_single,balanced_accuracy,-0.04857373640506746
iscx_url2016_binary,lr,r09,f_single_minus_f_all,macro_f1,-0.10873305977312075
iscx_url2016_binary,lr,r09,f_single_minus_f_all,recall,0.005365526492287054
iscx_url2016_binary,lr,r09,f_single_minus_f_all,fpr,0.11210096510764665
iscx_url2016_binary,lr,r09,f_single_minus_f_all,roc_auc,1.2572340750915956e-05
iscx_url2016_binary,lr,r09,f_single_minus_f_all,pr_auc,0.0005567806087544147
iscx_url2016_binary,lr,r09,f_single_minus_f_all,balanced_accuracy,-0.053367719307679695
iscx_url2016_binary,lr,r09,f_stable_minus_f_all,macro_f1,-0.13489297131253242
iscx_url2016_binary,lr,r09,f_stable_minus_f_all,recall,0.004024144869215207
iscx_url2016_binary,lr,r09,f_stable_minus_f_all,fpr,0.14198218262806236
iscx_url2016_binary,lr,r09,f_stable_minus_f_all,roc_auc,-0.00046081985603296793
iscx_url2016_binary,lr,r09,f_stable_minus_f_all,pr_auc,-0.0003962978204536949
iscx_url2016_binary,lr,r09,f_stable_minus_f_all,balanced_accuracy,-0.06897901887942348
iscx_url2016_binary,lr,r09,f_stable_minus_f_single,macro_f1,-0.026159911539411662
iscx_url2016_binary,lr,r09,f_stable_minus_f_single,recall,-0.0013413816230718467
iscx_url2016_binary,lr,r09,f_stable_minus_f_single,fpr,0.029881217520415726
iscx_url2016_binary,lr,r09,f_stable_minus_f_single,roc_auc,-0.0004733921967838839
iscx_url2016_binary,lr,r09,f_stable_minus_f_single,pr_auc,-0.0009530784292081096
iscx_url2016_binary,lr,r09,f_stable_minus_f_single,balanced_accuracy,-0.015611299571743786
iscx_url2016_binary,rf,r00,f_single_minus_f_all,macro_f1,0.0008592077614274496
iscx_url2016_binary,rf,r00,f_single_minus_f_all,recall,0.0026827632461435824
iscx_url2016_binary,rf,r00,f_single_minus_f_all,fpr,0.0
iscx_url2016_binary,rf,r00,f_single_minus_f_all,roc_auc,-6.323513961781213e-05
iscx_url2016_binary,rf,r00,f_single_minus_f_all,pr_auc,-0.00018756526329133383
iscx_url2016_binary,rf,r00,f_single_minus_f_all,balanced_accuracy,0.0013413816230717357
iscx_url2016_binary,rf,r00,f_stable_minus_f_all,macro_f1,0.0012881846292051025
iscx_url2016_binary,rf,r00,f_stable_minus_f_all,recall,0.004024144869215318
iscx_url2016_binary,rf,r00,f_stable_minus_f_all,fpr,0.0
iscx_url2016_binary,rf,r00,f_stable_minus_f_all,roc_auc,-5.3525807156784566e-05
iscx_url2016_binary,rf,r00,f_stable_minus_f_all,pr_auc,-0.00015468540904994832
iscx_url2016_binary,rf,r00,f_stable_minus_f_all,balanced_accuracy,0.002012072434607548
iscx_url2016_binary,rf,r00,f_stable_minus_f_single,macro_f1,0.00042897686777765287
iscx_url2016_binary,rf,r00,f_stable_minus_f_single,recall,0.0013413816230717357
iscx_url2016_binary,rf,r00,f_stable_minus_f_single,fpr,0.0
iscx_url2016_binary,rf,r00,f_stable_minus_f_single,roc_auc,9.709332461027564e-06
iscx_url2016_binary,rf,r00,f_stable_minus_f_single,pr_auc,3.287985424138551e-05
iscx_url2016_binary,rf,r00,f_stable_minus_f_single,balanced_accuracy,0.0006706908115358123
iscx_url2016_binary,rf,r01,f_single_minus_f_all,macro_f1,0.031369753123859145
iscx_url2016_binary,rf,r01,f_single_minus_f_all,recall,-0.0033444816053512794
iscx_url2016_binary,rf,r01,f_single_minus_f_all,fpr,-0.03262304356024888
iscx_url2016_binary,rf,r01,f_single_minus_f_all,roc_auc,-0.00104692428151687
iscx_url2016_binary,rf,r01,f_single_minus_f_all,pr_auc,-0.0016927638007717682
iscx_url2016_binary,rf,r01,f_single_minus_f_all,balanced_accuracy,0.01463928097744871
iscx_url2016_binary,rf,r01,f_stable_minus_f_all,macro_f1,0.07129746135368875
iscx_url2016_binary,rf,r01,f_stable_minus_f_all,recall,-0.0033444816053512794
iscx_url2016_binary,rf,r01,f_stable_minus_f_all,fpr,-0.06977182726758435
iscx_url2016_binary,rf,r01,f_stable_minus_f_all,roc_auc,-0.000769300143731444
iscx_url2016_binary,rf,r01,f_stable_minus_f_all,pr_auc,-0.0012096869609961036
iscx_url2016_binary,rf,r01,f_stable_minus_f_all,balanced_accuracy,0.033213672831116425
iscx_url2016_binary,rf,r01,f_stable_minus_f_single,macro_f1,0.039927708229829606
iscx_url2016_binary,rf,r01,f_stable_minus_f_single,recall,0.0
iscx_url2016_binary,rf,r01,f_stable_minus_f_single,fpr,-0.03714878370733547
iscx_url2016_binary,rf,r01,f_stable_minus_f_single,roc_auc,0.00027762413778542605
iscx_url2016_binary,rf,r01,f_stable_minus_f_single,pr_auc,0.0004830768397756646
iscx_url2016_binary,rf,r01,f_stable_minus_f_single,balanced_accuracy,0.018574391853667716
iscx_url2016_binary,rf,r02,f_single_minus_f_all,macro_f1,0.07948875749056183
iscx_url2016_binary,rf,r02,f_single_minus_f_all,recall,-0.0026755852842809125
iscx_url2016_binary,rf,r02,f_single_minus_f_all,fpr,-0.08957194041108803
iscx_url2016_binary,rf,r02,f_single_minus_f_all,roc_auc,-0.000703331300450305
iscx_url2016_binary,rf,r02,f_single_minus_f_all,pr_auc,-0.0011115052210499687
iscx_url2016_binary,rf,r02,f_single_minus_f_all,balanced_accuracy,0.04344817756340358
iscx_url2016_binary,rf,r02,f_stable_minus_f_all,macro_f1,-0.012145478642729968
iscx_url2016_binary,rf,r02,f_stable_minus_f_all,recall,-0.0020066889632106566
iscx_url2016_binary,rf,r02,f_stable_minus_f_all,fpr,0.013954365453516915
iscx_url2016_binary,rf,r02,f_stable_minus_f_all,roc_auc,-0.0005394813436201407
iscx_url2016_binary,rf,r02,f_stable_minus_f_all,pr_auc,-0.000827687981277192
iscx_url2016_binary,rf,r02,f_stable_minus_f_all,balanced_accuracy,-0.00798052720836373
iscx_url2016_binary,rf,r02,f_stable_minus_f_single,macro_f1,-0.0916342361332918
iscx_url2016_binary,rf,r02,f_stable_minus_f_single,recall,0.0006688963210702559
iscx_url2016_binary,rf,r02,f_stable_minus_f_single,fpr,0.10352630586460494
iscx_url2016_binary,rf,r02,f_stable_minus_f_single,roc_auc,0.00016384995683016434
iscx_url2016_binary,rf,r02,f_stable_minus_f_single,pr_auc,0.00028381723977277673
iscx_url2016_binary,rf,r02,f_stable_minus_f_single,balanced_accuracy,-0.05142870477176731
iscx_url2016_binary,rf,r03,f_single_minus_f_all,macro_f1,-0.0006433089553161686
iscx_url2016_binary,rf,r03,f_single_minus_f_all,recall,-0.00201207243460777
iscx_url2016_binary,rf,r03,f_single_minus_f_all,fpr,0.0
iscx_url2016_binary,rf,r03,f_single_minus_f_all,roc_auc,-8.178245419054875e-05
iscx_url2016_binary,rf,r03,f_single_minus_f_all,pr_auc,-0.00021469314596389566
iscx_url2016_binary,rf,r03,f_single_minus_f_all,balanced_accuracy,-0.001006036217303663
iscx_url2016_binary,rf,r03,f_stable_minus_f_all,macro_f1,-0.0017175805924072307
iscx_url2016_binary,rf,r03,f_stable_minus_f_all,recall,-0.005365526492287165
iscx_url2016_binary,rf,r03,f_stable_minus_f_all,fpr,0.0
iscx_url2016_binary,rf,r03,f_stable_minus_f_all,roc_auc,-1.4190562827698372e-05
iscx_url2016_binary,rf,r03,f_stable_minus_f_all,pr_auc,-4.908617462717757e-05
iscx_url2016_binary,rf,r03,f_stable_minus_f_all,balanced_accuracy,-0.0026827632461433604
iscx_url2016_binary,rf,r03,f_stable_minus_f_single,macro_f1,-0.001074271637091062
iscx_url2016_binary,rf,r03,f_stable_minus_f_single,recall,-0.0033534540576793948
iscx_url2016_binary,rf,r03,f_stable_minus_f_single,fpr,0.0
iscx_url2016_binary,rf,r03,f_stable_minus_f_single,roc_auc,6.759189136285038e-05
iscx_url2016_binary,rf,r03,f_stable_minus_f_single,pr_auc,0.0001656069713367181
iscx_url2016_binary,rf,r03,f_stable_minus_f_single,balanced_accuracy,-0.0016767270288396974
iscx_url2016_binary,rf,r04,f_single_minus_f_all,macro_f1,-0.07375122104410303
iscx_url2016_binary,rf,r04,f_single_minus_f_all,recall,-0.0013377926421405117
iscx_url2016_binary,rf,r04,f_single_minus_f_all,fpr,0.08976051291721676
iscx_url2016_binary,rf,r04,f_single_minus_f_all,roc_auc,-0.0010388516123579494
iscx_url2016_binary,rf,r04,f_single_minus_f_all,pr_auc,-0.001629952281549607
iscx_url2016_binary,rf,r04,f_single_minus_f_all,balanced_accuracy,-0.04554915277967864
iscx_url2016_binary,rf,r04,f_stable_minus_f_all,macro_f1,-0.1188934141570428
iscx_url2016_binary,rf,r04,f_stable_minus_f_all,recall,-0.0006688963210702559
iscx_url2016_binary,rf,r04,f_stable_minus_f_all,fpr,0.1501037148783708
iscx_url2016_binary,rf,r04,f_stable_minus_f_all,roc_auc,-0.0011880067886103074
iscx_url2016_binary,rf,r04,f_stable_minus_f_all,pr_auc,-0.00187118800986108
iscx_url2016_binary,rf,r04,f_stable_minus_f_all,balanced_accuracy,-0.07538630559972048
iscx_url2016_binary,rf,r04,f_stable_minus_f_single,macro_f1,-0.045142193112939766
iscx_url2016_binary,rf,r04,f_stable_minus_f_single,recall,0.0006688963210702559
iscx_url2016_binary,rf,r04,f_stable_minus_f_single,fpr,0.06034320196115403
iscx_url2016_binary,rf,r04,f_stable_minus_f_single,roc_auc,-0.00014915517625235797
iscx_url2016_binary,rf,r04,f_stable_minus_f_single,pr_auc,-0.000241235728311473
iscx_url2016_binary,rf,r04,f_stable_minus_f_single,balanced_accuracy,-0.029837152820041846
iscx_url2016_binary,rf,r05,f_single_minus_f_all,macro_f1,-0.00043149707854361896
iscx_url2016_binary,rf,r05,f_single_minus_f_all,recall,-0.0013413816230718467
iscx_url2016_binary,rf,r05,f_single_minus_f_all,fpr,0.0
iscx_url2016_binary,rf,r05,f_single_minus_f_all,roc_auc,0.0002230656893601468
iscx_url2016_binary,rf,r05,f_single_minus_f_all,pr_auc,0.0004194386010770712
iscx_url2016_binary,rf,r05,f_single_minus_f_all,balanced_accuracy,-0.0006706908115358123
iscx_url2016_binary,rf,r05,f_stable_minus_f_all,macro_f1,-0.0008634174812546247
iscx_url2016_binary,rf,r05,f_stable_minus_f_all,recall,-0.0026827632461435824
iscx_url2016_binary,rf,r05,f_stable_minus_f_all,fpr,0.0
iscx_url2016_binary,rf,r05,f_stable_minus_f_all,roc_auc,0.00022879170593970155
iscx_url2016_binary,rf,r05,f_stable_minus_f_all,pr_auc,0.0004498321255126392
iscx_url2016_binary,rf,r05,f_stable_minus_f_all,balanced_accuracy,-0.0013413816230716247
iscx_url2016_binary,rf,r05,f_stable_minus_f_single,macro_f1,-0.00043192040271100574
iscx_url2016_binary,rf,r05,f_stable_minus_f_single,recall,-0.0013413816230717357
iscx_url2016_binary,rf,r05,f_stable_minus_f_single,fpr,0.0
iscx_url2016_binary,rf,r05,f_stable_minus_f_single,roc_auc,5.726016579554738e-06
iscx_url2016_binary,rf,r05,f_stable_minus_f_single,pr_auc,3.0393524435567976e-05
iscx_url2016_binary,rf,r05,f_stable_minus_f_single,balanced_accuracy,-0.0006706908115358123
iscx_url2016_binary,rf,r06,f_single_minus_f_all,macro_f1,-0.0340125442793382
iscx_url2016_binary,rf,r06,f_single_minus_f_all,recall,-1.1102230246251565e-16
iscx_url2016_binary,rf,r06,f_single_minus_f_all,fpr,0.03356590609089195
iscx_url2016_binary,rf,r06,f_single_minus_f_all,roc_auc,-8.198804614267807e-05
iscx_url2016_binary,rf,r06,f_single_minus_f_all,pr_auc,-6.822056823452272e-05
iscx_url2016_binary,rf,r06,f_single_minus_f_all,balanced_accuracy,-0.01678295304544597
iscx_url2016_binary,rf,r06,f_stable_minus_f_all,macro_f1,-0.027702044638087564
iscx_url2016_binary,rf,r06,f_stable_minus_f_all,recall,-1.1102230246251565e-16
iscx_url2016_binary,rf,r06,f_stable_minus_f_all,fpr,0.027154440882519337
iscx_url2016_binary,rf,r06,f_stable_minus_f_all,roc_auc,-0.00014392055484446775
iscx_url2016_binary,rf,r06,f_stable_minus_f_all,pr_auc,-0.00024313513110907348
iscx_url2016_binary,rf,r06,f_stable_minus_f_all,balanced_accuracy,-0.013577220441259641
iscx_url2016_binary,rf,r06,f_stable_minus_f_single,macro_f1,0.006310499641250633
iscx_url2016_binary,rf,r06,f_stable_minus_f_single,recall,0.0
iscx_url2016_binary,rf,r06,f_stable_minus_f_single,fpr,-0.006411465208372616
iscx_url2016_binary,rf,r06,f_stable_minus_f_single,roc_auc,-6.193250870178968e-05
iscx_url2016_binary,rf,r06,f_stable_minus_f_single,pr_auc,-0.00017491456287455076
iscx_url2016_binary,rf,r06,f_stable_minus_f_single,balanced_accuracy,0.0032057326041863288
iscx_url2016_binary,rf,r07,f_single_minus_f_all,macro_f1,-0.19535890721617244
iscx_url2016_binary,rf,r07,f_single_minus_f_all,recall,1.1102230246251565e-16
iscx_url2016_binary,rf,r07,f_single_minus_f_all,fpr,0.2164812370356403
iscx_url2016_binary,rf,r07,f_single_minus_f_all,roc_auc,-3.3425895735295086e-05
iscx_url2016_binary,rf,r07,f_single_minus_f_all,pr_auc,-1.6760911167978954e-05
iscx_url2016_binary,rf,r07,f_single_minus_f_all,balanced_accuracy,-0.10824061851782008
iscx_url2016_binary,rf,r07,f_stable_minus_f_all,macro_f1,-0.2188131392856708
iscx_url2016_binary,rf,r07,f_stable_minus_f_all,recall,-0.0006688963210701449
iscx_url2016_binary,rf,r07,f_stable_minus_f_all,fpr,0.24721855553460315
iscx_url2016_binary,rf,r07,f_stable_minus_f_all,roc_auc,-0.0005630686738182789
iscx_url2016_binary,rf,r07,f_stable_minus_f_all,pr_auc,-0.0009598691996417497
iscx_url2016_binary,rf,r07,f_stable_minus_f_all,balanced_accuracy,-0.12394372592783665
iscx_url2016_binary,rf,r07,f_stable_minus_f_single,macro_f1,-0.02345423206949837
iscx_url2016_binary,rf,r07,f_stable_minus_f_single,recall,-0.0006688963210702559
iscx_url2016_binary,rf,r07,f_stable_minus_f_single,fpr,0.030737318498962857
iscx_url2016_binary,rf,r07,f_stable_minus_f_single,roc_auc,-0.0005296427780829838
iscx_url2016_binary,rf,r07,f_stable_minus_f_single,pr_auc,-0.0009431082884737707
iscx_url2016_binary,rf,r07,f_stable_minus_f_single,balanced_accuracy,-0.01570310741001657
iscx_url2016_binary,rf,r08,f_single_minus_f_all,macro_f1,0.0
iscx_url2016_binary,rf,r08,f_single_minus_f_all,recall,0.0
iscx_url2016_binary,rf,r08,f_single_minus_f_all,fpr,0.0
iscx_url2016_binary,rf,r08,f_single_minus_f_all,roc_auc,-9.958289700628953e-07
iscx_url2016_binary,rf,r08,f_single_minus_f_all,pr_auc,-3.4383035711904597e-06
iscx_url2016_binary,rf,r08,f_single_minus_f_all,balanced_accuracy,-1.1102230246251565e-16
iscx_url2016_binary,rf,r08,f_stable_minus_f_all,macro_f1,-0.0017200937798513838
iscx_url2016_binary,rf,r08,f_stable_minus_f_all,recall,-0.005365526492287054
iscx_url2016_binary,rf,r08,f_stable_minus_f_all,fpr,0.0
iscx_url2016_binary,rf,r08,f_stable_minus_f_all,roc_auc,-3.485401396163823e-06
iscx_url2016_binary,rf,r08,f_stable_minus_f_all,pr_auc,-1.2454404283324116e-05
iscx_url2016_binary,rf,r08,f_stable_minus_f_all,balanced_accuracy,-0.0026827632461436934
iscx_url2016_binary,rf,r08,f_stable_minus_f_single,macro_f1,-0.0017200937798513838
iscx_url2016_binary,rf,r08,f_stable_minus_f_single,recall,-0.005365526492287054
iscx_url2016_binary,rf,r08,f_stable_minus_f_single,fpr,0.0
iscx_url2016_binary,rf,r08,f_stable_minus_f_single,roc_auc,-2.4895724261009278e-06
iscx_url2016_binary,rf,r08,f_stable_minus_f_single,pr_auc,-9.016100712133657e-06
iscx_url2016_binary,rf,r08,f_stable_minus_f_single,balanced_accuracy,-0.0026827632461435824
iscx_url2016_binary,rf,r09,f_single_minus_f_all,macro_f1,-0.004529654731678434
iscx_url2016_binary,rf,r09,f_single_minus_f_all,recall,-0.014084507042253502
iscx_url2016_binary,rf,r09,f_single_minus_f_all,fpr,0.0
iscx_url2016_binary,rf,r09,f_single_minus_f_all,roc_auc,6.79653272269709e-05
iscx_url2016_binary,rf,r09,f_single_minus_f_all,pr_auc,3.5384554619710684e-08
iscx_url2016_binary,rf,r09,f_single_minus_f_all,balanced_accuracy,-0.007042253521126862
iscx_url2016_binary,rf,r09,f_stable_minus_f_all,macro_f1,-0.0015047145290951747
iscx_url2016_binary,rf,r09,f_stable_minus_f_all,recall,-0.0046948356807512415
iscx_url2016_binary,rf,r09,f_stable_minus_f_all,fpr,0.0
iscx_url2016_binary,rf,r09,f_stable_minus_f_all,roc_auc,3.2488920157836e-05
iscx_url2016_binary,rf,r09,f_stable_minus_f_all,pr_auc,-3.542227922004315e-05
iscx_url2016_binary,rf,r09,f_stable_minus_f_all,balanced_accuracy,-0.0023474178403757318
iscx_url2016_binary,rf,r09,f_stable_minus_f_single,macro_f1,0.0030249402025832595
iscx_url2016_binary,rf,r09,f_stable_minus_f_single,recall,0.009389671361502261
iscx_url2016_binary,rf,r09,f_stable_minus_f_single,fpr,0.0
iscx_url2016_binary,rf,r09,f_stable_minus_f_single,roc_auc,-3.547640706913491e-05
iscx_url2016_binary,rf,r09,f_stable_minus_f_single,pr_auc,-3.545766377466286e-05
iscx_url2016_binary,rf,r09,f_stable_minus_f_single,balanced_accuracy,0.0046948356807511304
iscx_url2016_binary,xgb,r00,f_single_minus_f_all,macro_f1,-0.00021433208753851574
iscx_url2016_binary,xgb,r00,f_single_minus_f_all,recall,-0.0006706908115360344
iscx_url2016_binary,xgb,r00,f_single_minus_f_all,fpr,0.0
iscx_url2016_binary,xgb,r00,f_single_minus_f_all,roc_auc,2.4895724259899055e-07
iscx_url2016_binary,xgb,r00,f_single_minus_f_all,pr_auc,8.993508373578152e-07
iscx_url2016_binary,xgb,r00,f_single_minus_f_all,balanced_accuracy,-0.00033534540576785066
iscx_url2016_binary,xgb,r00,f_stable_minus_f_all,macro_f1,0.0
iscx_url2016_binary,xgb,r00,f_stable_minus_f_all,recall,-1.1102230246251565e-16
iscx_url2016_binary,xgb,r00,f_stable_minus_f_all,fpr,0.0
iscx_url2016_binary,xgb,r00,f_stable_minus_f_all,roc_auc,2.4895724259899055e-07
iscx_url2016_binary,xgb,r00,f_stable_minus_f_all,pr_auc,8.993508373578152e-07
iscx_url2016_binary,xgb,r00,f_stable_minus_f_all,balanced_accuracy,1.1102230246251565e-16
iscx_url2016_binary,xgb,r00,f_stable_minus_f_single,macro_f1,0.00021433208753851574
iscx_url2016_binary,xgb,r00,f_stable_minus_f_single,recall,0.0006706908115359234
iscx_url2016_binary,xgb,r00,f_stable_minus_f_single,fpr,0.0
iscx_url2016_binary,xgb,r00,f_stable_minus_f_single,roc_auc,0.0
iscx_url2016_binary,xgb,r00,f_stable_minus_f_single,pr_auc,0.0
iscx_url2016_binary,xgb,r00,f_stable_minus_f_single,balanced_accuracy,0.0003353454057679617
iscx_url2016_binary,xgb,r01,f_single_minus_f_all,macro_f1,0.19958265187820734
iscx_url2016_binary,xgb,r01,f_single_minus_f_all,recall,-0.0026755852842808014
iscx_url2016_binary,xgb,r01,f_single_minus_f_all,fpr,-0.23420705261172922
iscx_url2016_binary,xgb,r01,f_single_minus_f_all,roc_auc,0.0005504551282577985
iscx_url2016_binary,xgb,r01,f_single_minus_f_all,pr_auc,0.0009257917072896804
iscx_url2016_binary,xgb,r01,f_single_minus_f_all,balanced_accuracy,0.11576573366372411
iscx_url2016_binary,xgb,r01,f_stable_minus_f_all,macro_f1,-0.06134855644239012
iscx_url2016_binary,xgb,r01,f_stable_minus_f_all,recall,-0.0013377926421402897
iscx_url2016_binary,xgb,r01,f_stable_minus_f_all,fpr,0.08485762775787292
iscx_url2016_binary,xgb,r01,f_stable_minus_f_all,roc_auc,-0.0011374264709127502
iscx_url2016_binary,xgb,r01,f_stable_minus_f_all,pr_auc,-0.0028190522680162644
iscx_url2016_binary,xgb,r01,f_stable_minus_f_all,balanced_accuracy,-0.043097710200006745
iscx_url2016_binary,xgb,r01,f_stable_minus_f_single,macro_f1,-0.26093120832059746
iscx_url2016_binary,xgb,r01,f_stable_minus_f_single,recall,0.0013377926421405117
iscx_url2016_binary,xgb,r01,f_stable_minus_f_single,fpr,0.3190646803696021
iscx_url2016_binary,xgb,r01,f_stable_minus_f_single,roc_auc,-0.0016878815991705487
iscx_url2016_binary,xgb,r01,f_stable_minus_f_single,pr_auc,-0.003744843975305945
iscx_url2016_binary,xgb,r01,f_stable_minus_f_single,balanced_accuracy,-0.15886344386373086
iscx_url2016_binary,xgb,r02,f_single_minus_f_all,macro_f1,0.02369827202036756
iscx_url2016_binary,xgb,r02,f_single_minus_f_all,recall,-0.0013377926421405117
iscx_url2016_binary,xgb,r02,f_single_minus_f_all,fpr,-0.032623043560248866
iscx_url2016_binary,xgb,r02,f_single_minus_f_all,roc_auc,0.00045080811833020373
iscx_url2016_binary,xgb,r02,f_single_minus_f_all,pr_auc,0.0009049623698245135
iscx_url2016_binary,xgb,r02,f_single_minus_f_all,balanced_accuracy,0.01564262545905426
iscx_url2016_binary,xgb,r02,f_stable_minus_f_all,macro_f1,0.04207825453666603
iscx_url2016_binary,xgb,r02,f_stable_minus_f_all,recall,-0.0033444816053512794
iscx_url2016_binary,xgb,r02,f_stable_minus_f_all,fpr,-0.0577031868753535
iscx_url2016_binary,xgb,r02,f_stable_minus_f_all,roc_auc,-0.0004262117044874225
iscx_url2016_binary,xgb,r02,f_stable_minus_f_all,pr_auc,-0.0002968181963165506
iscx_url2016_binary,xgb,r02,f_stable_minus_f_all,balanced_accuracy,0.027179352635001153
iscx_url2016_binary,xgb,r02,f_stable_minus_f_single,macro_f1,0.018379982516298465
iscx_url2016_binary,xgb,r02,f_stable_minus_f_single,recall,-0.0020066889632107676
iscx_url2016_binary,xgb,r02,f_stable_minus_f_single,fpr,-0.025080143315104636
iscx_url2016_binary,xgb,r02,f_stable_minus_f_single,roc_auc,-0.0008770198228176262
iscx_url2016_binary,xgb,r02,f_stable_minus_f_single,pr_auc,-0.001201780566141064
iscx_url2016_binary,xgb,r02,f_stable_minus_f_single,balanced_accuracy,0.011536727175946893
iscx_url2016_binary,xgb,r03,f_single_minus_f_all,macro_f1,0.0
iscx_url2016_binary,xgb,r03,f_single_minus_f_all,recall,-1.1102230246251565e-16
iscx_url2016_binary,xgb,r03,f_single_minus_f_all,fpr,0.0
iscx_url2016_binary,xgb,r03,f_single_minus_f_all,roc_auc,-1.668013525335521e-05
iscx_url2016_binary,xgb,r03,f_single_minus_f_all,pr_auc,-5.602098235302222e-05
iscx_url2016_binary,xgb,r03,f_single_minus_f_all,balanced_accuracy,1.1102230246251565e-16
iscx_url2016_binary,xgb,r03,f_stable_minus_f_all,macro_f1,0.0
iscx_url2016_binary,xgb,r03,f_stable_minus_f_all,recall,-1.1102230246251565e-16
iscx_url2016_binary,xgb,r03,f_stable_minus_f_all,fpr,0.0
iscx_url2016_binary,xgb,r03,f_stable_minus_f_all,roc_auc,-1.518639179787229e-05
iscx_url2016_binary,xgb,r03,f_stable_minus_f_all,pr_auc,-5.1633065676459644e-05
iscx_url2016_binary,xgb,r03,f_stable_minus_f_all,balanced_accuracy,1.1102230246251565e-16
iscx_url2016_binary,xgb,r03,f_stable_minus_f_single,macro_f1,0.0
iscx_url2016_binary,xgb,r03,f_stable_minus_f_single,recall,0.0
iscx_url2016_binary,xgb,r03,f_stable_minus_f_single,fpr,0.0
iscx_url2016_binary,xgb,r03,f_stable_minus_f_single,roc_auc,1.493743455482921e-06
iscx_url2016_binary,xgb,r03,f_stable_minus_f_single,pr_auc,4.3879166765625754e-06
iscx_url2016_binary,xgb,r03,f_stable_minus_f_single,balanced_accuracy,0.0
iscx_url2016_binary,xgb,r04,f_single_minus_f_all,macro_f1,0.06722893083619952
iscx_url2016_binary,xgb,r04,f_single_minus_f_all,recall,-0.0006688963210702559
iscx_url2016_binary,xgb,r04,f_single_minus_f_all,fpr,-0.08749764284367337
iscx_url2016_binary,xgb,r04,f_single_minus_f_all,roc_auc,0.0006131444496930705
iscx_url2016_binary,xgb,r04,f_single_minus_f_all,pr_auc,0.0010412889822786209
iscx_url2016_binary,xgb,r04,f_single_minus_f_all,balanced_accuracy,0.04341437326130171
iscx_url2016_binary,xgb,r04,f_stable_minus_f_all,macro_f1,0.13509992925722436
iscx_url2016_binary,xgb,r04,f_stable_minus_f_all,recall,-0.0020066889632107676
iscx_url2016_binary,xgb,r04,f_stable_minus_f_all,fpr,-0.1672638129360739
iscx_url2016_binary,xgb,r04,f_stable_minus_f_all,roc_auc,0.00028266955600941834
iscx_url2016_binary,xgb,r04,f_stable_minus_f_all,pr_auc,0.0005918097521343535
iscx_url2016_binary,xgb,r04,f_stable_minus_f_all,balanced_accuracy,0.08262856198643176
iscx_url2016_binary,xgb,r04,f_stable_minus_f_single,macro_f1,0.06787099842102484
iscx_url2016_binary,xgb,r04,f_stable_minus_f_single,recall,-0.0013377926421405117
iscx_url2016_binary,xgb,r04,f_stable_minus_f_single,fpr,-0.07976617009240054
iscx_url2016_binary,xgb,r04,f_stable_minus_f_single,roc_auc,-0.0003304748936836521
iscx_url2016_binary,xgb,r04,f_stable_minus_f_single,pr_auc,-0.0004494792301442674
iscx_url2016_binary,xgb,r04,f_stable_minus_f_single,balanced_accuracy,0.03921418872513005
iscx_url2016_binary,xgb,r05,f_single_minus_f_all,macro_f1,0.0
iscx_url2016_binary,xgb,r05,f_single_minus_f_all,recall,0.0
iscx_url2016_binary,xgb,r05,f_single_minus_f_all,fpr,0.0
iscx_url2016_binary,xgb,r05,f_single_minus_f_all,roc_auc,-0.000404928955071604
iscx_url2016_binary,xgb,r05,f_single_minus_f_all,pr_auc,-0.0006597471994712611
iscx_url2016_binary,xgb,r05,f_single_minus_f_all,balanced_accuracy,0.0
iscx_url2016_binary,xgb,r05,f_stable_minus_f_all,macro_f1,0.0
iscx_url2016_binary,xgb,r05,f_stable_minus_f_all,recall,0.0
iscx_url2016_binary,xgb,r05,f_stable_minus_f_all,fpr,0.0
iscx_url2016_binary,xgb,r05,f_stable_minus_f_all,roc_auc,-0.00012422966405212232
iscx_url2016_binary,xgb,r05,f_stable_minus_f_all,pr_auc,-0.0003567582603156705
iscx_url2016_binary,xgb,r05,f_stable_minus_f_all,balanced_accuracy,0.0
iscx_url2016_binary,xgb,r05,f_stable_minus_f_single,macro_f1,0.0
iscx_url2016_binary,xgb,r05,f_stable_minus_f_single,recall,0.0
iscx_url2016_binary,xgb,r05,f_stable_minus_f_single,fpr,0.0
iscx_url2016_binary,xgb,r05,f_stable_minus_f_single,roc_auc,0.00028069929101948166
iscx_url2016_binary,xgb,r05,f_stable_minus_f_single,pr_auc,0.00030298893915559066
iscx_url2016_binary,xgb,r05,f_stable_minus_f_single,balanced_accuracy,0.0
iscx_url2016_binary,xgb,r06,f_single_minus_f_all,macro_f1,0.0706930345801351
iscx_url2016_binary,xgb,r06,f_single_minus_f_all,recall,-0.0006688963210701449
iscx_url2016_binary,xgb,r06,f_single_minus_f_all,fpr,-0.06882896473694133
iscx_url2016_binary,xgb,r06,f_single_minus_f_all,roc_auc,7.80778470189647e-05
iscx_url2016_binary,xgb,r06,f_single_minus_f_all,pr_auc,9.976689238189174e-05
iscx_url2016_binary,xgb,r06,f_single_minus_f_all,balanced_accuracy,0.03408003420793548
iscx_url2016_binary,xgb,r06,f_stable_minus_f_all,macro_f1,0.07725197023548325
iscx_url2016_binary,xgb,r06,f_stable_minus_f_all,recall,-0.0006688963210701449
iscx_url2016_binary,xgb,r06,f_stable_minus_f_all,fpr,-0.07467471242692812
iscx_url2016_binary,xgb,r06,f_stable_minus_f_all,roc_auc,1.122605554859657e-05
iscx_url2016_binary,xgb,r06,f_stable_minus_f_all,pr_auc,-3.237337379613514e-05
iscx_url2016_binary,xgb,r06,f_stable_minus_f_all,balanced_accuracy,0.03700290805292894
iscx_url2016_binary,xgb,r06,f_stable_minus_f_single,macro_f1,0.006558935655348153
iscx_url2016_binary,xgb,r06,f_stable_minus_f_single,recall,0.0
iscx_url2016_binary,xgb,r06,f_stable_minus_f_single,fpr,-0.0058457476899868
iscx_url2016_binary,xgb,r06,f_stable_minus_f_single,roc_auc,-6.685179147036813e-05
iscx_url2016_binary,xgb,r06,f_stable_minus_f_single,pr_auc,-0.00013214026617802688
iscx_url2016_binary,xgb,r06,f_stable_minus_f_single,balanced_accuracy,0.0029228738449934566
iscx_url2016_binary,xgb,r07,f_single_minus_f_all,macro_f1,0.16064558501870407
iscx_url2016_binary,xgb,r07,f_single_minus_f_all,recall,-0.0006688963210701449
iscx_url2016_binary,xgb,r07,f_single_minus_f_all,fpr,-0.18121817838959078
iscx_url2016_binary,xgb,r07,f_single_minus_f_all,roc_auc,0.00016170565408490933
iscx_url2016_binary,xgb,r07,f_single_minus_f_all,pr_auc,0.00033692404055563063
iscx_url2016_binary,xgb,r07,f_single_minus_f_all,balanced_accuracy,0.0902746410342603
iscx_url2016_binary,xgb,r07,f_stable_minus_f_all,macro_f1,0.14668936552058243
iscx_url2016_binary,xgb,r07,f_stable_minus_f_all,recall,-0.0006688963210701449
iscx_url2016_binary,xgb,r07,f_stable_minus_f_all,fpr,-0.16764095794833112
iscx_url2016_binary,xgb,r07,f_stable_minus_f_all,roc_auc,0.00021745752546209474
iscx_url2016_binary,xgb,r07,f_stable_minus_f_all,pr_auc,0.00043596190793382394
iscx_url2016_binary,xgb,r07,f_stable_minus_f_all,balanced_accuracy,0.08348603081363049
iscx_url2016_binary,xgb,r07,f_stable_minus_f_single,macro_f1,-0.013956219498121647
iscx_url2016_binary,xgb,r07,f_stable_minus_f_single,recall,0.0
iscx_url2016_binary,xgb,r07,f_stable_minus_f_single,fpr,0.013577220441259662
iscx_url2016_binary,xgb,r07,f_stable_minus_f_single,roc_auc,5.57518713771854e-05
iscx_url2016_binary,xgb,r07,f_stable_minus_f_single,pr_auc,9.903786737819331e-05
iscx_url2016_binary,xgb,r07,f_stable_minus_f_single,balanced_accuracy,-0.0067886102206298204
iscx_url2016_binary,xgb,r08,f_single_minus_f_all,macro_f1,0.0006429963785264947
iscx_url2016_binary,xgb,r08,f_single_minus_f_all,recall,0.002012072434607659
iscx_url2016_binary,xgb,r08,f_single_minus_f_all,fpr,0.0
iscx_url2016_binary,xgb,r08,f_single_minus_f_all,roc_auc,-9.958289703959622e-07
iscx_url2016_binary,xgb,r08,f_single_minus_f_all,pr_auc,-3.579403930809022e-06
iscx_url2016_binary,xgb,r08,f_single_minus_f_all,balanced_accuracy,0.001006036217303885
iscx_url2016_binary,xgb,r08,f_stable_minus_f_all,macro_f1,0.0006429963785264947
iscx_url2016_binary,xgb,r08,f_stable_minus_f_all,recall,0.002012072434607659
iscx_url2016_binary,xgb,r08,f_stable_minus_f_all,fpr,0.0
iscx_url2016_binary,xgb,r08,f_stable_minus_f_all,roc_auc,-3.734358638873836e-06
iscx_url2016_binary,xgb,r08,f_stable_minus_f_all,pr_auc,-1.3228615612037586e-05
iscx_url2016_binary,xgb,r08,f_stable_minus_f_all,balanced_accuracy,0.001006036217303885
iscx_url2016_binary,xgb,r08,f_stable_minus_f_single,macro_f1,0.0
iscx_url2016_binary,xgb,r08,f_stable_minus_f_single,recall,0.0
iscx_url2016_binary,xgb,r08,f_stable_minus_f_single,fpr,0.0
iscx_url2016_binary,xgb,r08,f_stable_minus_f_single,roc_auc,-2.7385296684778737e-06
iscx_url2016_binary,xgb,r08,f_stable_minus_f_single,pr_auc,-9.649211681228564e-06
iscx_url2016_binary,xgb,r08,f_stable_minus_f_single,balanced_accuracy,0.0
iscx_url2016_binary,xgb,r09,f_single_minus_f_all,macro_f1,0.0
iscx_url2016_binary,xgb,r09,f_single_minus_f_all,recall,0.0
iscx_url2016_binary,xgb,r09,f_single_minus_f_all,fpr,0.0
iscx_url2016_binary,xgb,r09,f_single_minus_f_all,roc_auc,8.713503490631602e-06
iscx_url2016_binary,xgb,r09,f_single_minus_f_all,pr_auc,-1.1748757441365498e-06
iscx_url2016_binary,xgb,r09,f_single_minus_f_all,balanced_accuracy,-1.1102230246251565e-16
iscx_url2016_binary,xgb,r09,f_stable_minus_f_all,macro_f1,-0.00021464501251589052
iscx_url2016_binary,xgb,r09,f_stable_minus_f_all,recall,-0.0006706908115359234
iscx_url2016_binary,xgb,r09,f_stable_minus_f_all,fpr,0.0
iscx_url2016_binary,xgb,r09,f_stable_minus_f_all,roc_auc,4.6803961606833866e-05
iscx_url2016_binary,xgb,r09,f_stable_minus_f_all,pr_auc,1.9793062396078476e-05
iscx_url2016_binary,xgb,r09,f_stable_minus_f_all,balanced_accuracy,-0.0003353454057680727
iscx_url2016_binary,xgb,r09,f_stable_minus_f_single,macro_f1,-0.00021464501251589052
iscx_url2016_binary,xgb,r09,f_stable_minus_f_single,recall,-0.0006706908115359234
iscx_url2016_binary,xgb,r09,f_stable_minus_f_single,fpr,0.0
iscx_url2016_binary,xgb,r09,f_stable_minus_f_single,roc_auc,3.8090458116202264e-05
iscx_url2016_binary,xgb,r09,f_stable_minus_f_single,pr_auc,2.0967938140215026e-05
iscx_url2016_binary,xgb,r09,f_stable_minus_f_single,balanced_accuracy,-0.0003353454057679617
phiusiil,lr,r00,f_single_minus_f_all,macro_f1,-0.009885279718494067
phiusiil,lr,r00,f_single_minus_f_all,recall,-0.02186917090113849
phiusiil,lr,r00,f_single_minus_f_all,fpr,0.00019873801361364966
phiusiil,lr,r00,f_single_minus_f_all,roc_auc,-0.009371602436191617
phiusiil,lr,r00,f_single_minus_f_all,pr_auc,-0.006352094222261351
phiusiil,lr,r00,f_single_minus_f_all,balanced_accuracy,-0.011033954457375983
phiusiil,lr,r00,f_stable_minus_f_all,macro_f1,-0.009913701841193334
phiusiil,lr,r00,f_stable_minus_f_all,recall,-0.02186917090113849
phiusiil,lr,r00,f_stable_minus_f_all,fpr,0.00024842251701703844
phiusiil,lr,r00,f_stable_minus_f_all,roc_auc,-0.009433416452212628
phiusiil,lr,r00,f_stable_minus_f_all,pr_auc,-0.006426647537208674
phiusiil,lr,r00,f_stable_minus_f_all,balanced_accuracy,-0.011058796709077723
phiusiil,lr,r00,f_stable_minus_f_single,macro_f1,-2.8422122699267582e-05
phiusiil,lr,r00,f_stable_minus_f_single,recall,0.0
phiusiil,lr,r00,f_stable_minus_f_single,fpr,4.968450340338878e-05
phiusiil,lr,r00,f_stable_minus_f_single,roc_auc,-6.181401602101122e-05
phiusiil,lr,r00,f_stable_minus_f_single,pr_auc,-7.45533149473232e-05
phiusiil,lr,r00,f_stable_minus_f_single,balanced_accuracy,-2.4842251701739926e-05
phiusiil,lr,r01,f_single_minus_f_all,macro_f1,-0.007767867899362457
phiusiil,lr,r01,f_single_minus_f_all,recall,-0.028236958898822717
phiusiil,lr,r01,f_single_minus_f_all,fpr,-0.008446365578575976
phiusiil,lr,r01,f_single_minus_f_all,roc_auc,-0.011929950097641306
phiusiil,lr,r01,f_single_minus_f_all,pr_auc,-0.007304868029287648
phiusiil,lr,r01,f_single_minus_f_all,balanced_accuracy,-0.009895296660123343
phiusiil,lr,r01,f_stable_minus_f_all,macro_f1,-0.00779558650680956
phiusiil,lr,r01,f_stable_minus_f_all,recall,-0.028108316717051385
phiusiil,lr,r01,f_stable_minus_f_all,fpr,-0.00829731206836581
phiusiil,lr,r01,f_stable_minus_f_all,roc_auc,-0.011689587291024206
phiusiil,lr,r01,f_stable_minus_f_all,pr_auc,-0.007210895563061093
phiusiil,lr,r01,f_stable_minus_f_all,balanced_accuracy,-0.00990550232434273
phiusiil,lr,r01,f_stable_minus_f_single,macro_f1,-2.7718607447102528e-05
phiusiil,lr,r01,f_stable_minus_f_single,recall,0.00012864218177133235
phiusiil,lr,r01,f_stable_minus_f_single,fpr,0.00014905351021016547
phiusiil,lr,r01,f_stable_minus_f_single,roc_auc,0.0002403628066171004
phiusiil,lr,r01,f_stable_minus_f_single,pr_auc,9.397246622655508e-05
phiusiil,lr,r01,f_stable_minus_f_single,balanced_accuracy,-1.0205664219387067e-05
phiusiil,lr,r02,f_single_minus_f_all,macro_f1,-0.008414316587291193
phiusiil,lr,r02,f_single_minus_f_all,recall,-0.031903261079307854
phiusiil,lr,r02,f_single_minus_f_all,fpr,-0.010185323197694607
phiusiil,lr,r02,f_single_minus_f_all,roc_auc,-0.011283351681637854
phiusiil,lr,r02,f_single_minus_f_all,pr_auc,-0.006857439879133342
phiusiil,lr,r02,f_single_minus_f_all,balanced_accuracy,-0.010858968940806846
phiusiil,lr,r02,f_stable_minus_f_all,macro_f1,-0.008517688928559863
phiusiil,lr,r02,f_stable_minus_f_all,recall,-0.030166591625393924
phiusiil,lr,r02,f_stable_minus_f_all,fpr,-0.008645103592189562
phiusiil,lr,r02,f_stable_minus_f_all,roc_auc,-0.011484266008805144
phiusiil,lr,r02,f_stable_minus_f_all,pr_auc,-0.006995298197665534
phiusiil,lr,r02,f_stable_minus_f_all,balanced_accuracy,-0.01076074401660232
phiusiil,lr,r02,f_stable_minus_f_single,macro_f1,-0.00010337234126867045
phiusiil,lr,r02,f_stable_minus_f_single,recall,0.0017366694539139305
phiusiil,lr,r02,f_stable_minus_f_single,fpr,0.0015402196055050435
phiusiil,lr,r02,f_stable_minus_f_single,roc_auc,-0.00020091432716728974
phiusiil,lr,r02,f_stable_minus_f_single,pr_auc,-0.00013785831853219133
phiusiil,lr,r02,f_stable_minus_f_single,balanced_accuracy,9.822492420452633e-05
phiusiil,lr,r03,f_single_minus_f_all,macro_f1,-0.009160057314704706
phiusiil,lr,r03,f_single_minus_f_all,recall,-0.018524474175081962
phiusiil,lr,r03,f_single_minus_f_all,fpr,0.0015402196055051302
phiusiil,lr,r03,f_single_minus_f_all,roc_auc,-0.0072483017715617715
phiusiil,lr,r03,f_single_minus_f_all,pr_auc,-0.005455817134670249
phiusiil,lr,r03,f_single_minus_f_all,balanced_accuracy,-0.010032346890293531
phiusiil,lr,r03,f_stable_minus_f_all,macro_f1,-0.009407263099162622
phiusiil,lr,r03,f_stable_minus_f_all,recall,-0.01710941017559653
phiusiil,lr,r03,f_stable_minus_f_all,fpr,0.003080439211010173
phiusiil,lr,r03,f_stable_minus_f_all,roc_auc,-0.009017018321386794
phiusiil,lr,r03,f_stable_minus_f_all,pr_auc,-0.005959491810645368
phiusiil,lr,r03,f_stable_minus_f_all,balanced_accuracy,-0.010094924693303309
phiusiil,lr,r03,f_stable_minus_f_single,macro_f1,-0.00024720578445791563
phiusiil,lr,r03,f_stable_minus_f_single,recall,0.001415063999485433
phiusiil,lr,r03,f_stable_minus_f_single,fpr,0.0015402196055050426
phiusiil,lr,r03,f_stable_minus_f_single,roc_auc,-0.0017687165498250224
phiusiil,lr,r03,f_stable_minus_f_single,pr_auc,-0.0005036746759751187
phiusiil,lr,r03,f_stable_minus_f_single,balanced_accuracy,-6.257780300977789e-05
phiusiil,lr,r04,f_single_minus_f_all,macro_f1,-0.012136750337676805
phiusiil,lr,r04,f_single_minus_f_all,recall,-0.033509133007460834
phiusiil,lr,r04,f_single_minus_f_all,fpr,-0.004918765836935386
phiusiil,lr,r04,f_single_minus_f_all,roc_auc,-0.013768562361190728
phiusiil,lr,r04,f_single_minus_f_all,pr_auc,-0.008560648692227835
phiusiil,lr,r04,f_single_minus_f_all,balanced_accuracy,-0.014295183585262605
phiusiil,lr,r04,f_stable_minus_f_all,macro_f1,-0.009251194081471681
phiusiil,lr,r04,f_stable_minus_f_all,recall,-0.031193722665294632
phiusiil,lr,r04,f_stable_minus_f_all,fpr,-0.008148258558155638
phiusiil,lr,r04,f_stable_minus_f_all,roc_auc,-0.011639890720168244
phiusiil,lr,r04,f_stable_minus_f_all,pr_auc,-0.007235751913328703
phiusiil,lr,r04,f_stable_minus_f_all,balanced_accuracy,-0.011522732053569462
phiusiil,lr,r04,f_stable_minus_f_single,macro_f1,0.002885556256205124
phiusiil,lr,r04,f_stable_minus_f_single,recall,0.002315410342166202
phiusiil,lr,r04,f_stable_minus_f_single,fpr,-0.0032294927212202515
phiusiil,lr,r04,f_stable_minus_f_single,roc_auc,0.0021286716410224837
phiusiil,lr,r04,f_stable_minus_f_single,pr_auc,0.0013248967788991317
phiusiil,lr,r04,f_stable_minus_f_single,balanced_accuracy,0.002772451531693143
phiusiil,lr,r05,f_single_minus_f_all,macro_f1,-0.005785263001739094
phiusiil,lr,r05,f_single_minus_f_all,recall,-0.01884607962951035
phiusiil,lr,r05,f_single_minus_f_all,fpr,-0.004570974313111659
phiusiil,lr,r05,f_single_minus_f_all,roc_auc,-0.006304801137207994
phiusiil,lr,r05,f_single_minus_f_all,pr_auc,-0.003974762503429874
phiusiil,lr,r05,f_single_minus_f_all,balanced_accuracy,-0.007137552658199153
phiusiil,lr,r05,f_stable_minus_f_all,macro_f1,-0.006729089512337638
phiusiil,lr,r05,f_stable_minus_f_all,recall,-0.025599794172509016
phiusiil,lr,r05,f_stable_minus_f_all,fpr,-0.008197943061559018
phiusiil,lr,r05,f_stable_minus_f_all,roc_auc,-0.010455842807319926
phiusiil,lr,r05,f_stable_minus_f_all,pr_auc,-0.006413065904047444
phiusiil,lr,r05,f_stable_minus_f_all,balanced_accuracy,-0.008700925555474859
phiusiil,lr,r05,f_stable_minus_f_single,macro_f1,-0.0009438265105985444
phiusiil,lr,r05,f_stable_minus_f_single,recall,-0.006753714542998668
phiusiil,lr,r05,f_stable_minus_f_single,fpr,-0.003626968748447359
phiusiil,lr,r05,f_stable_minus_f_single,roc_auc,-0.004151041670111932
phiusiil,lr,r05,f_stable_minus_f_single,pr_auc,-0.0024383034006175697
phiusiil,lr,r05,f_stable_minus_f_single,balanced_accuracy,-0.0015633728972757055
phiusiil,lr,r06,f_single_minus_f_all,macro_f1,-0.010542049466755743
phiusiil,lr,r06,f_single_minus_f_all,recall,-0.016852125812053864
phiusiil,lr,r06,f_single_minus_f_all,fpr,0.005266557360759192
phiusiil,lr,r06,f_single_minus_f_all,roc_auc,-0.009306437664280742
phiusiil,lr,r06,f_single_minus_f_all,pr_auc,-0.006579995708782982
phiusiil,lr,r06,f_single_minus_f_all,balanced_accuracy,-0.011059341586406424
phiusiil,lr,r06,f_stable_minus_f_all,macro_f1,-0.009436966487435194
phiusiil,lr,r06,f_stable_minus_f_all,recall,-0.017238052357368083
phiusiil,lr,r06,f_stable_minus_f_all,fpr,0.003030754707606712
phiusiil,lr,r06,f_stable_minus_f_all,roc_auc,-0.009076625664120264
phiusiil,lr,r06,f_stable_minus_f_all,pr_auc,-0.006126035852139999
phiusiil,lr,r06,f_stable_minus_f_all,balanced_accuracy,-0.01013440353248729
phiusiil,lr,r06,f_stable_minus_f_single,macro_f1,0.0011050829793205486
phiusiil,lr,r06,f_stable_minus_f_single,recall,-0.0003859265453142191
phiusiil,lr,r06,f_stable_minus_f_single,fpr,-0.0022358026531524803
phiusiil,lr,r06,f_stable_minus_f_single,roc_auc,0.00022981200016047865
phiusiil,lr,r06,f_stable_minus_f_single,pr_auc,0.00045395985664298255
phiusiil,lr,r06,f_stable_minus_f_single,balanced_accuracy,0.0009249380539191332
phiusiil,lr,r07,f_single_minus_f_all,macro_f1,-0.007612985953022511
phiusiil,lr,r07,f_single_minus_f_all,recall,-0.026243005081366233
phiusiil,lr,r07,f_single_minus_f_all,fpr,-0.0071545684900878904
phiusiil,lr,r07,f_single_minus_f_all,roc_auc,-0.01114142471948154
phiusiil,lr,r07,f_single_minus_f_all,pr_auc,-0.006774309971424919
phiusiil,lr,r07,f_single_minus_f_all,balanced_accuracy,-0.009544218295639229
phiusiil,lr,r07,f_stable_minus_f_all,macro_f1,-0.007814881320960865
phiusiil,lr,r07,f_stable_minus_f_all,recall,-0.026757573808451784
phiusiil,lr,r07,f_stable_minus_f_all,fpr,-0.007204252993491279
phiusiil,lr,r07,f_stable_minus_f_all,roc_auc,-0.011162417676505831
phiusiil,lr,r07,f_stable_minus_f_all,pr_auc,-0.00683066162874324
phiusiil,lr,r07,f_stable_minus_f_all,balanced_accuracy,-0.009776660407480264
phiusiil,lr,r07,f_stable_minus_f_single,macro_f1,-0.00020189536793835394
phiusiil,lr,r07,f_stable_minus_f_single,recall,-0.0005145687270855515
phiusiil,lr,r07,f_stable_minus_f_single,fpr,-4.968450340338878e-05
phiusiil,lr,r07,f_stable_minus_f_single,roc_auc,-2.0992957024290604e-05
phiusiil,lr,r07,f_stable_minus_f_single,pr_auc,-5.6351657318320925e-05
phiusiil,lr,r07,f_stable_minus_f_single,balanced_accuracy,-0.0002324421118410358
phiusiil,lr,r08,f_single_minus_f_all,macro_f1,-0.008161142133221055
phiusiil,lr,r08,f_single_minus_f_all,recall,-0.018588795265967573
phiusiil,lr,r08,f_single_minus_f_all,fpr,-0.0002484225170169274
phiusiil,lr,r08,f_single_minus_f_all,roc_auc,-0.009355545332740522
phiusiil,lr,r08,f_single_minus_f_all,pr_auc,-0.006114688788937062
phiusiil,lr,r08,f_single_minus_f_all,balanced_accuracy,-0.009170186374475309
phiusiil,lr,r08,f_stable_minus_f_all,macro_f1,-0.008419237811892244
phiusiil,lr,r08,f_stable_minus_f_all,recall,-0.01897472181128179
phiusiil,lr,r08,f_stable_minus_f_all,fpr,-9.936900680676194e-05
phiusiil,lr,r08,f_stable_minus_f_all,roc_auc,-0.009497119163255796
phiusiil,lr,r08,f_stable_minus_f_all,pr_auc,-0.0062214062866129405
phiusiil,lr,r08,f_stable_minus_f_all,balanced_accuracy,-0.009437676402237472
phiusiil,lr,r08,f_stable_minus_f_single,macro_f1,-0.00025809567867118854
phiusiil,lr,r08,f_stable_minus_f_single,recall,-0.0003859265453142191
phiusiil,lr,r08,f_stable_minus_f_single,fpr,0.00014905351021016547
phiusiil,lr,r08,f_stable_minus_f_single,roc_auc,-0.0001415738305152736
phiusiil,lr,r08,f_stable_minus_f_single,pr_auc,-0.0001067174976758789
phiusiil,lr,r08,f_stable_minus_f_single,balanced_accuracy,-0.0002674900277621628
phiusiil,lr,r09,f_single_minus_f_all,macro_f1,-0.009770420886237474
phiusiil,lr,r09,f_single_minus_f_all,recall,-0.019488037046565654
phiusiil,lr,r09,f_single_minus_f_all,fpr,0.0018383266259254308
phiusiil,lr,r09,f_single_minus_f_all,roc_auc,-0.008145633408969788
phiusiil,lr,r09,f_single_minus_f_all,pr_auc,-0.005946243688183639
phiusiil,lr,r09,f_single_minus_f_all,balanced_accuracy,-0.010663181836245483
phiusiil,lr,r09,f_stable_minus_f_all,macro_f1,-0.00985354615734002
phiusiil,lr,r09,f_stable_minus_f_all,recall,-0.019166452276820345
phiusiil,lr,r09,f_stable_minus_f_all,fpr,0.0022358026531525384
phiusiil,lr,r09,f_stable_minus_f_all,roc_auc,-0.009378251997423814
phiusiil,lr,r09,f_stable_minus_f_all,pr_auc,-0.0063443128594339315
phiusiil,lr,r09,f_stable_minus_f_all,balanced_accuracy,-0.010701127464986415
phiusiil,lr,r09,f_stable_minus_f_single,macro_f1,-8.312527110254653e-05
phiusiil,lr,r09,f_stable_minus_f_single,recall,0.0003215847697453089
phiusiil,lr,r09,f_stable_minus_f_single,fpr,0.0003974760272271076
phiusiil,lr,r09,f_stable_minus_f_single,roc_auc,-0.0012326185884540264
phiusiil,lr,r09,f_stable_minus_f_single,pr_auc,-0.0003980691712502926
phiusiil,lr,r09,f_stable_minus_f_single,balanced_accuracy,-3.794562874093188e-05
phiusiil,rf,r00,f_single_minus_f_all,macro_f1,-0.0016202030135454848
phiusiil,rf,r00,f_single_minus_f_all,recall,-0.0005145687270856625
phiusiil,rf,r00,f_single_minus_f_all,fpr,0.0024345406667661065
phiusiil,rf,r00,f_single_minus_f_all,roc_auc,-2.492693938038748e-05
phiusiil,rf,r00,f_single_minus_f_all,pr_auc,-3.967370469026843e-05
phiusiil,rf,r00,f_single_minus_f_all,balanced_accuracy,-0.0014745546969259227
phiusiil,rf,r00,f_stable_minus_f_all,macro_f1,-0.001479357186011776
phiusiil,rf,r00,f_stable_minus_f_all,recall,-0.001029137454171214
phiusiil,rf,r00,f_stable_minus_f_all,fpr,0.001788642122522055
phiusiil,rf,r00,f_stable_minus_f_all,roc_auc,-2.8752265846532232e-05
phiusiil,rf,r00,f_stable_minus_f_all,pr_auc,-4.211397765974123e-05
phiusiil,rf,r00,f_stable_minus_f_all,balanced_accuracy,-0.0014088897883467455
phiusiil,rf,r00,f_stable_minus_f_single,macro_f1,0.00014084582753370878
phiusiil,rf,r00,f_stable_minus_f_single,recall,-0.0005145687270855515
phiusiil,rf,r00,f_stable_minus_f_single,fpr,-0.0006458985442440515
phiusiil,rf,r00,f_stable_minus_f_single,roc_auc,-3.825326466144752e-06
phiusiil,rf,r00,f_stable_minus_f_single,pr_auc,-2.440272969472801e-06
phiusiil,rf,r00,f_stable_minus_f_single,balanced_accuracy,6.566490857917717e-05
phiusiil,rf,r01,f_single_minus_f_all,macro_f1,0.0004539758449400022
phiusiil,rf,r01,f_single_minus_f_all,recall,-0.00045024763619982977
phiusiil,rf,r01,f_single_minus_f_all,fpr,-0.001142743578277909
phiusiil,rf,r01,f_single_minus_f_all,roc_auc,0.00028851654028150264
phiusiil,rf,r01,f_single_minus_f_all,pr_auc,0.0004736761985654203
phiusiil,rf,r01,f_single_minus_f_all,balanced_accuracy,0.00034624797103921523
phiusiil,rf,r01,f_stable_minus_f_all,macro_f1,0.00042553067898210006
phiusiil,rf,r01,f_stable_minus_f_all,recall,-0.00045024763619982977
phiusiil,rf,r01,f_stable_minus_f_all,fpr,-0.0010930590748745202
phiusiil,rf,r01,f_stable_minus_f_all,roc_auc,0.00022918403303340273
phiusiil,rf,r01,f_stable_minus_f_all,pr_auc,0.0003990195974105104
phiusiil,rf,r01,f_stable_minus_f_all,balanced_accuracy,0.0003214057193374753
phiusiil,rf,r01,f_stable_minus_f_single,macro_f1,-2.844516595790214e-05
phiusiil,rf,r01,f_stable_minus_f_single,recall,0.0
phiusiil,rf,r01,f_stable_minus_f_single,fpr,4.968450340338878e-05
phiusiil,rf,r01,f_stable_minus_f_single,roc_auc,-5.933250724809991e-05
phiusiil,rf,r01,f_stable_minus_f_single,pr_auc,-7.465660115490991e-05
phiusiil,rf,r01,f_stable_minus_f_single,balanced_accuracy,-2.4842251701739926e-05
phiusiil,rf,r02,f_single_minus_f_all,macro_f1,-0.0006933069182890605
phiusiil,rf,r02,f_single_minus_f_all,recall,-0.004438155271113353
phiusiil,rf,r02,f_single_minus_f_all,fpr,-0.0022358026531523884
phiusiil,rf,r02,f_single_minus_f_all,roc_auc,-7.605113332087576e-05
phiusiil,rf,r02,f_single_minus_f_all,pr_auc,-9.072567473300541e-05
phiusiil,rf,r02,f_single_minus_f_all,balanced_accuracy,-0.0011011763089805449
phiusiil,rf,r02,f_stable_minus_f_all,macro_f1,0.00014375378648778803
phiusiil,rf,r02,f_stable_minus_f_all,recall,0.0007075319997427165
phiusiil,rf,r02,f_stable_minus_f_all,fpr,0.0002981070204204246
phiusiil,rf,r02,f_stable_minus_f_all,roc_auc,-3.86255708741956e-05
phiusiil,rf,r02,f_stable_minus_f_all,pr_auc,2.709719150173484e-07
phiusiil,rf,r02,f_stable_minus_f_all,balanced_accuracy,0.00020471248966102973
phiusiil,rf,r02,f_stable_minus_f_single,macro_f1,0.0008370607047768486
phiusiil,rf,r02,f_stable_minus_f_single,recall,0.00514568727085607
phiusiil,rf,r02,f_stable_minus_f_single,fpr,0.002533909673572813
phiusiil,rf,r02,f_stable_minus_f_single,roc_auc,3.742556244668016e-05
phiusiil,rf,r02,f_stable_minus_f_single,pr_auc,9.099664664802276e-05
phiusiil,rf,r02,f_stable_minus_f_single,balanced_accuracy,0.0013058887986415746
phiusiil,rf,r03,f_single_minus_f_all,macro_f1,-0.0001436583122474966
phiusiil,rf,r03,f_single_minus_f_all,recall,-0.0008361741815142709
phiusiil,rf,r03,f_single_minus_f_all,fpr,-0.00039747602722707727
phiusiil,rf,r03,f_single_minus_f_all,roc_auc,-9.063499073913572e-05
phiusiil,rf,r03,f_single_minus_f_all,pr_auc,-0.00011753038767214896
phiusiil,rf,r03,f_single_minus_f_all,balanced_accuracy,-0.00021934907714360463
phiusiil,rf,r03,f_stable_minus_f_all,macro_f1,0.00028274504058489747
phiusiil,rf,r03,f_stable_minus_f_all,recall,-0.0008361741815142709
phiusiil,rf,r03,f_stable_minus_f_all,fpr,-0.0011427435782779046
phiusiil,rf,r03,f_stable_minus_f_all,roc_auc,1.386481109011406e-05
phiusiil,rf,r03,f_stable_minus_f_all,pr_auc,-1.0118071274045626e-05
phiusiil,rf,r03,f_stable_minus_f_all,balanced_accuracy,0.00015328469838182812
phiusiil,rf,r03,f_stable_minus_f_single,macro_f1,0.00042640335283239406
phiusiil,rf,r03,f_stable_minus_f_single,recall,0.0
phiusiil,rf,r03,f_stable_minus_f_single,fpr,-0.0007452675510508273
phiusiil,rf,r03,f_stable_minus_f_single,roc_auc,0.00010449980182924978
phiusiil,rf,r03,f_stable_minus_f_single,pr_auc,0.00010741231639810334
phiusiil,rf,r03,f_stable_minus_f_single,balanced_accuracy,0.00037263377552543275
phiusiil,rf,r04,f_single_minus_f_all,macro_f1,-0.0015013357453992349
phiusiil,rf,r04,f_single_minus_f_all,recall,-0.00855415487522515
phiusiil,rf,r04,f_single_minus_f_all,fpr,-0.004024444775674431
phiusiil,rf,r04,f_single_minus_f_all,roc_auc,-8.220407819636844e-05
phiusiil,rf,r04,f_single_minus_f_all,pr_auc,-6.392259815002355e-05
phiusiil,rf,r04,f_single_minus_f_all,balanced_accuracy,-0.0022648550497753606
phiusiil,rf,r04,f_stable_minus_f_all,macro_f1,-0.0004707731513728941
phiusiil,rf,r04,f_stable_minus_f_all,recall,-0.0061101106251608694
phiusiil,rf,r04,f_stable_minus_f_all,fpr,-0.003925075768867654
phiusiil,rf,r04,f_stable_minus_f_all,roc_auc,1.4487052751532836e-05
phiusiil,rf,r04,f_stable_minus_f_all,pr_auc,7.531354519163536e-05
phiusiil,rf,r04,f_stable_minus_f_all,balanced_accuracy,-0.0010925174281466443
phiusiil,rf,r04,f_stable_minus_f_single,macro_f1,0.0010305625940263408
phiusiil,rf,r04,f_stable_minus_f_single,recall,0.002444044250064281
phiusiil,rf,r04,f_stable_minus_f_single,fpr,9.936900680677756e-05
phiusiil,rf,r04,f_stable_minus_f_single,roc_auc,9.669113094790127e-05
phiusiil,rf,r04,f_stable_minus_f_single,pr_auc,0.0001392361433416589
phiusiil,rf,r04,f_stable_minus_f_single,balanced_accuracy,0.0011723376216287162
phiusiil,rf,r05,f_single_minus_f_all,macro_f1,0.0008558399763216595
phiusiil,rf,r05,f_single_minus_f_all,recall,0.0014793850903711547
phiusiil,rf,r05,f_single_minus_f_all,fpr,-0.00034779152382366854
phiusiil,rf,r05,f_single_minus_f_all,roc_auc,4.6793937163891464e-05
phiusiil,rf,r05,f_single_minus_f_all,pr_auc,1.5011651099405832e-05
phiusiil,rf,r05,f_single_minus_f_all,balanced_accuracy,0.0009135883070974238
phiusiil,rf,r05,f_stable_minus_f_all,macro_f1,0.0009452546983192978
phiusiil,rf,r05,f_stable_minus_f_all,recall,0.003473338907827972
phiusiil,rf,r05,f_stable_minus_f_all,fpr,0.0010433745714712086
phiusiil,rf,r05,f_stable_minus_f_all,roc_auc,8.443201774754883e-05
phiusiil,rf,r05,f_stable_minus_f_all,pr_auc,0.0001188580621030999
phiusiil,rf,r05,f_stable_minus_f_all,balanced_accuracy,0.0012149821681783912
phiusiil,rf,r05,f_stable_minus_f_single,macro_f1,8.941472199763822e-05
phiusiil,rf,r05,f_stable_minus_f_single,recall,0.001993953817456817
phiusiil,rf,r05,f_stable_minus_f_single,fpr,0.0013911660952948771
phiusiil,rf,r05,f_stable_minus_f_single,roc_auc,3.763808058365736e-05
phiusiil,rf,r05,f_stable_minus_f_single,pr_auc,0.00010384641100369407
phiusiil,rf,r05,f_stable_minus_f_single,balanced_accuracy,0.00030139386108096744
phiusiil,rf,r06,f_single_minus_f_all,macro_f1,0.00037145958116913125
phiusiil,rf,r06,f_single_minus_f_all,recall,0.001029137454171103
phiusiil,rf,r06,f_single_minus_f_all,fpr,0.00014905351021017414
phiusiil,rf,r06,f_single_minus_f_all,roc_auc,3.319437427495853e-05
phiusiil,rf,r06,f_single_minus_f_all,pr_auc,-5.992405500510056e-05
phiusiil,rf,r06,f_single_minus_f_all,balanced_accuracy,0.0004400419719803317
phiusiil,rf,r06,f_stable_minus_f_all,macro_f1,0.00048586353284796324
phiusiil,rf,r06,f_stable_minus_f_all,recall,0.001415063999485322
phiusiil,rf,r06,f_stable_minus_f_all,fpr,0.00024842251701694996
phiusiil,rf,r06,f_stable_minus_f_all,roc_auc,5.966486644082281e-06
phiusiil,rf,r06,f_stable_minus_f_all,pr_auc,-8.332534296928706e-05
phiusiil,rf,r06,f_stable_minus_f_all,balanced_accuracy,0.0005833207412341279
phiusiil,rf,r06,f_stable_minus_f_single,macro_f1,0.000114403951678832
phiusiil,rf,r06,f_stable_minus_f_single,recall,0.0003859265453142191
phiusiil,rf,r06,f_stable_minus_f_single,fpr,9.936900680677582e-05
phiusiil,rf,r06,f_stable_minus_f_single,roc_auc,-2.7227887630876246e-05
phiusiil,rf,r06,f_stable_minus_f_single,pr_auc,-2.34012879641865e-05
phiusiil,rf,r06,f_stable_minus_f_single,balanced_accuracy,0.00014327876925379623
phiusiil,rf,r07,f_single_minus_f_all,macro_f1,0.0003654474400605068
phiusiil,rf,r07,f_single_minus_f_all,recall,-0.0015437061812568764
phiusiil,rf,r07,f_single_minus_f_all,fpr,-0.001838326625925358
phiusiil,rf,r07,f_single_minus_f_all,roc_auc,0.00045161062846243993
phiusiil,rf,r07,f_single_minus_f_all,pr_auc,0.0006733024229177431
phiusiil,rf,r07,f_single_minus_f_all,balanced_accuracy,0.00014731022233438473
phiusiil,rf,r07,f_stable_minus_f_all,macro_f1,0.0010811508278071313
phiusiil,rf,r07,f_stable_minus_f_all,recall,0.00045024763619982977
phiusiil,rf,r07,f_stable_minus_f_all,fpr,-0.001540219605505027
phiusiil,rf,r07,f_stable_minus_f_all,roc_auc,0.0003444887043561051
phiusiil,rf,r07,f_stable_minus_f_all,pr_auc,0.0005498562452934674
phiusiil,rf,r07,f_stable_minus_f_all,balanced_accuracy,0.0009952336208525203
phiusiil,rf,r07,f_stable_minus_f_single,macro_f1,0.0007157033877466246
phiusiil,rf,r07,f_stable_minus_f_single,recall,0.001993953817456706
phiusiil,rf,r07,f_stable_minus_f_single,fpr,0.00029810702042033094
phiusiil,rf,r07,f_stable_minus_f_single,roc_auc,-0.00010712192410633481
phiusiil,rf,r07,f_stable_minus_f_single,pr_auc,-0.00012344617762427568
phiusiil,rf,r07,f_stable_minus_f_single,balanced_accuracy,0.0008479233985181356
phiusiil,rf,r08,f_single_minus_f_all,macro_f1,0.0005403092289819611
phiusiil,rf,r08,f_single_minus_f_all,recall,0.00019296327265716506
phiusiil,rf,r08,f_single_minus_f_all,fpr,-0.0007949520544541684
phiusiil,rf,r08,f_single_minus_f_all,roc_auc,-8.679048970394732e-05
phiusiil,rf,r08,f_single_minus_f_all,pr_auc,-7.909322807242436e-05
phiusiil,rf,r08,f_single_minus_f_all,balanced_accuracy,0.0004939576635556442
phiusiil,rf,r08,f_stable_minus_f_all,macro_f1,0.0008802240766934144
phiusiil,rf,r08,f_stable_minus_f_all,recall,-0.00045024763619982977
phiusiil,rf,r08,f_stable_minus_f_all,fpr,-0.0018880111293287146
phiusiil,rf,r08,f_stable_minus_f_all,roc_auc,-5.8992158652571014e-05
phiusiil,rf,r08,f_stable_minus_f_all,pr_auc,-0.00015249444666509682
phiusiil,rf,r08,f_stable_minus_f_all,balanced_accuracy,0.0007188817465644259
phiusiil,rf,r08,f_stable_minus_f_single,macro_f1,0.0003399148477114533
phiusiil,rf,r08,f_stable_minus_f_single,recall,-0.0006432109088569948
phiusiil,rf,r08,f_stable_minus_f_single,fpr,-0.0010930590748745462
phiusiil,rf,r08,f_stable_minus_f_single,roc_auc,2.77983310513763e-05
phiusiil,rf,r08,f_stable_minus_f_single,pr_auc,-7.340121859267246e-05
phiusiil,rf,r08,f_stable_minus_f_single,balanced_accuracy,0.00022492408300878175
phiusiil,rf,r09,f_single_minus_f_all,macro_f1,-0.0002238791190565248
phiusiil,rf,r09,f_single_minus_f_all,recall,0.0016722408026755842
phiusiil,rf,r09,f_single_minus_f_all,fpr,0.0016892731157152757
phiusiil,rf,r09,f_single_minus_f_all,roc_auc,4.9611005620286974e-06
phiusiil,rf,r09,f_single_minus_f_all,pr_auc,-3.3240216758212426e-05
phiusiil,rf,r09,f_single_minus_f_all,balanced_accuracy,-8.516156519644547e-06
phiusiil,rf,r09,f_stable_minus_f_all,macro_f1,-0.0006807892110445302
phiusiil,rf,r09,f_stable_minus_f_all,recall,0.0004502186776434991
phiusiil,rf,r09,f_stable_minus_f_all,fpr,0.0015402196055051103
phiusiil,rf,r09,f_stable_minus_f_all,roc_auc,8.585340305433675e-05
phiusiil,rf,r09,f_stable_minus_f_all,pr_auc,0.00010640286526764076
phiusiil,rf,r09,f_stable_minus_f_all,balanced_accuracy,-0.0005450004639305783
phiusiil,rf,r09,f_stable_minus_f_single,macro_f1,-0.00045691009198800536
phiusiil,rf,r09,f_stable_minus_f_single,recall,-0.001222022125032085
phiusiil,rf,r09,f_stable_minus_f_single,fpr,-0.00014905351021016547
phiusiil,rf,r09,f_stable_minus_f_single,roc_auc,8.089230249230805e-05
phiusiil,rf,r09,f_stable_minus_f_single,pr_auc,0.00013964308202585318
phiusiil,rf,r09,f_stable_minus_f_single,balanced_accuracy,-0.0005364843074109338
phiusiil,xgb,r00,f_single_minus_f_all,macro_f1,0.00037360772144201526
phiusiil,xgb,r00,f_single_minus_f_all,recall,0.0025085225445423687
phiusiil,xgb,r00,f_single_minus_f_all,fpr,0.00129179708848814
phiusiil,xgb,r00,f_single_minus_f_all,roc_auc,0.0001327934759064453
phiusiil,xgb,r00,f_single_minus_f_all,pr_auc,9.791610228082614e-05
phiusiil,xgb,r00,f_single_minus_f_all,balanced_accuracy,0.000608362728027112
phiusiil,xgb,r00,f_stable_minus_f_all,macro_f1,-0.0006012526461460777
phiusiil,xgb,r00,f_stable_minus_f_all,recall,-0.002058274908342428
phiusiil,xgb,r00,f_stable_minus_f_all,fpr,-0.0005465295374372341
phiusiil,xgb,r00,f_stable_minus_f_all,roc_auc,9.39777572251943e-05
phiusiil,xgb,r00,f_stable_minus_f_all,pr_auc,7.114374476346885e-05
phiusiil,xgb,r00,f_stable_minus_f_all,balanced_accuracy,-0.0007558726854526299
phiusiil,xgb,r00,f_stable_minus_f_single,macro_f1,-0.0009748603675880929
phiusiil,xgb,r00,f_stable_minus_f_single,recall,-0.0045667974528847965
phiusiil,xgb,r00,f_stable_minus_f_single,fpr,-0.001838326625925374
phiusiil,xgb,r00,f_stable_minus_f_single,roc_auc,-3.8815718681251e-05
phiusiil,xgb,r00,f_stable_minus_f_single,pr_auc,-2.6772357517357293e-05
phiusiil,xgb,r00,f_stable_minus_f_single,balanced_accuracy,-0.0013642354134797419
phiusiil,xgb,r01,f_single_minus_f_all,macro_f1,0.0009138757657630725
phiusiil,xgb,r01,f_single_minus_f_all,recall,0.0018653116356854849
phiusiil,xgb,r01,f_single_minus_f_all,fpr,-0.00014905351021012123
phiusiil,xgb,r01,f_single_minus_f_all,roc_auc,1.3770536126944677e-05
phiusiil,xgb,r01,f_single_minus_f_all,pr_auc,2.9037089820160844e-05
phiusiil,xgb,r01,f_single_minus_f_all,balanced_accuracy,0.0010071825729476291
phiusiil,xgb,r01,f_stable_minus_f_all,macro_f1,0.0001117173295163143
phiusiil,xgb,r01,f_stable_minus_f_all,recall,-0.0012864218177138786
phiusiil,xgb,r01,f_stable_minus_f_all,fpr,-0.0011924280816812795
phiusiil,xgb,r01,f_stable_minus_f_all,roc_auc,-5.028530655759589e-06
phiusiil,xgb,r01,f_stable_minus_f_all,pr_auc,1.0668053580853432e-05
phiusiil,xgb,r01,f_stable_minus_f_all,balanced_accuracy,-4.699686801645786e-05
phiusiil,xgb,r01,f_stable_minus_f_single,macro_f1,-0.0008021584362467582
phiusiil,xgb,r01,f_stable_minus_f_single,recall,-0.0031517334533993635
phiusiil,xgb,r01,f_stable_minus_f_single,fpr,-0.0010433745714711583
phiusiil,xgb,r01,f_stable_minus_f_single,roc_auc,-1.8799066782704266e-05
phiusiil,xgb,r01,f_stable_minus_f_single,pr_auc,-1.8369036239307412e-05
phiusiil,xgb,r01,f_stable_minus_f_single,balanced_accuracy,-0.001054179440964087
phiusiil,xgb,r02,f_single_minus_f_all,macro_f1,-0.0013018931577667425
phiusiil,xgb,r02,f_single_minus_f_all,recall,0.0037949443622563583
phiusiil,xgb,r02,f_single_minus_f_all,fpr,0.005216872857355861
phiusiil,xgb,r02,f_single_minus_f_all,roc_auc,-1.884380744310299e-05
phiusiil,xgb,r02,f_single_minus_f_all,pr_auc,-2.426947200029339e-05
phiusiil,xgb,r02,f_single_minus_f_all,balanced_accuracy,-0.0007109642475497946
phiusiil,xgb,r02,f_stable_minus_f_all,macro_f1,-0.0007610031081459745
phiusiil,xgb,r02,f_stable_minus_f_all,recall,0.004052228725799134
phiusiil,xgb,r02,f_stable_minus_f_all,fpr,0.0044716053063050334
phiusiil,xgb,r02,f_stable_minus_f_all,roc_auc,1.548506214965606e-05
phiusiil,xgb,r02,f_stable_minus_f_all,pr_auc,2.3543904059675214e-06
phiusiil,xgb,r02,f_stable_minus_f_all,balanced_accuracy,-0.00020968829025291846
phiusiil,xgb,r02,f_stable_minus_f_single,macro_f1,0.000540890049620768
phiusiil,xgb,r02,f_stable_minus_f_single,recall,0.00025728436354277573
phiusiil,xgb,r02,f_stable_minus_f_single,fpr,-0.0007452675510508273
phiusiil,xgb,r02,f_stable_minus_f_single,roc_auc,3.432886959275905e-05
phiusiil,xgb,r02,f_stable_minus_f_single,pr_auc,2.6623862406260912e-05
phiusiil,xgb,r02,f_stable_minus_f_single,balanced_accuracy,0.0005012759572968761
phiusiil,xgb,r03,f_single_minus_f_all,macro_f1,-0.0004001047523229939
phiusiil,xgb,r03,f_single_minus_f_all,recall,-0.0012864218177139897
phiusiil,xgb,r03,f_single_minus_f_all,fpr,-0.0002981070204202442
phiusiil,xgb,r03,f_single_minus_f_all,roc_auc,-1.02839603751681e-05
phiusiil,xgb,r03,f_single_minus_f_all,pr_auc,-1.5089767434250945e-05
phiusiil,xgb,r03,f_single_minus_f_all,balanced_accuracy,-0.0004941573986467773
phiusiil,xgb,r03,f_stable_minus_f_all,macro_f1,-0.0003715556821403121
phiusiil,xgb,r03,f_stable_minus_f_all,recall,-0.001222100726828268
phiusiil,xgb,r03,f_stable_minus_f_all,fpr,-0.0002981070204202442
phiusiil,xgb,r03,f_stable_minus_f_all,roc_auc,3.0307003796581355e-05
phiusiil,xgb,r03,f_stable_minus_f_all,pr_auc,5.255440075013773e-06
phiusiil,xgb,r03,f_stable_minus_f_all,balanced_accuracy,-0.0004619968532039165
phiusiil,xgb,r03,f_stable_minus_f_single,macro_f1,2.8549070182681824e-05
phiusiil,xgb,r03,f_stable_minus_f_single,recall,6.432109088572169e-05
phiusiil,xgb,r03,f_stable_minus_f_single,fpr,0.0
phiusiil,xgb,r03,f_stable_minus_f_single,roc_auc,4.0590964171749455e-05
phiusiil,xgb,r03,f_stable_minus_f_single,pr_auc,2.0345207509264718e-05
phiusiil,xgb,r03,f_stable_minus_f_single,balanced_accuracy,3.2160545442860844e-05
phiusiil,xgb,r04,f_single_minus_f_all,macro_f1,0.0008295641881894689
phiusiil,xgb,r04,f_single_minus_f_all,recall,0.002186776434268123
phiusiil,xgb,r04,f_single_minus_f_all,fpr,0.0002484225170170241
phiusiil,xgb,r04,f_single_minus_f_all,roc_auc,2.0045722269879107e-05
phiusiil,xgb,r04,f_single_minus_f_all,pr_auc,-2.98106666796194e-07
phiusiil,xgb,r04,f_single_minus_f_all,balanced_accuracy,0.0009691769586255283
phiusiil,xgb,r04,f_stable_minus_f_all,macro_f1,0.000522779571262677
phiusiil,xgb,r04,f_stable_minus_f_all,recall,0.006174427579109909
phiusiil,xgb,r04,f_stable_minus_f_all,fpr,0.0038753912654643833
phiusiil,xgb,r04,f_stable_minus_f_all,roc_auc,6.028416238423873e-06
phiusiil,xgb,r04,f_stable_minus_f_all,pr_auc,-1.3628367517282136e-05
phiusiil,xgb,r04,f_stable_minus_f_all,balanced_accuracy,0.0011495181568227375
phiusiil,xgb,r04,f_stable_minus_f_single,macro_f1,-0.0003067846169267918
phiusiil,xgb,r04,f_stable_minus_f_single,recall,0.003987651144841786
phiusiil,xgb,r04,f_stable_minus_f_single,fpr,0.003626968748447359
phiusiil,xgb,r04,f_stable_minus_f_single,roc_auc,-1.4017306031455234e-05
phiusiil,xgb,r04,f_stable_minus_f_single,pr_auc,-1.3330260850485942e-05
phiusiil,xgb,r04,f_stable_minus_f_single,balanced_accuracy,0.00018034119819720917
phiusiil,xgb,r05,f_single_minus_f_all,macro_f1,-0.00028410226854058696
phiusiil,xgb,r05,f_single_minus_f_all,recall,0.0003216054544283864
phiusiil,xgb,r05,f_single_minus_f_all,fpr,0.0007452675510508794
phiusiil,xgb,r05,f_single_minus_f_all,roc_auc,3.1633244802264926e-05
phiusiil,xgb,r05,f_single_minus_f_all,pr_auc,3.991551322557463e-05
phiusiil,xgb,r05,f_single_minus_f_all,balanced_accuracy,-0.00021183104831123956
phiusiil,xgb,r05,f_stable_minus_f_all,macro_f1,-0.00039537131621247834
phiusiil,xgb,r05,f_stable_minus_f_all,recall,0.0019296327265708735
phiusiil,xgb,r05,f_stable_minus_f_all,fpr,0.0021861181497491453
phiusiil,xgb,r05,f_stable_minus_f_all,roc_auc,4.4902046380190797e-05
phiusiil,xgb,r05,f_stable_minus_f_all,pr_auc,3.3846115437885516e-05
phiusiil,xgb,r05,f_stable_minus_f_all,balanced_accuracy,-0.00012824271158906608
phiusiil,xgb,r05,f_stable_minus_f_single,macro_f1,-0.00011126904767189139
phiusiil,xgb,r05,f_stable_minus_f_single,recall,0.001608027272142487
phiusiil,xgb,r05,f_stable_minus_f_single,fpr,0.001440850598698266
phiusiil,xgb,r05,f_stable_minus_f_single,roc_auc,1.326880157792587e-05
phiusiil,xgb,r05,f_stable_minus_f_single,pr_auc,-6.0693977876891125e-06
phiusiil,xgb,r05,f_stable_minus_f_single,balanced_accuracy,8.358833672217347e-05
phiusiil,xgb,r06,f_single_minus_f_all,macro_f1,2.8117445038167155e-05
phiusiil,xgb,r06,f_single_minus_f_all,recall,-0.00025728436354277573
phiusiil,xgb,r06,f_single_minus_f_all,fpr,-0.00024842251701685195
phiusiil,xgb,r06,f_single_minus_f_all,roc_auc,-3.634060143109519e-05
phiusiil,xgb,r06,f_single_minus_f_all,pr_auc,-2.579134750313461e-05
phiusiil,xgb,r06,f_single_minus_f_all,balanced_accuracy,-4.430923262965791e-06
phiusiil,xgb,r06,f_stable_minus_f_all,macro_f1,0.00011214941910531184
phiusiil,xgb,r06,f_stable_minus_f_all,recall,-0.0012864218177139897
phiusiil,xgb,r06,f_stable_minus_f_all,fpr,-0.0011924280816812335
phiusiil,xgb,r06,f_stable_minus_f_all,roc_auc,4.961899029365391e-05
phiusiil,xgb,r06,f_stable_minus_f_all,pr_auc,4.805493883630607e-05
phiusiil,xgb,r06,f_stable_minus_f_all,balanced_accuracy,-4.699686801634684e-05
phiusiil,xgb,r06,f_stable_minus_f_single,macro_f1,8.403197406714469e-05
phiusiil,xgb,r06,f_stable_minus_f_single,recall,-0.001029137454171214
phiusiil,xgb,r06,f_stable_minus_f_single,fpr,-0.0009440055646643816
phiusiil,xgb,r06,f_stable_minus_f_single,roc_auc,8.59595917247491e-05
phiusiil,xgb,r06,f_stable_minus_f_single,pr_auc,7.384628633944068e-05
phiusiil,xgb,r06,f_stable_minus_f_single,balanced_accuracy,-4.2565944753381046e-05
phiusiil,xgb,r07,f_single_minus_f_all,macro_f1,0.0001449790566896425
phiusiil,xgb,r07,f_single_minus_f_all,recall,0.0015437061812568764
phiusiil,xgb,r07,f_single_minus_f_all,fpr,0.0009440055646644176
phiusiil,xgb,r07,f_single_minus_f_all,roc_auc,3.466122878459377e-05
phiusiil,xgb,r07,f_single_minus_f_all,pr_auc,5.269637768701152e-06
phiusiil,xgb,r07,f_single_minus_f_all,balanced_accuracy,0.00029985030829604575
phiusiil,xgb,r07,f_stable_minus_f_all,macro_f1,-0.00041907730235357654
phiusiil,xgb,r07,f_stable_minus_f_all,recall,0.0043738341802277425
phiusiil,xgb,r07,f_stable_minus_f_all,fpr,0.00412381378248128
phiusiil,xgb,r07,f_stable_minus_f_all,roc_auc,-4.739474031811852e-05
phiusiil,xgb,r07,f_stable_minus_f_all,pr_auc,-3.050061714404695e-05
phiusiil,xgb,r07,f_stable_minus_f_all,balanced_accuracy,0.00012501019887312115
phiusiil,xgb,r07,f_stable_minus_f_single,macro_f1,-0.000564056359043219
phiusiil,xgb,r07,f_stable_minus_f_single,recall,0.002830127998970866
phiusiil,xgb,r07,f_stable_minus_f_single,fpr,0.0031798082178168628
phiusiil,xgb,r07,f_stable_minus_f_single,roc_auc,-8.205596910271229e-05
phiusiil,xgb,r07,f_stable_minus_f_single,pr_auc,-3.57702549127481e-05
phiusiil,xgb,r07,f_stable_minus_f_single,balanced_accuracy,-0.0001748401094229246
phiusiil,xgb,r08,f_single_minus_f_all,macro_f1,-0.00037270690911461735
phiusiil,xgb,r08,f_single_minus_f_all,recall,-0.0021869170901137602
phiusiil,xgb,r08,f_single_minus_f_all,fpr,-0.0010433745714711323
phiusiil,xgb,r08,f_single_minus_f_all,roc_auc,-4.120934401397047e-05
phiusiil,xgb,r08,f_single_minus_f_all,pr_auc,-5.661668509160389e-05
phiusiil,xgb,r08,f_single_minus_f_all,balanced_accuracy,-0.0005717712593211743
phiusiil,xgb,r08,f_stable_minus_f_all,macro_f1,-0.0005742223854048323
phiusiil,xgb,r08,f_stable_minus_f_all,recall,-0.003859265453141969
phiusiil,xgb,r08,f_stable_minus_f_all,fpr,-0.001987380136135514
phiusiil,xgb,r08,f_stable_minus_f_all,roc_auc,-5.472102346271157e-05
phiusiil,xgb,r08,f_stable_minus_f_all,pr_auc,-5.476498187295675e-05
phiusiil,xgb,r08,f_stable_minus_f_all,balanced_accuracy,-0.0009359426585030528
phiusiil,xgb,r08,f_stable_minus_f_single,macro_f1,-0.00020151547629021493
phiusiil,xgb,r08,f_stable_minus_f_single,recall,-0.0016723483630282088
phiusiil,xgb,r08,f_stable_minus_f_single,fpr,-0.0009440055646643816
phiusiil,xgb,r08,f_stable_minus_f_single,roc_auc,-1.3511679448741098e-05
phiusiil,xgb,r08,f_stable_minus_f_single,pr_auc,1.8517032186471383e-06
phiusiil,xgb,r08,f_stable_minus_f_single,balanced_accuracy,-0.00036417139918187846
phiusiil,xgb,r09,f_single_minus_f_all,macro_f1,-0.0002236716006416284
phiusiil,xgb,r09,f_single_minus_f_all,recall,0.003215847697453089
phiusiil,xgb,r09,f_single_minus_f_all,fpr,0.0028817011973965717
phiusiil,xgb,r09,f_single_minus_f_all,roc_auc,0.00011195310600942143
phiusiil,xgb,r09,f_single_minus_f_all,pr_auc,4.529363827443511e-05
phiusiil,xgb,r09,f_single_minus_f_all,balanced_accuracy,0.0001670732500281824
phiusiil,xgb,r09,f_stable_minus_f_all,macro_f1,0.00034582331908361574
phiusiil,xgb,r09,f_stable_minus_f_all,recall,0.003408798559300208
phiusiil,xgb,r09,f_stable_minus_f_all,fpr,0.002037064639538967
phiusiil,xgb,r09,f_stable_minus_f_all,roc_auc,-3.995084007912819e-05
phiusiil,xgb,r09,f_stable_minus_f_all,pr_auc,-3.7780092729255976e-05
phiusiil,xgb,r09,f_stable_minus_f_all,balanced_accuracy,0.0006858669598805989
phiusiil,xgb,r09,f_stable_minus_f_single,macro_f1,0.0005694949197252441
phiusiil,xgb,r09,f_stable_minus_f_single,recall,0.00019295086184711874
phiusiil,xgb,r09,f_stable_minus_f_single,fpr,-0.0008446365578576049
phiusiil,xgb,r09,f_stable_minus_f_single,roc_auc,-0.00015190394608854962
phiusiil,xgb,r09,f_stable_minus_f_single,pr_auc,-8.307373100369109e-05
phiusiil,xgb,r09,f_stable_minus_f_single,balanced_accuracy,0.0005187937098524165
