source_dataset,target_dataset,repetition,model,feature_set,n_samples,source_threshold,source_threshold_macro_f1,oracle_target_threshold,oracle_target_macro_f1,threshold_regret,brier_score,log_loss,ece_15
iscx_url2016_binary,phiusiil,r00,lr,f_all,234382,0.86,0.2863833315622346,0.9999964237213135,0.5075285672625576,0.22114523570032296,0.5829983942695895,6.3953776316173885,0.5867040354370123
iscx_url2016_binary,phiusiil,r00,lr,f_single,234382,0.76,0.28781783266080024,0.9999934893432063,0.5332646228534634,0.2454467901926632,0.5856998551535685,5.998049357439247,0.5899358968601438
iscx_url2016_binary,phiusiil,r00,lr,f_stable,234382,0.67,0.28783081644434994,0.9999678029231225,0.5302227628669361,0.2423919464225862,0.5875891601168645,6.198396487935394,0.5920788033332107
iscx_url2016_binary,phiusiil,r00,lr,f_mi,234382,0.86,0.2840237047898338,0.9999902188203318,0.5749802173355374,0.2909565125457036,0.5853427527721317,6.004765529345944,0.5901423607329023
iscx_url2016_binary,phiusiil,r00,lr,f_permutation,234382,0.8,0.28533556773037555,0.9999916688515279,0.5063577156416811,0.22102214791130553,0.5868060179052004,6.114755966403101,0.5911476382449073
iscx_url2016_binary,phiusiil,r00,rf,f_all,234382,0.73,0.2916704443114713,1.0000000000000002,0.36502664437948534,0.07335620006801402,0.5772560294557479,17.60653341613455,0.581407496942823
iscx_url2016_binary,phiusiil,r00,rf,f_single,234382,0.72,0.29171753556793867,1.0000000000000002,0.36502664437948534,0.07330910881154667,0.5790184294524443,19.519394576833445,0.582724692088447
iscx_url2016_binary,phiusiil,r00,rf,f_stable,234382,0.65,0.29297170764668795,0.9950171159606334,0.40218544367259856,0.10921373602591061,0.5787129241783714,16.92459308694063,0.5824741575787711
iscx_url2016_binary,phiusiil,r00,rf,f_mi,234382,0.82,0.2895577581764724,1.0000000000000002,0.36502664437948534,0.07546888620301295,0.5804357511491399,19.85391889441485,0.5837036693627607
iscx_url2016_binary,phiusiil,r00,rf,f_permutation,234382,0.62,0.2943999229319573,0.9996701784582794,0.37429881453287345,0.07989889160091612,0.5774482429019708,16.781568492148033,0.5807537945742705
iscx_url2016_binary,phiusiil,r00,xgb,f_all,234382,0.91,0.29483299135321833,0.9999957084655762,0.47979566865796663,0.1849626773047483,0.5785664805810766,6.969627884871605,0.5792697297783936
iscx_url2016_binary,phiusiil,r00,xgb,f_single,234382,0.87,0.29383230844784836,0.999990701675415,0.5634725782687301,0.26964026982088174,0.5797078736753304,6.5050169127000315,0.5808437847080015
iscx_url2016_binary,phiusiil,r00,xgb,f_stable,234382,0.79,0.2950705284369455,0.9998692274093628,0.5140867147505563,0.21901618631361086,0.5786283638232536,5.032076380435554,0.5794270130404564
iscx_url2016_binary,phiusiil,r00,xgb,f_mi,234382,0.95,0.2918395156100346,0.9999703168869019,0.423188967154694,0.13134945154465938,0.5806605629205143,5.7857262597609775,0.5818694080130513
iscx_url2016_binary,phiusiil,r00,xgb,f_permutation,234382,0.79,0.2946717142839947,0.9999384880065918,0.4756574974491103,0.1809857831651156,0.5784661506880701,5.116425481165987,0.579562069410768
iscx_url2016_binary,phiusiil,r01,lr,f_all,233296,0.66,0.2890859544072465,0.9999784231185913,0.5393392967734163,0.2502533423661698,0.5848260426891637,5.111553902419998,0.5892436314827846
iscx_url2016_binary,phiusiil,r01,lr,f_single,233296,0.71,0.28382327660306,0.9999428758443902,0.529580776481118,0.245757499878058,0.5891191857634074,4.540500665814435,0.5965751153994032
iscx_url2016_binary,phiusiil,r01,lr,f_stable,233296,0.9,0.2813745602848676,0.9999897795307187,0.5136016233112671,0.2322270630263995,0.583842182177392,5.567131780908308,0.5885802005460824
iscx_url2016_binary,phiusiil,r01,lr,f_mi,233296,0.45,0.290181641159826,0.9999350122032559,0.5854566695749436,0.2952750284151176,0.5876089586418471,5.111477926096115,0.5930745332087876
iscx_url2016_binary,phiusiil,r01,lr,f_permutation,233296,0.93,0.27402226950957254,0.9999770295246295,0.5339110526514503,0.2598887831418778,0.5877260721590376,4.330829616267562,0.5953454918185282
iscx_url2016_binary,phiusiil,r01,rf,f_all,233296,0.56,0.29348988065134507,1.0000000000000002,0.36610548968035733,0.07261560902901226,0.5810818131908937,18.286961606410586,0.5850503366526091
iscx_url2016_binary,phiusiil,r01,rf,f_single,233296,0.54,0.29245065569991874,1.0000000000000002,0.36610548968035733,0.0736548339804386,0.5826078299265562,19.862999776774007,0.5860654050224375
iscx_url2016_binary,phiusiil,r01,rf,f_stable,233296,0.65,0.29140406454924567,0.9998921824642086,0.367477637657025,0.07607357310777935,0.5819190995608648,17.381113934252955,0.5852127999034678
iscx_url2016_binary,phiusiil,r01,rf,f_mi,233296,0.56,0.29206633388459846,1.0000000000000002,0.36610548968035733,0.07403915579575887,0.5828106528509692,18.84740569974995,0.5860304085203752
iscx_url2016_binary,phiusiil,r01,rf,f_permutation,233296,0.61,0.2932201900734058,0.9997324755785244,0.40323728715286095,0.11001709707945517,0.5809789920917785,16.12207263857112,0.5839946986637186
iscx_url2016_binary,phiusiil,r01,xgb,f_all,233296,0.3,0.29495033137600374,0.9999954700469971,0.5108420627367144,0.21589173136071066,0.581613519687473,7.045079820744181,0.5823812212529422
iscx_url2016_binary,phiusiil,r01,xgb,f_single,233296,0.5,0.29449618966977137,0.9999940395355225,0.5100370526303999,0.21554086296062852,0.5814582258831593,6.815552446838282,0.582242919273288
iscx_url2016_binary,phiusiil,r01,xgb,f_stable,233296,0.62,0.2946113795376345,0.9999929666519165,0.5519179246721765,0.257306545134542,0.5810232107036594,6.596055878311574,0.5816733609099299
iscx_url2016_binary,phiusiil,r01,xgb,f_mi,233296,0.49,0.29322447248436007,0.9999970197677612,0.4482146040982447,0.15499013161388464,0.5835096795026047,7.153093858934276,0.5845665754853195
iscx_url2016_binary,phiusiil,r01,xgb,f_permutation,233296,0.57,0.2947286638914837,0.9999865293502808,0.6010601961702143,0.3063315322787306,0.5808969066653841,6.2416496446624965,0.5817141906863496
iscx_url2016_binary,phiusiil,r02,lr,f_all,233305,0.67,0.2890303481728837,0.9999759793281555,0.5398119618062719,0.2507816136333882,0.5847840779687229,5.194604294153568,0.5890812513471955
iscx_url2016_binary,phiusiil,r02,lr,f_single,233305,0.72,0.2838220306725114,0.9999495356115844,0.5300565465046501,0.24623451583213868,0.5891180267662067,4.6014970409691545,0.596269892614457
iscx_url2016_binary,phiusiil,r02,lr,f_stable,233305,0.9,0.28230849921710854,0.9999879338192184,0.5116758835734359,0.2293673843563273,0.5836870564809036,5.6055818707595675,0.5880677545536629
iscx_url2016_binary,phiusiil,r02,lr,f_mi,233305,0.59,0.28900124033559155,0.9999911956614405,0.5786024833652323,0.2896012430296408,0.5875001062689176,6.098076563359143,0.592030774989104
iscx_url2016_binary,phiusiil,r02,lr,f_permutation,233305,0.65,0.2858680218476054,0.9998031358210155,0.6129015853676123,0.3270335635200069,0.5868324425992453,4.2544987597115895,0.5942412102288699
iscx_url2016_binary,phiusiil,r02,rf,f_all,233305,0.42,0.29483788873004024,0.99528568983078,0.4052502494703042,0.11041236074026395,0.5807661697596119,15.56539340371464,0.5850236441916125
iscx_url2016_binary,phiusiil,r02,rf,f_single,233305,0.57,0.29204546833845146,1.0000000000000002,0.3660948147504103,0.07404934641195882,0.5828314529489017,19.904074062383835,0.5861159759587877
iscx_url2016_binary,phiusiil,r02,rf,f_stable,233305,0.55,0.29313082101716686,0.9950066871296178,0.5184637143082104,0.2253328932910435,0.5796800776430328,13.320169824108426,0.5835529275579652
iscx_url2016_binary,phiusiil,r02,rf,f_mi,233305,0.54,0.2929358746283674,1.0000000000000002,0.3660948147504103,0.07315894012204288,0.5815190220681516,18.172926903396025,0.5850926946999514
iscx_url2016_binary,phiusiil,r02,rf,f_permutation,233305,0.5,0.2935952596504083,1.0000000000000002,0.3660948147504103,0.072499555100002,0.5821022146486425,19.91284805854393,0.5848680825135337
iscx_url2016_binary,phiusiil,r02,xgb,f_all,233305,0.16,0.2952851874114594,0.9999966621398926,0.4913568629519014,0.19607167554044197,0.581640804072232,7.169358253490902,0.5824655835046413
iscx_url2016_binary,phiusiil,r02,xgb,f_single,233305,0.15,0.29525538515446353,0.9999978542327881,0.43052400542783337,0.13526862027336983,0.5815063055094657,7.151783624098719,0.5821122165739606
iscx_url2016_binary,phiusiil,r02,xgb,f_stable,233305,0.37,0.2946588102270769,0.9999090433120728,0.45694381842241005,0.16228500819533315,0.58168341462089,5.285399797692184,0.5823358869826504
iscx_url2016_binary,phiusiil,r02,xgb,f_mi,233305,0.19,0.29353536638172495,0.9999364614486694,0.40590300529898066,0.11236763891725571,0.5845157367567564,5.405399099097855,0.5853766339411572
iscx_url2016_binary,phiusiil,r02,xgb,f_permutation,233305,0.15,0.29528093010049505,0.99982750415802,0.6068303704836691,0.311549440383174,0.582158932822874,4.88347743996805,0.5834542511373427
iscx_url2016_binary,phiusiil,r03,lr,f_all,234331,0.88,0.28595726384771775,0.9999979734420776,0.5093760723307825,0.22341880848306478,0.5828767193034852,6.620724982612887,0.5864964866494056
iscx_url2016_binary,phiusiil,r03,lr,f_single,234331,0.39,0.2921732511319803,0.9999922242093391,0.5249144221518832,0.23274117101990294,0.5857098042178742,5.966644563154492,0.590044117626141
iscx_url2016_binary,phiusiil,r03,lr,f_stable,234331,0.4,0.29163618555890763,0.9999931059504592,0.5063967315896591,0.2147605460307515,0.586446150149414,6.118679166160007,0.5911429874330282
iscx_url2016_binary,phiusiil,r03,lr,f_mi,234331,0.84,0.2847279242760469,0.9999898441766412,0.578087197402449,0.2933592731264021,0.5853252233655221,6.060808061380309,0.5901342076032847
iscx_url2016_binary,phiusiil,r03,lr,f_permutation,234331,0.58,0.2895029056832048,0.9999928716482154,0.51382692507307,0.22432401938986524,0.58663866098191,6.111221270680695,0.5910443003569765
iscx_url2016_binary,phiusiil,r03,rf,f_all,234331,0.64,0.2935602806090918,1.0000000000000002,0.36508568719095036,0.07152540658185857,0.5792630222167533,19.728928034427348,0.5832055632067953
iscx_url2016_binary,phiusiil,r03,rf,f_single,234331,0.6,0.29384341851494694,0.9951314508276533,0.37289098524112213,0.07904756672617519,0.5787822208825468,17.340107284490024,0.5817604305458053
iscx_url2016_binary,phiusiil,r03,rf,f_stable,234331,0.73,0.29255362506981447,1.0000000000000002,0.36508568719095036,0.07253206212113589,0.5799617813592355,19.87565255516964,0.5826944404149109
iscx_url2016_binary,phiusiil,r03,rf,f_mi,234331,0.8,0.28988454195581687,1.0000000000000002,0.36508568719095036,0.07520114523513349,0.5801982464951059,18.977207310247124,0.5835185035998184
iscx_url2016_binary,phiusiil,r03,rf,f_permutation,234331,0.6,0.2945555806427335,1.0000000000000002,0.36508568719095036,0.07053010654821684,0.5789105750489983,19.84728920195413,0.5816045737458855
iscx_url2016_binary,phiusiil,r03,xgb,f_all,234331,0.65,0.2950479382203143,0.9998996257781982,0.5614516759531282,0.2664037377328139,0.579163866816605,5.244101975157195,0.5802404100415587
iscx_url2016_binary,phiusiil,r03,xgb,f_single,234331,0.56,0.29563277955290773,0.9999160766601562,0.528635153191002,0.23300237363809423,0.5787506478209992,5.1970937980636105,0.5796929092089976
iscx_url2016_binary,phiusiil,r03,xgb,f_stable,234331,0.58,0.2955946673079524,0.9998927116394043,0.5164230406531897,0.22082837334523725,0.5787959123556852,5.310732549834987,0.5796914454985087
iscx_url2016_binary,phiusiil,r03,xgb,f_mi,234331,0.95,0.2920877175492497,0.9999322891235352,0.4206156679906457,0.12852795044139598,0.5819429050886702,5.393159684861666,0.582952135324286
iscx_url2016_binary,phiusiil,r03,xgb,f_permutation,234331,0.72,0.2952726660311025,0.9999412298202515,0.5530614712748048,0.25778880524370223,0.5787355150735606,5.342280347448158,0.5798520759063261
iscx_url2016_binary,phiusiil,r04,lr,f_all,233299,0.68,0.2887407659756898,0.9999714493751526,0.5405030735438926,0.2517623075682028,0.5847456234134136,5.13825053619321,0.5891336040090495
iscx_url2016_binary,phiusiil,r04,lr,f_single,233299,0.89,0.28460467569424003,0.9999879386986086,0.5097360654966434,0.22513138980240338,0.5831215725450337,5.851216894705515,0.5866358568087252
iscx_url2016_binary,phiusiil,r04,lr,f_stable,233299,0.76,0.2833080406239824,0.9999835455500587,0.514534788496083,0.23122674787210062,0.5891676217514017,5.251687676054712,0.595811451045769
iscx_url2016_binary,phiusiil,r04,lr,f_mi,233299,0.62,0.2886748501423876,0.9999893674830143,0.5772974229319097,0.2886225727895221,0.5875062261906095,6.058304999941548,0.5920786361219411
iscx_url2016_binary,phiusiil,r04,lr,f_permutation,233299,0.64,0.28722529948581016,0.9999720069304204,0.5396707536019323,0.2524454541161221,0.5881336816571905,4.764572637967319,0.5940717851235172
iscx_url2016_binary,phiusiil,r04,rf,f_all,233299,0.43,0.2948261843373967,0.9990000128746033,0.4885769007069288,0.19375071636953206,0.5800690891901797,12.693394287295853,0.5842816810082462
iscx_url2016_binary,phiusiil,r04,rf,f_single,233299,0.61,0.29263678122583875,1.0000000000000002,0.3661007830713133,0.07346400184547452,0.580952738634711,18.206836592267685,0.5843914526486971
iscx_url2016_binary,phiusiil,r04,rf,f_stable,233299,0.6,0.29267752869625324,1.0000000000000002,0.3661007830713133,0.07342325437506003,0.5817941732150149,19.438756733433898,0.584869590442779
iscx_url2016_binary,phiusiil,r04,rf,f_mi,233299,0.61,0.292087304549413,1.0000000000000002,0.3661007830713133,0.07401347852190027,0.5821047890896086,18.738656848901556,0.5854465255263791
iscx_url2016_binary,phiusiil,r04,rf,f_permutation,233299,0.5,0.2938934994340228,1.0000000000000002,0.3661007830713133,0.07220728363729045,0.5815193080140223,17.526968438706973,0.5846434288769646
iscx_url2016_binary,phiusiil,r04,xgb,f_all,233299,0.32,0.29476649809105504,0.9999946355819702,0.5187859902514386,0.22401949216038353,0.5818715783040305,6.950510486693771,0.5826952182496172
iscx_url2016_binary,phiusiil,r04,xgb,f_single,233299,0.5,0.29463643235071807,0.9999947547912598,0.5235921184452635,0.22895568609454547,0.5813543413089248,6.988228178928124,0.5822538405305092
iscx_url2016_binary,phiusiil,r04,xgb,f_stable,233299,0.71,0.29411568927644277,0.9999971389770508,0.4534871642954976,0.15937147501905485,0.5815923172884309,7.113146286919331,0.5824333163155974
iscx_url2016_binary,phiusiil,r04,xgb,f_mi,233299,0.46,0.2931275829889348,0.9999978542327881,0.4280544327704879,0.13492684978155306,0.5839241706250409,7.10990727580899,0.584921934870367
iscx_url2016_binary,phiusiil,r04,xgb,f_permutation,233299,0.26,0.2949071709426766,0.9998534917831421,0.5924317703429361,0.29752459940025955,0.58189065017144,5.046453038019184,0.583259879482421
iscx_url2016_binary,phiusiil,r05,lr,f_all,234478,0.86,0.28652269328779084,0.9999975562095642,0.5116036441828643,0.22508095089507346,0.5824944846796855,6.530806487653982,0.5862604947367763
iscx_url2016_binary,phiusiil,r05,lr,f_single,234478,0.77,0.2872575840476625,0.9999940956559494,0.5255876544154223,0.23833007036775983,0.5852061256801326,6.112918150809728,0.5895780763862914
iscx_url2016_binary,phiusiil,r05,lr,f_stable,234478,0.8,0.2858052273606428,0.9999949682697602,0.5084533823931978,0.22264815503255503,0.5869677648720789,6.3696030395228345,0.5914450533429331
iscx_url2016_binary,phiusiil,r05,lr,f_mi,234478,0.7,0.28837591844538796,0.9999925738589571,0.5775624902345036,0.2891865717891156,0.585021034371206,6.071757981342636,0.5900250953141049
iscx_url2016_binary,phiusiil,r05,lr,f_permutation,234478,0.85,0.283606658391431,0.999996218061756,0.5127862168037892,0.2291795584123582,0.5859373672622414,6.257447864227705,0.5904340395939062
iscx_url2016_binary,phiusiil,r05,rf,f_all,234478,0.6,0.29484754346342035,1.0000000000000002,0.3649334539486157,0.07008591048519536,0.5784577110780158,18.61217048902126,0.582705255407611
iscx_url2016_binary,phiusiil,r05,rf,f_single,234478,0.69,0.2925434017825355,1.0000000000000002,0.3649334539486157,0.07239005216608019,0.5796552137044702,19.84895100717875,0.5832241226149926
iscx_url2016_binary,phiusiil,r05,rf,f_stable,234478,0.71,0.29275892127321373,1.0000000000000002,0.3649334539486157,0.07217453267540197,0.579564732668508,19.68517323339321,0.5828409159782586
iscx_url2016_binary,phiusiil,r05,rf,f_mi,234478,0.77,0.29037881286940836,1.0000000000000002,0.3649334539486157,0.07455464107920734,0.5801544678233205,19.801661111156637,0.5837046919125949
iscx_url2016_binary,phiusiil,r05,rf,f_permutation,234478,0.59,0.2949789977238764,1.0000000000000002,0.3649334539486157,0.06995445622473928,0.5782989347228529,19.189082343583777,0.5807183224359868
iscx_url2016_binary,phiusiil,r05,xgb,f_all,234478,0.76,0.29484754346342035,0.9998782873153687,0.5893330763712138,0.29448553290779345,0.579058898123061,5.117320241009433,0.5800101591534457
iscx_url2016_binary,phiusiil,r05,xgb,f_single,234478,0.63,0.295707467402764,0.9998656511306763,0.4659232750485557,0.1702158076457917,0.5784200898708878,5.276526735058451,0.5792506740224589
iscx_url2016_binary,phiusiil,r05,xgb,f_stable,234478,0.6,0.2957772705430082,0.9999399185180664,0.47547484454638705,0.17969757400337888,0.5785674244889694,5.35096884780877,0.5793837229679677
iscx_url2016_binary,phiusiil,r05,xgb,f_mi,234478,0.93,0.29209914560879147,0.9999734163284302,0.4092852177340004,0.11718607212520893,0.5806526638416578,5.91932681159649,0.5820599249653262
iscx_url2016_binary,phiusiil,r05,xgb,f_permutation,234478,0.72,0.29507437738254144,0.9998642206192017,0.6186372493216463,0.3235628719391049,0.5784373632811607,4.9414085171617925,0.5796721611114538
iscx_url2016_binary,phiusiil,r06,lr,f_all,233448,0.67,0.28849131855993065,0.999970018863678,0.5376309503170936,0.24913963175716297,0.5845510301887145,5.048165970569004,0.5892883225973155
iscx_url2016_binary,phiusiil,r06,lr,f_single,233448,0.65,0.2870336436267683,0.9999643136075992,0.531859114492172,0.24482547086540374,0.5888861538947994,5.033809590359809,0.5943207513769713
iscx_url2016_binary,phiusiil,r06,lr,f_stable,233448,0.76,0.28243369101812604,0.9999818327840491,0.5053447931396761,0.22291110212155002,0.5896089404940797,5.28754166262768,0.5965837263731841
iscx_url2016_binary,phiusiil,r06,lr,f_mi,233448,0.54,0.2891655045156418,0.9999370372185615,0.5858952516020776,0.29672974708643574,0.5873709058976686,5.121026069628911,0.5930310464389629
iscx_url2016_binary,phiusiil,r06,lr,f_permutation,233448,0.63,0.2862358056172149,0.9998417619151868,0.5413116016347667,0.25507579601755176,0.588442012587788,4.373575411157247,0.5955048823916608
iscx_url2016_binary,phiusiil,r06,rf,f_all,233448,0.5,0.2946806774990785,1.0000000000000002,0.36595262733339307,0.07127194983431456,0.5813415574720046,19.626354374121348,0.5845613220372822
iscx_url2016_binary,phiusiil,r06,rf,f_single,233448,0.56,0.2928968005161337,1.0000000000000002,0.36595262733339307,0.07305582681725936,0.5818116658674969,18.808734281183767,0.5848626619968806
iscx_url2016_binary,phiusiil,r06,rf,f_stable,233448,0.69,0.2914932942429733,1.0000000000000002,0.36595262733339307,0.07445933309041974,0.5812879533814435,19.036062436728113,0.5842985745077564
iscx_url2016_binary,phiusiil,r06,rf,f_mi,233448,0.59,0.2921893049782152,1.0000000000000002,0.36595262733339307,0.07376332235517785,0.5825041373335911,19.47093860736999,0.5854298275123333
iscx_url2016_binary,phiusiil,r06,rf,f_permutation,233448,0.49,0.2945463995721007,1.0000000000000002,0.36595262733339307,0.07140622776129235,0.5811564959637412,19.00947214868965,0.5835690611555949
iscx_url2016_binary,phiusiil,r06,xgb,f_all,233448,0.5,0.2947403401709918,0.9999939203262329,0.5140639189850074,0.21932357881401554,0.5812026240159772,6.930560955976198,0.5820211493053884
iscx_url2016_binary,phiusiil,r06,xgb,f_single,233448,0.67,0.2946487112008146,0.999996542930603,0.5221529974645682,0.22750428626375363,0.5809010881934704,6.925056205112437,0.5815798836020726
iscx_url2016_binary,phiusiil,r06,xgb,f_stable,233448,0.5,0.2946082163965336,0.9998968839645386,0.5271386920535265,0.23253047565699286,0.581249357734013,5.155745510162604,0.5820422204548494
iscx_url2016_binary,phiusiil,r06,xgb,f_mi,233448,0.39,0.29343611814805737,0.9999136924743652,0.42785305991396816,0.1344169417659108,0.5837086239896139,5.3523471335988555,0.5846853608772971
iscx_url2016_binary,phiusiil,r06,xgb,f_permutation,233448,0.5,0.2947616458220047,0.9999922513961792,0.554344336582322,0.25958269076031726,0.5812675046040809,6.45321567509871,0.582351725008932
iscx_url2016_binary,phiusiil,r07,lr,f_all,233297,0.68,0.28847601398964895,0.9999779462814331,0.5394019447008329,0.25092593071118396,0.5847883216925616,5.044750804734596,0.589395668961245
iscx_url2016_binary,phiusiil,r07,lr,f_single,233297,0.85,0.28594427661521604,0.9999924562063788,0.5168342062621288,0.2308899296469128,0.5829130057285346,5.829290606268197,0.5867254063816153
iscx_url2016_binary,phiusiil,r07,lr,f_stable,233297,0.88,0.282858152867221,0.9999908438184534,0.5185274960820867,0.2356693432148657,0.5836666229052829,5.613428974500541,0.5885056530359134
iscx_url2016_binary,phiusiil,r07,lr,f_mi,233297,0.44,0.2902692934848743,0.9999372877329774,0.5849130385243273,0.294643745039453,0.5876704616131625,5.118461904555089,0.5932036919550191
iscx_url2016_binary,phiusiil,r07,lr,f_permutation,233297,0.91,0.2833206770450719,0.9999805502993123,0.6238039655662431,0.34048328852117116,0.5829170568773328,5.54807634588435,0.5871148174656708
iscx_url2016_binary,phiusiil,r07,rf,f_all,233297,0.5,0.2943245785705427,1.0000000000000002,0.3661027725548588,0.07177819398431606,0.5818807420252455,19.751572280428444,0.5854616940380045
iscx_url2016_binary,phiusiil,r07,rf,f_single,233297,0.45,0.29371571464900276,1.0000000000000002,0.3661027725548588,0.07238705790585603,0.5821807917263448,18.966516315495074,0.5853630493914049
iscx_url2016_binary,phiusiil,r07,rf,f_stable,233297,0.59,0.2929815469750555,0.999740299376446,0.4530296696072048,0.1600481226321493,0.5813682378370394,14.806279056129538,0.5842403994253199
iscx_url2016_binary,phiusiil,r07,rf,f_mi,233297,0.59,0.2921878745035694,1.0000000000000002,0.3661027725548588,0.07391489805128937,0.5817450622161152,19.00032232817495,0.5852020005168974
iscx_url2016_binary,phiusiil,r07,rf,f_permutation,233297,0.54,0.29423278214413207,1.0000000000000002,0.3661027725548588,0.07186999041072673,0.5806551856763243,18.45586117083804,0.5835315815460694
iscx_url2016_binary,phiusiil,r07,xgb,f_all,233297,0.5,0.2944952990948981,0.9999955892562866,0.4424842976183918,0.14798899852349373,0.5818284005140565,6.994792038311413,0.5826307981937974
iscx_url2016_binary,phiusiil,r07,xgb,f_single,233297,0.38,0.2945614310941242,0.9998524188995361,0.49264083004339265,0.19807939894926846,0.5817674339312605,5.020816647073844,0.5824522266202217
iscx_url2016_binary,phiusiil,r07,xgb,f_stable,233297,0.5,0.2947554889163641,0.9999934434890747,0.5331582954862267,0.23840280656986262,0.5813255834654821,6.911587245229411,0.5819422534964133
iscx_url2016_binary,phiusiil,r07,xgb,f_mi,233297,0.32,0.29349755007358863,0.9999969005584717,0.4303397393779027,0.13684218930431408,0.583910825049005,7.154182276132855,0.5848133622846255
iscx_url2016_binary,phiusiil,r07,xgb,f_permutation,233297,0.48,0.2945635641780033,0.999991774559021,0.5862478146433259,0.2916842504653226,0.5817616297929592,6.575087459885837,0.5824572401483393
iscx_url2016_binary,phiusiil,r08,lr,f_all,234378,0.87,0.28607228810731494,0.9999974370002747,0.5125058639010849,0.22643357579376994,0.5828319977361839,6.4814060866361105,0.586522909680023
iscx_url2016_binary,phiusiil,r08,lr,f_single,234378,0.79,0.2859271659326011,0.9999911728422319,0.5217140529425366,0.2357868870099355,0.5871459767849567,6.366852581099317,0.5913039094632035
iscx_url2016_binary,phiusiil,r08,lr,f_stable,234378,0.42,0.29108908495328434,0.9999938966979821,0.5081774363855673,0.217088351432283,0.5873398038575376,6.274758724589629,0.5918685787879191
iscx_url2016_binary,phiusiil,r08,lr,f_mi,234378,0.46,0.29108908495328434,0.9999410760197278,0.5824013231579459,0.29131223820466157,0.585329742162469,5.128935383344504,0.5910075172532319
iscx_url2016_binary,phiusiil,r08,lr,f_permutation,234378,0.78,0.2847170301687349,0.9999936050421414,0.5271072446567887,0.2423902144880538,0.5858434074439076,5.585092655825612,0.5916634572454033
iscx_url2016_binary,phiusiil,r08,rf,f_all,234378,0.62,0.2940889459132226,1.0000000000000002,0.3650306000536415,0.07094165414041892,0.5791881457783863,19.54570039803138,0.5832885914129577
iscx_url2016_binary,phiusiil,r08,rf,f_single,234378,0.69,0.2926316933161907,1.0000000000000002,0.3650306000536415,0.07239890673745081,0.5788796150557157,18.895078594480474,0.5822792168245642
iscx_url2016_binary,phiusiil,r08,rf,f_stable,234378,0.78,0.2916589852002067,1.0000000000000002,0.3650306000536415,0.0733716148534348,0.5798112523203635,19.866506925339543,0.5829138533464564
iscx_url2016_binary,phiusiil,r08,rf,f_mi,234378,0.82,0.2895720360945831,1.0000000000000002,0.3650306000536415,0.07545856395905842,0.580487036004266,19.870156705706613,0.5838936097314267
iscx_url2016_binary,phiusiil,r08,rf,f_permutation,234378,0.61,0.29415059734799776,0.9991666666666668,0.507347288068219,0.2131966907202213,0.5781234360798686,12.448195018635444,0.5812278044824897
iscx_url2016_binary,phiusiil,r08,xgb,f_all,234378,0.72,0.2948619977977412,0.9999215602874756,0.42559726824669897,0.13073527044895777,0.5791551136723995,5.388493241440605,0.5801740046310568
iscx_url2016_binary,phiusiil,r08,xgb,f_single,234378,0.6,0.29562700790690827,0.9999369382858276,0.494307932433081,0.19868092452617275,0.5788060566162184,5.458973827806765,0.5797544018580729
iscx_url2016_binary,phiusiil,r08,xgb,f_stable,234378,0.63,0.2956164235353517,0.9999269247055054,0.503885778360777,0.20826935482542525,0.5787587882601269,5.344103681268121,0.579655809630484
iscx_url2016_binary,phiusiil,r08,xgb,f_mi,234378,0.95,0.2918280648533669,0.9999052286148071,0.44255496350886003,0.15072689865549316,0.5816700733199925,5.292543668256404,0.582740654932073
iscx_url2016_binary,phiusiil,r08,xgb,f_permutation,234378,0.71,0.2954279684836752,0.9999009370803833,0.5924937060931613,0.2970657376094861,0.5783551378295939,5.087675132846493,0.5793997432179391
iscx_url2016_binary,phiusiil,r09,lr,f_all,234325,0.77,0.2888589894538485,0.999996542930603,0.5087451659477249,0.21988617649387637,0.5834261474011173,6.471449583828613,0.5871373823247518
iscx_url2016_binary,phiusiil,r09,lr,f_single,234325,0.52,0.2901350508030948,0.9999948648824191,0.5021002626742871,0.21196521187119227,0.5869016586394765,6.294363126937486,0.591443861429817
iscx_url2016_binary,phiusiil,r09,lr,f_stable,234325,0.54,0.28972622670562703,0.9999932059158382,0.5055066064505386,0.21578037974491154,0.5875188089177499,6.19159682722315,0.5919920129489732
iscx_url2016_binary,phiusiil,r09,lr,f_mi,234325,0.46,0.29062716641388686,0.9999363055043073,0.582480752565414,0.2918535861515271,0.586005038098622,5.127304972591489,0.5916748267355905
iscx_url2016_binary,phiusiil,r09,lr,f_permutation,234325,0.32,0.29241287743914196,0.9999949222484955,0.5193778265373097,0.22696494909816772,0.5863915198478072,6.184396985798192,0.5908251743851609
iscx_url2016_binary,phiusiil,r09,rf,f_all,234325,0.57,0.2947710883985217,1.0000000000000002,0.3650847411702546,0.0703136527717329,0.5793003031662152,18.790657520358707,0.5833934734897881
iscx_url2016_binary,phiusiil,r09,rf,f_single,234325,0.73,0.291399419995343,1.0000000000000002,0.3650847411702546,0.07368532117491156,0.580238860664594,19.860948188728614,0.5839476558110721
iscx_url2016_binary,phiusiil,r09,rf,f_stable,234325,0.76,0.2916414752116082,1.0000000000000002,0.3650847411702546,0.07344326595864636,0.5800584578387284,19.870674976812637,0.5831855292260171
iscx_url2016_binary,phiusiil,r09,rf,f_mi,234325,0.82,0.2892048315567878,1.0000000000000002,0.3650847411702546,0.0758799096134668,0.5793480581405177,18.636127858877533,0.5830790225727125
iscx_url2016_binary,phiusiil,r09,rf,f_permutation,234325,0.74,0.2931372549019608,1.0000000000000002,0.3650847411702546,0.07194748626829378,0.5789079895198455,19.53524851767063,0.5814565216885755
iscx_url2016_binary,phiusiil,r09,xgb,f_all,234325,0.76,0.2946628258036163,0.9999203681945801,0.522293104265368,0.2276302784617517,0.5793326880220884,5.35364430249428,0.5802784111652505
iscx_url2016_binary,phiusiil,r09,xgb,f_single,234325,0.56,0.2953140224465001,0.9998975992202759,0.5827352079807524,0.2874211855342523,0.5792340248504243,5.1973506175871105,0.5802099966449391
iscx_url2016_binary,phiusiil,r09,xgb,f_stable,234325,0.57,0.2955152892648947,0.9998631477355957,0.5429700124829427,0.24745472321804807,0.5789087709818912,4.974881260836004,0.579834579952387
iscx_url2016_binary,phiusiil,r09,xgb,f_mi,234325,0.95,0.29181916266474855,0.9999158382415771,0.4205726943823654,0.12875353171761683,0.5821450822391571,5.292672616299005,0.5832209631238436
iscx_url2016_binary,phiusiil,r09,xgb,f_permutation,234325,0.95,0.2920331255683827,0.9999701976776123,0.5666752543521155,0.27464212878373284,0.5785653327821143,5.743826952318914,0.5799428749703988
phiusiil,iscx_url2016_binary,r00,lr,f_all,41108,0.92,0.2419034641894995,1.0000000000000002,0.44192234591365737,0.20001888172415785,0.7421643423586536,24.92973681831959,0.743681944156831
phiusiil,iscx_url2016_binary,r00,lr,f_single,41108,0.91,0.20785024931291463,1.0000000000000002,0.44192234591365737,0.23407209660074274,0.7668860409458363,25.85310111762907,0.7672935903354162
phiusiil,iscx_url2016_binary,r00,lr,f_stable,41108,0.91,0.20517448521899392,1.0000000000000002,0.44192234591365737,0.23674786069466344,0.7688543608030722,25.980897561142914,0.7693143861916255
phiusiil,iscx_url2016_binary,r00,lr,f_mi,41108,0.93,0.17194504338541364,1.0000000000000002,0.44192234591365737,0.2699773025282437,0.7919949313993784,27.179357525453057,0.7920742301559848
phiusiil,iscx_url2016_binary,r00,lr,f_permutation,41108,0.94,0.22869972144983464,1.0000000000000002,0.44192234591365737,0.21322262446382273,0.7523593191094277,25.196373321215432,0.7533405529168992
phiusiil,iscx_url2016_binary,r00,rf,f_all,41108,0.8,0.17207766051719972,1.0000000000000002,0.44192234591365737,0.2698446853964577,0.7918077207801387,26.94861411019428,0.791796442301424
phiusiil,iscx_url2016_binary,r00,rf,f_single,41108,0.71,0.17211100817658195,1.0000000000000002,0.44192234591365737,0.26981133773707544,0.7917420466454199,26.603971440009825,0.7917881403910896
phiusiil,iscx_url2016_binary,r00,rf,f_stable,41108,0.73,0.17211100817658195,1.0000000000000002,0.44192234591365737,0.26981133773707544,0.7916218821211786,26.97886606331065,0.791693197316427
phiusiil,iscx_url2016_binary,r00,rf,f_mi,41108,0.95,0.17194504338541364,1.0000000000000002,0.44192234591365737,0.2699773025282437,0.7919385874979431,27.195932749026564,0.7919692712510312
phiusiil,iscx_url2016_binary,r00,rf,f_permutation,41108,0.75,0.1720943346826979,1.0000000000000002,0.44192234591365737,0.26982801123095945,0.7917952581639853,26.966413396274536,0.7917431120449775
phiusiil,iscx_url2016_binary,r00,xgb,f_all,41108,0.89,0.17211100817658195,1.0000000000000002,0.44192234591365737,0.26981133773707544,0.7918778915872408,25.345585650202032,0.791883077467011
phiusiil,iscx_url2016_binary,r00,xgb,f_single,41108,0.82,0.17216102462895463,1.0000000000000002,0.44192234591365737,0.26976132128470276,0.7918784468462635,24.540851088608466,0.791886007973131
phiusiil,iscx_url2016_binary,r00,xgb,f_stable,41108,0.92,0.17207766051719972,1.0000000000000002,0.44192234591365737,0.2698446853964577,0.7918786584273343,26.33382913126748,0.7919022197927309
phiusiil,iscx_url2016_binary,r00,xgb,f_mi,41108,0.94,0.17197760141803972,0.9999977350234985,0.5184169234195481,0.3464393220015084,0.7920087996657439,9.51533426096443,0.7920450393253333
phiusiil,iscx_url2016_binary,r00,xgb,f_permutation,41108,0.86,0.17214435314966972,1.0000000000000002,0.44192234591365737,0.2697779927639876,0.7918780147508852,24.54102092535081,0.7918798263996064
phiusiil,iscx_url2016_binary,r01,lr,f_all,41159,0.86,0.2390485755665255,1.0000000000000002,0.44278074866310163,0.20373217309657612,0.7444243124248425,25.07407946749075,0.7457443831551234
phiusiil,iscx_url2016_binary,r01,lr,f_single,41159,0.94,0.2031075871176372,1.0000000000000002,0.44278074866310163,0.23967316154546442,0.7719678765886444,26.08297723303686,0.772457239590597
phiusiil,iscx_url2016_binary,r01,lr,f_stable,41159,0.94,0.20537925491403236,1.0000000000000002,0.44278074866310163,0.23740149374906927,0.7702674399515699,25.99114629164373,0.7707003468102852
phiusiil,iscx_url2016_binary,r01,lr,f_mi,41159,0.94,0.17004809815642077,1.0000000000000002,0.44278074866310163,0.27273265050668083,0.7947550507805532,27.276126743308428,0.7948360789566103
phiusiil,iscx_url2016_binary,r01,lr,f_permutation,41159,0.95,0.20500989530571256,1.0000000000000002,0.44278074866310163,0.23777085335738907,0.7706882560074433,25.981458058612827,0.7712092212097114
phiusiil,iscx_url2016_binary,r01,rf,f_all,41159,0.86,0.17018145161290324,1.0000000000000002,0.44278074866310163,0.27259929705019836,0.7944023747164365,26.576146719774066,0.7944330394172276
phiusiil,iscx_url2016_binary,r01,rf,f_single,41159,0.84,0.17019871428879882,1.0000000000000002,0.44278074866310163,0.27258203437430284,0.7945476280946463,27.175492655201843,0.7945705970805672
phiusiil,iscx_url2016_binary,r01,rf,f_stable,41159,0.85,0.17019871428879882,1.0000000000000002,0.44278074866310163,0.27258203437430284,0.7943145886961863,26.85023066268328,0.7944405993129445
phiusiil,iscx_url2016_binary,r01,rf,f_mi,41159,0.93,0.17011452536494878,1.0000000000000002,0.44278074866310163,0.2726662232981528,0.7942905838380535,26.22129420466171,0.7945053287738345
phiusiil,iscx_url2016_binary,r01,rf,f_permutation,41159,0.88,0.16843785356392435,1.0000000000000002,0.44278074866310163,0.2743428950991773,0.793556045829235,25.68949735566849,0.7937737601663061
phiusiil,iscx_url2016_binary,r01,xgb,f_all,41159,0.8,0.17031527173036606,1.0000000000000002,0.44278074866310163,0.2724654769327356,0.794636753040301,26.501609547707787,0.7946385497147165
phiusiil,iscx_url2016_binary,r01,xgb,f_single,41159,0.78,0.17034872001612578,1.0000000000000002,0.44278074866310163,0.27243202864697585,0.7946413696123201,26.383678667791546,0.7946562536091402
phiusiil,iscx_url2016_binary,r01,xgb,f_stable,41159,0.84,0.17031527173036606,1.0000000000000002,0.44278074866310163,0.2724654769327356,0.7946366776301678,26.365062056704733,0.7946475067784897
phiusiil,iscx_url2016_binary,r01,xgb,f_mi,41159,0.95,0.17008105819252328,0.999988317489624,0.5202470361924255,0.35016597799990223,0.7947519657427583,8.726543133842178,0.79480110001182
phiusiil,iscx_url2016_binary,r01,xgb,f_permutation,41159,0.85,0.17023163921537005,1.0000000000000002,0.44278074866310163,0.2725491094477316,0.7946412124321678,22.86784036943083,0.7946355909600764
phiusiil,iscx_url2016_binary,r02,lr,f_all,41236,0.84,0.23873982966428947,1.0000000000000002,0.44288474269424594,0.20414491302995647,0.7444869630203179,25.055413139423663,0.745879191260447
phiusiil,iscx_url2016_binary,r02,lr,f_single,41236,0.95,0.20448871453341524,1.0000000000000002,0.44288474269424594,0.2383960281608307,0.7712221940211154,26.01293685472786,0.7716422020371817
phiusiil,iscx_url2016_binary,r02,lr,f_stable,41236,0.94,0.20183227597834205,1.0000000000000002,0.44288474269424594,0.24105246671590388,0.7729908847570509,26.144578755360186,0.7734978644148502
phiusiil,iscx_url2016_binary,r02,lr,f_mi,41236,0.93,0.16980115583810432,1.0000000000000002,0.44288474269424594,0.27308358685614165,0.7950945471173977,27.2129155708737,0.7951825827594009
phiusiil,iscx_url2016_binary,r02,lr,f_permutation,41236,0.83,0.22160504782257748,1.0000000000000002,0.44288474269424594,0.22127969487166846,0.7575456053634997,25.399106924585436,0.7583002501783624
phiusiil,iscx_url2016_binary,r02,rf,f_all,41236,0.81,0.16995108597193986,1.0000000000000002,0.44288474269424594,0.2729336567223061,0.7948993259975632,26.88816929968,0.7949018655947416
phiusiil,iscx_url2016_binary,r02,rf,f_single,41236,0.85,0.16995158017783757,1.0000000000000002,0.44288474269424594,0.27293316251640837,0.7948316112964287,26.870182077779567,0.7949063750303719
phiusiil,iscx_url2016_binary,r02,rf,f_stable,41236,0.79,0.16998500040817846,1.0000000000000002,0.44288474269424594,0.2728997422860675,0.7947557581552362,26.898553114692294,0.7948279138805993
phiusiil,iscx_url2016_binary,r02,rf,f_mi,41236,0.95,0.1698006845178176,1.0000000000000002,0.44288474269424594,0.27308405817642833,0.7950658389350836,27.372394509727354,0.7950831332822981
phiusiil,iscx_url2016_binary,r02,rf,f_permutation,41236,0.82,0.16991766813615958,1.0000000000000002,0.44288474269424594,0.27296707455808633,0.794533640716361,26.242533187741554,0.7947369284760454
phiusiil,iscx_url2016_binary,r02,xgb,f_all,41236,0.91,0.16996779388083735,1.0000000000000002,0.44288474269424594,0.27291694881340856,0.7949768886568337,26.173811810807564,0.7949904787883296
phiusiil,iscx_url2016_binary,r02,xgb,f_single,41236,0.79,0.1701014329415553,1.0000000000000002,0.44288474269424594,0.2727833097526906,0.794983250005727,26.16054088279723,0.7949981386573185
phiusiil,iscx_url2016_binary,r02,xgb,f_stable,41236,0.8,0.1700847304123815,1.0000000000000002,0.44288474269424594,0.27280001228186446,0.7949750266385196,24.576999610877557,0.7949722627713918
phiusiil,iscx_url2016_binary,r02,xgb,f_mi,41236,0.94,0.16985082439152055,0.9999865293502808,0.5074450069040298,0.3375941825125093,0.7950853030281188,8.59680190254016,0.7951482669995548
phiusiil,iscx_url2016_binary,r02,xgb,f_permutation,41236,0.83,0.1700346187907576,1.0000000000000002,0.44288474269424594,0.27285012390348834,0.7949732802085518,24.695487137425793,0.7949884651252817
phiusiil,iscx_url2016_binary,r03,lr,f_all,41332,0.95,0.23661417432486112,1.0000000000000002,0.44225838663536016,0.20564421231049904,0.7472810291318738,25.216299336039427,0.748435036728568
phiusiil,iscx_url2016_binary,r03,lr,f_single,41332,0.88,0.31024278042155484,1.0000000000000002,0.44225838663536016,0.13201560621380531,0.687410726042388,21.599736263072906,0.690651529302981
phiusiil,iscx_url2016_binary,r03,lr,f_stable,41332,0.9,0.20578997740240987,1.0000000000000002,0.44225838663536016,0.2364684092329503,0.7688308286280803,25.956954205415272,0.7692802068711548
phiusiil,iscx_url2016_binary,r03,lr,f_mi,41332,0.92,0.17118919499428906,1.0000000000000002,0.44225838663536016,0.2710691916410711,0.7931174239466408,27.141065393732575,0.7931934022668714
phiusiil,iscx_url2016_binary,r03,lr,f_permutation,41332,0.94,0.22345372659717316,1.0000000000000002,0.44225838663536016,0.218804660038187,0.7562597439694541,25.37681509075226,0.7568670448463821
phiusiil,iscx_url2016_binary,r03,rf,f_all,41332,0.8,0.17133806487830305,1.0000000000000002,0.44225838663536016,0.2709203217570571,0.792961727031959,27.02455874772765,0.792860369708796
phiusiil,iscx_url2016_binary,r03,rf,f_single,41332,0.74,0.17133806487830305,1.0000000000000002,0.44225838663536016,0.2709203217570571,0.7927376474655473,25.970087094449482,0.7928274612949523
phiusiil,iscx_url2016_binary,r03,rf,f_stable,41332,0.76,0.17132145076889146,1.0000000000000002,0.44225838663536016,0.2709369358664687,0.7928204324551702,26.909214044647992,0.7928440264798873
phiusiil,iscx_url2016_binary,r03,rf,f_mi,41332,0.95,0.17118851390643486,1.0000000000000002,0.44225838663536016,0.2710698727289253,0.793054369794946,27.339045755301996,0.7930572823584525
phiusiil,iscx_url2016_binary,r03,rf,f_permutation,41332,0.85,0.1699568229741942,1.0000000000000002,0.44225838663536016,0.272301563661166,0.7928968751650839,26.79609857286739,0.7932287343246266
phiusiil,iscx_url2016_binary,r03,xgb,f_all,41332,0.74,0.17150416933932008,1.0000000000000002,0.44225838663536016,0.2707542172960401,0.7929594471861356,24.532005798460897,0.7929625023871322
phiusiil,iscx_url2016_binary,r03,xgb,f_single,41332,0.71,0.17152077612299305,1.0000000000000002,0.44225838663536016,0.2707376105123671,0.7929600581156813,24.791458889929977,0.7929625312073884
phiusiil,iscx_url2016_binary,r03,xgb,f_stable,41332,0.72,0.17150416933932008,1.0000000000000002,0.44225838663536016,0.2707542172960401,0.7929543476947502,26.339329357662137,0.7929650140987711
phiusiil,iscx_url2016_binary,r03,xgb,f_mi,41332,0.94,0.17125498766867844,0.9999887943267822,0.5023919878305346,0.3311370001618562,0.7930704626438118,8.714788050960504,0.7931269000475542
phiusiil,iscx_url2016_binary,r03,xgb,f_permutation,41332,0.84,0.1713546783215381,1.0000000000000002,0.44225838663536016,0.27090370831382204,0.7929694974544322,26.005485322087072,0.7929958199688671
phiusiil,iscx_url2016_binary,r04,lr,f_all,41209,0.81,0.21485762115975574,1.0000000000000002,0.4427752386618709,0.22791761750211517,0.7623923959806395,25.41205152679404,0.7635741087100058
phiusiil,iscx_url2016_binary,r04,lr,f_single,41209,0.77,0.27003795677384446,1.0000000000000002,0.4427752386618709,0.17273728188802645,0.718798608155549,22.29796970728726,0.7221114564351866
phiusiil,iscx_url2016_binary,r04,lr,f_stable,41209,0.94,0.1829738038522517,1.0000000000000002,0.4427752386618709,0.2598014348096192,0.7869087903136215,26.781598937104064,0.7874080800480995
phiusiil,iscx_url2016_binary,r04,lr,f_mi,41209,0.93,0.17006072905848754,1.0000000000000002,0.4427752386618709,0.2727145096033834,0.7947371310064593,27.307705211815893,0.7948184570794766
phiusiil,iscx_url2016_binary,r04,lr,f_permutation,41209,0.71,0.2644032479846071,1.0000000000000002,0.4427752386618709,0.17837199067726378,0.721552785829123,22.358314045733923,0.7248490414845927
phiusiil,iscx_url2016_binary,r04,rf,f_all,41209,0.79,0.17021062381700294,1.0000000000000002,0.4427752386618709,0.27256461484486794,0.7944467244005488,26.531241249669637,0.7944455898199108
phiusiil,iscx_url2016_binary,r04,rf,f_single,41209,0.87,0.1702111578719546,1.0000000000000002,0.4427752386618709,0.27256408078991634,0.794534141893779,27.09016519685661,0.7945563178813476
phiusiil,iscx_url2016_binary,r04,rf,f_stable,41209,0.86,0.1702111578719546,1.0000000000000002,0.4427752386618709,0.27256408078991634,0.7943717351770722,27.082378945382867,0.7944349959821666
phiusiil,iscx_url2016_binary,r04,rf,f_mi,41209,0.94,0.17006021791231143,1.0000000000000002,0.4427752386618709,0.27271502074955944,0.7944953640579031,26.958976562202604,0.7946050517064356
phiusiil,iscx_url2016_binary,r04,rf,f_permutation,41209,0.8,0.17019391474195042,1.0000000000000002,0.4427752386618709,0.2725813239199205,0.7943826661181411,27.09225097189923,0.7943870646043285
phiusiil,iscx_url2016_binary,r04,xgb,f_all,41209,0.9,0.17022733221915712,1.0000000000000002,0.4427752386618709,0.27254790644271376,0.7946211223115441,25.926104462830835,0.7946257195498405
phiusiil,iscx_url2016_binary,r04,xgb,f_single,41209,0.86,0.17022733221915712,1.0000000000000002,0.4427752386618709,0.27254790644271376,0.7946276084090709,26.212650649612684,0.7946505460299373
phiusiil,iscx_url2016_binary,r04,xgb,f_stable,41209,0.76,0.1703609752169274,1.0000000000000002,0.4427752386618709,0.2724142634449435,0.7946179077398605,26.77459345396213,0.7946321064763018
phiusiil,iscx_url2016_binary,r04,xgb,f_mi,41209,0.94,0.1700936461584936,0.9999895095825195,0.5100932562110388,0.33999961005254525,0.7947339096828975,8.758797398818865,0.7947882120893364
phiusiil,iscx_url2016_binary,r04,xgb,f_permutation,41209,0.73,0.17029415909960335,1.0000000000000002,0.4427752386618709,0.2724810795622675,0.7946258379124019,23.189947874669475,0.7946348553628512
phiusiil,iscx_url2016_binary,r05,lr,f_all,41352,0.86,0.2361955550246182,1.0000000000000002,0.4430031923061381,0.2068076372815199,0.7469217049790841,25.096521808254483,0.7483835069485164
phiusiil,iscx_url2016_binary,r05,lr,f_single,41352,0.94,0.22903075949008667,1.0000000000000002,0.4430031923061381,0.21397243281605144,0.753022163972464,25.19698983751458,0.7540208883137532
phiusiil,iscx_url2016_binary,r05,lr,f_stable,41352,0.95,0.204080833137025,1.0000000000000002,0.4430031923061381,0.2389223591691131,0.7717113450721185,26.060093439005474,0.7721097487240556
phiusiil,iscx_url2016_binary,r05,lr,f_mi,41352,0.93,0.16955560899018088,1.0000000000000002,0.4430031923061381,0.2734475833159572,0.7954718479803389,27.31153167838798,0.7955525299659122
phiusiil,iscx_url2016_binary,r05,lr,f_permutation,41352,0.95,0.2486844597782726,1.0000000000000002,0.4430031923061381,0.1943187325278655,0.7419959025838938,23.181726677694275,0.7445463030874859
phiusiil,iscx_url2016_binary,r05,rf,f_all,41352,0.81,0.16968857297753148,1.0000000000000002,0.4430031923061381,0.2733146193286066,0.7950752192158986,26.645787186658524,0.795137454894609
phiusiil,iscx_url2016_binary,r05,rf,f_single,41352,0.78,0.16968857297753148,1.0000000000000002,0.4430031923061381,0.2733146193286066,0.7951632823129211,27.024139439978462,0.7952436119977461
phiusiil,iscx_url2016_binary,r05,rf,f_stable,41352,0.74,0.16968857297753148,1.0000000000000002,0.4430031923061381,0.2733146193286066,0.7952767706893723,27.15398476950407,0.7953075003256069
phiusiil,iscx_url2016_binary,r05,rf,f_mi,41352,0.95,0.16953849861429088,1.0000000000000002,0.4430031923061381,0.2734646936918472,0.7953626185216165,27.09871670977365,0.7954095318717239
phiusiil,iscx_url2016_binary,r05,rf,f_permutation,41352,0.84,0.16937168568214686,1.0000000000000002,0.4430031923061381,0.27363150662399127,0.7952470680893059,27.0538876717034,0.7953238070952106
phiusiil,iscx_url2016_binary,r05,xgb,f_all,41352,0.8,0.16978859242305608,1.0000000000000002,0.4430031923061381,0.27321459988308205,0.7953570763523001,26.071300261960353,0.7953738679269408
phiusiil,iscx_url2016_binary,r05,xgb,f_single,41352,0.79,0.16985525866741613,1.0000000000000002,0.4430031923061381,0.273147933638722,0.7953538134713665,22.433622135826834,0.7953638205444198
phiusiil,iscx_url2016_binary,r05,xgb,f_stable,41352,0.7,0.16987192355562694,1.0000000000000002,0.4430031923061381,0.2731312687505112,0.7953565990294404,24.180568208245933,0.7953660195179155
phiusiil,iscx_url2016_binary,r05,xgb,f_mi,41352,0.94,0.1696052050283144,0.9999877214431763,0.4627287553441218,0.2931235503158074,0.7954676634947532,8.711629308420566,0.7955222512209962
phiusiil,iscx_url2016_binary,r05,xgb,f_permutation,41352,0.81,0.1697219154703343,1.0000000000000002,0.4430031923061381,0.27328127683580383,0.7953613917392425,26.39753678793624,0.7953722438618072
phiusiil,iscx_url2016_binary,r06,lr,f_all,41919,0.95,0.23474232275273124,1.0000000000000002,0.44317366701203476,0.2084313442593035,0.7502048053743064,25.270793178884087,0.7514943909924631
phiusiil,iscx_url2016_binary,r06,lr,f_single,41919,0.73,0.28788240513467334,1.0000000000000002,0.44317366701203476,0.15529126187736142,0.703785568222943,21.96548178567116,0.7072171555019259
phiusiil,iscx_url2016_binary,r06,lr,f_stable,41919,0.9,0.20254864063642003,1.0000000000000002,0.44317366701203476,0.24062502637561473,0.7725074371558595,26.10267774726085,0.7728997285977036
phiusiil,iscx_url2016_binary,r06,lr,f_mi,41919,0.93,0.16918082875500853,1.0000000000000002,0.44317366701203476,0.27399283825702625,0.7960194803345336,27.332288542902443,0.7960986342759496
phiusiil,iscx_url2016_binary,r06,lr,f_permutation,41919,0.88,0.2783709074967518,1.0000000000000002,0.44317366701203476,0.16480275951528295,0.716582837017641,22.280233260209222,0.720067148980996
phiusiil,iscx_url2016_binary,r06,rf,f_all,41919,0.79,0.1693121693121693,1.0000000000000002,0.44317366701203476,0.27386149769986545,0.795556297604538,26.055285083631745,0.79569696726205
phiusiil,iscx_url2016_binary,r06,rf,f_single,41919,0.72,0.16932863031071654,1.0000000000000002,0.44317366701203476,0.2738450367013182,0.7954969718807974,26.489631669949496,0.7956733121145644
phiusiil,iscx_url2016_binary,r06,rf,f_stable,41919,0.72,0.1693121693121693,1.0000000000000002,0.44317366701203476,0.27386149769986545,0.7957851531624984,27.042296271746654,0.7958312599676076
phiusiil,iscx_url2016_binary,r06,rf,f_mi,41919,0.95,0.16909811694747273,1.0000000000000002,0.44317366701203476,0.274075550064562,0.7957748395420898,26.882725015501876,0.795867137910579
phiusiil,iscx_url2016_binary,r06,rf,f_permutation,41919,0.77,0.1693121693121693,1.0000000000000002,0.44317366701203476,0.27386149769986545,0.7957714341442126,27.15266624771852,0.7958131616468022
phiusiil,iscx_url2016_binary,r06,xgb,f_all,41919,0.71,0.16949320442207869,1.0000000000000002,0.44317366701203476,0.27368046258995604,0.7959070362831215,26.25248909099764,0.7959212900351277
phiusiil,iscx_url2016_binary,r06,xgb,f_single,41919,0.7,0.16949320442207869,1.0000000000000002,0.44317366701203476,0.27368046258995604,0.7959028862828819,26.310195039289297,0.7959201099672443
phiusiil,iscx_url2016_binary,r06,xgb,f_stable,41919,0.75,0.16949320442207869,1.0000000000000002,0.44317366701203476,0.27368046258995604,0.7959077655003978,25.598958427196255,0.795896554265377
phiusiil,iscx_url2016_binary,r06,xgb,f_mi,41919,0.94,0.1692133896188834,0.9999891519546509,0.45333364531883047,0.28412025569994703,0.7960146597280885,8.78387580558914,0.796071235237572
phiusiil,iscx_url2016_binary,r06,xgb,f_permutation,41919,0.74,0.16947674994551543,1.0000000000000002,0.44317366701203476,0.27369691706651933,0.7959064083531491,23.521307410094966,0.795916235589973
phiusiil,iscx_url2016_binary,r07,lr,f_all,41233,0.86,0.23286200433833132,1.0000000000000002,0.4428424722319812,0.20998046789364988,0.7494010343701697,25.210424720074737,0.7508540030757869
phiusiil,iscx_url2016_binary,r07,lr,f_single,41233,0.92,0.20333459861109338,1.0000000000000002,0.4428424722319812,0.23950787362088782,0.7715443050493803,26.123483083590123,0.7718948231876442
phiusiil,iscx_url2016_binary,r07,lr,f_stable,41233,0.93,0.20626043868080002,1.0000000000000002,0.4428424722319812,0.23658203355118118,0.7695531000291769,25.932077944291372,0.7700037910638681
phiusiil,iscx_url2016_binary,r07,lr,f_mi,41233,0.93,0.16989499360357757,1.0000000000000002,0.4428424722319812,0.27294747862840363,0.7949772946656865,27.280218591050367,0.7950573312275947
phiusiil,iscx_url2016_binary,r07,lr,f_permutation,41233,0.93,0.2493139247028603,1.0000000000000002,0.4428424722319812,0.1935285475291209,0.7402992896574437,23.0990272049671,0.7428786189593635
phiusiil,iscx_url2016_binary,r07,rf,f_all,41233,0.85,0.17004488637507298,1.0000000000000002,0.4428424722319812,0.2727975858569082,0.7946483583416184,26.854928268396854,0.794663894090346
phiusiil,iscx_url2016_binary,r07,rf,f_single,41233,0.85,0.17004539489282308,1.0000000000000002,0.4428424722319812,0.27279707733915814,0.7947401718948116,27.16326067367342,0.7947671597276174
phiusiil,iscx_url2016_binary,r07,rf,f_stable,41233,0.84,0.1700281803542673,1.0000000000000002,0.4428424722319812,0.2728142918777139,0.7947805667785293,27.161859767549547,0.794746051401964
phiusiil,iscx_url2016_binary,r07,rf,f_mi,41233,0.94,0.1699112193747106,1.0000000000000002,0.4428424722319812,0.2729312528572706,0.7948217823682625,27.254785718949165,0.7948790429905143
phiusiil,iscx_url2016_binary,r07,rf,f_permutation,41233,0.83,0.170011473660903,1.0000000000000002,0.4428424722319812,0.2728309985710782,0.7945109302180537,27.01308343223217,0.7945952241815328
phiusiil,iscx_url2016_binary,r07,xgb,f_all,41233,0.88,0.17007829639917074,1.0000000000000002,0.4428424722319812,0.27276417583281043,0.7948496095858474,23.97217628419514,0.7948622413566319
phiusiil,iscx_url2016_binary,r07,xgb,f_single,41233,0.82,0.1701451083784491,1.0000000000000002,0.4428424722319812,0.2726973638535321,0.794840350424152,26.01519747239652,0.7948516519582614
phiusiil,iscx_url2016_binary,r07,xgb,f_stable,41233,0.69,0.17021190960133625,1.0000000000000002,0.4428424722319812,0.27263056263064495,0.7948372705047501,25.95784898884791,0.7948517947836127
phiusiil,iscx_url2016_binary,r07,xgb,f_mi,41233,0.94,0.16996134954505193,0.9999871253967285,0.549160357531923,0.3791990079868711,0.7949453723094247,8.618154221800582,0.7950031306485562
phiusiil,iscx_url2016_binary,r07,xgb,f_permutation,41233,0.69,0.17022860822667632,1.0000000000000002,0.4428424722319812,0.27261386400530485,0.7948388986587762,25.252376031054123,0.7948340566267925
phiusiil,iscx_url2016_binary,r08,lr,f_all,41850,0.95,0.2272128756809191,1.0000000000000002,0.44260198985096094,0.21538911417004183,0.7550767702699106,25.53532820383882,0.7564032551523509
phiusiil,iscx_url2016_binary,r08,lr,f_single,41850,0.9,0.20790025264832435,1.0000000000000002,0.44260198985096094,0.2347017372026366,0.7679616289437613,25.793317035849064,0.7685496045804414
phiusiil,iscx_url2016_binary,r08,lr,f_stable,41850,0.91,0.20518142294843467,1.0000000000000002,0.44260198985096094,0.23742056690252628,0.7697554956826537,25.98962969013488,0.7702041553326824
phiusiil,iscx_url2016_binary,r08,lr,f_mi,41850,0.93,0.17044992646467988,1.0000000000000002,0.44260198985096094,0.27215206338628106,0.794177651980329,27.27000516046858,0.7942567126763526
phiusiil,iscx_url2016_binary,r08,lr,f_permutation,41850,0.95,0.24912429644960798,1.0000000000000002,0.44260198985096094,0.19347769340135296,0.7409138745562482,23.18020944521367,0.7434394256861441
phiusiil,iscx_url2016_binary,r08,rf,f_all,41850,0.79,0.1706137656315028,1.0000000000000002,0.44260198985096094,0.2719882242194581,0.7939829119693113,26.929120643635734,0.7939689178784404
phiusiil,iscx_url2016_binary,r08,rf,f_single,41850,0.75,0.1706137656315028,1.0000000000000002,0.44260198985096094,0.2719882242194581,0.79388445993765,26.525532577919726,0.7939056208717994
phiusiil,iscx_url2016_binary,r08,rf,f_stable,41850,0.76,0.1706137656315028,1.0000000000000002,0.44260198985096094,0.2719882242194581,0.7938579308502641,27.042155422881038,0.7939501005599656
phiusiil,iscx_url2016_binary,r08,rf,f_mi,41850,0.95,0.17044936470494956,1.0000000000000002,0.44260198985096094,0.27215262514601135,0.7941194146471173,27.26554466609412,0.7941532072278089
phiusiil,iscx_url2016_binary,r08,rf,f_permutation,41850,0.74,0.1706137656315028,1.0000000000000002,0.44260198985096094,0.2719882242194581,0.7938434452937962,26.858886681202996,0.7939377291734652
phiusiil,iscx_url2016_binary,r08,xgb,f_all,41850,0.67,0.17076167076167076,1.0000000000000002,0.44260198985096094,0.2718403190892902,0.7940695816512355,24.95466243685765,0.7940772088269037
phiusiil,iscx_url2016_binary,r08,xgb,f_single,41850,0.7,0.17076167076167076,1.0000000000000002,0.44260198985096094,0.2718403190892902,0.7940682088642962,25.345202219036363,0.794087054352749
phiusiil,iscx_url2016_binary,r08,xgb,f_stable,41850,0.81,0.17071237491330626,1.0000000000000002,0.44260198985096094,0.2718896149376547,0.7940598395083024,23.495041194558635,0.7940693507485065
phiusiil,iscx_url2016_binary,r08,xgb,f_mi,41850,0.95,0.17049869182589392,0.9999881982803345,0.49996194881321243,0.3294632569873185,0.794169728424468,8.668877128882805,0.7942233150803985
phiusiil,iscx_url2016_binary,r08,xgb,f_permutation,41850,0.85,0.1706137656315028,1.0000000000000002,0.44260198985096094,0.2719882242194581,0.7940725990557808,24.22354617176195,0.7940586398479618
phiusiil,iscx_url2016_binary,r09,lr,f_all,41501,0.95,0.22773844663511197,1.0000000000000002,0.4424831069734951,0.2147446603383831,0.7556396710234843,25.300581169204357,0.7573131741706718
phiusiil,iscx_url2016_binary,r09,lr,f_single,41501,0.95,0.2184397985693962,1.0000000000000002,0.4424831069734951,0.2240433084040989,0.7605523209187008,25.51871902341488,0.7614053445155478
phiusiil,iscx_url2016_binary,r09,lr,f_stable,41501,0.91,0.19937168495964008,1.0000000000000002,0.4424831069734951,0.243111422013855,0.7745200272844021,26.21362584156277,0.7749242789653549
phiusiil,iscx_url2016_binary,r09,lr,f_mi,41501,0.93,0.17069380718954963,1.0000000000000002,0.4424831069734951,0.27178929978394545,0.7938201381829953,27.274916914781297,0.7939013756840634
phiusiil,iscx_url2016_binary,r09,lr,f_permutation,41501,0.95,0.23678302182990746,1.0000000000000002,0.4424831069734951,0.20570008514358762,0.7503098686644363,23.503668544749903,0.7523774812255282
phiusiil,iscx_url2016_binary,r09,rf,f_all,41501,0.79,0.17087545450913014,1.0000000000000002,0.4424831069734951,0.2716076524643649,0.7936076663853078,26.855375733756492,0.7935617889565622
phiusiil,iscx_url2016_binary,r09,rf,f_single,41501,0.65,0.17089201877934274,1.0000000000000002,0.4424831069734951,0.27159108819415234,0.7935029007730614,26.2865934332861,0.7935358388820652
phiusiil,iscx_url2016_binary,r09,rf,f_stable,41501,0.7,0.17087545450913014,1.0000000000000002,0.4424831069734951,0.2716076524643649,0.7933622702191733,26.951577439901648,0.793495374813129
phiusiil,iscx_url2016_binary,r09,rf,f_mi,41501,0.95,0.1706600587518235,1.0000000000000002,0.4424831069734951,0.2718230482216716,0.7937145189483551,27.11511938152891,0.7937661456841646
phiusiil,iscx_url2016_binary,r09,rf,f_permutation,41501,0.73,0.17087545450913014,1.0000000000000002,0.4424831069734951,0.2716076524643649,0.7935508519094784,27.107038657397617,0.7935930957059102
phiusiil,iscx_url2016_binary,r09,xgb,f_all,41501,0.83,0.1709582692422941,1.0000000000000002,0.4424831069734951,0.27152483773120095,0.7936791196319806,25.860348551420806,0.7936840974874678
phiusiil,iscx_url2016_binary,r09,xgb,f_single,41501,0.75,0.17100795014182413,1.0000000000000002,0.4424831069734951,0.27147515683167095,0.7936846385815096,25.79775935526659,0.7937080209041106
phiusiil,iscx_url2016_binary,r09,xgb,f_stable,41501,0.73,0.17102450911851066,1.0000000000000002,0.4424831069734951,0.2714585978549844,0.7936830204344533,25.611107187973314,0.7936933176399315
phiusiil,iscx_url2016_binary,r09,xgb,f_mi,41501,0.94,0.1707594860830819,0.9999866485595703,0.5095069888232227,0.33874750274014076,0.793788109655729,8.634085923067047,0.7938452773113022
phiusiil,iscx_url2016_binary,r09,xgb,f_permutation,41501,0.71,0.17100795014182413,1.0000000000000002,0.4424831069734951,0.27147515683167095,0.7936783308347531,26.77201170579665,0.7936918171844506
