estimand,dataset,scenario,model,run_id,cohort,cohort_size,fit_seconds,setup_seconds,explain_seconds,seconds_per_sample
partition,iscx_url2016_binary,s0,lr,r00,internal,200,0.006016099999669677,0.005676400000083959,0.012518500000169297,6.259250000084648e-05
partition,iscx_url2016_binary,s0,lr,r01,internal,200,0.5512702999999419,0.0016937999998845044,0.009697999999843887,4.8489999999219434e-05
partition,iscx_url2016_binary,s0,lr,r02,internal,200,0.6198047999996561,0.003393899999991845,0.01250560000016776,6.25280000008388e-05
partition,iscx_url2016_binary,s0,lr,r03,internal,200,0.5331581000000369,0.005694400000265887,0.016996500000004744,8.498250000002372e-05
partition,iscx_url2016_binary,s0,lr,r04,internal,200,0.614696599999661,0.0033552999998391897,0.009426400000393187,4.713200000196593e-05
partition,iscx_url2016_binary,s0,lr,r05,internal,200,0.6527068000000327,0.0029262999996717554,0.01134749999982887,5.6737499999144344e-05
partition,iscx_url2016_binary,s0,lr,r06,internal,200,0.3887531000000308,0.00203479999981937,0.008980499999779568,4.490249999889784e-05
partition,iscx_url2016_binary,s0,lr,r07,internal,200,0.40634399999999005,0.0028836999999839463,0.009283700000196404,4.641850000098202e-05
partition,iscx_url2016_binary,s0,lr,r08,internal,200,0.5529615999998896,0.002263200000015786,0.00971590000017386,4.8579500000869304e-05
partition,iscx_url2016_binary,s0,lr,r09,internal,200,0.4208002000000306,0.0014271999998527463,0.010375400000157242,5.1877000000786214e-05
partition,iscx_url2016_binary,s0,rf,r00,internal,200,0.10779210000009698,0.02823709999984203,4.273344799999904,0.02136672399999952
partition,iscx_url2016_binary,s0,rf,r01,internal,200,3.097826400000031,0.049144499999783875,4.270686899999873,0.021353434499999366
partition,iscx_url2016_binary,s0,rf,r02,internal,200,2.78144519999978,0.0393659999999727,5.452412900000127,0.027262064500000634
partition,iscx_url2016_binary,s0,rf,r03,internal,200,3.0833145999999942,0.04287759999988339,4.509623699999793,0.022548118499998965
partition,iscx_url2016_binary,s0,rf,r04,internal,200,2.8822041000003082,0.03692030000001978,5.813799999999901,0.029068999999999505
partition,iscx_url2016_binary,s0,rf,r05,internal,200,2.811917900000026,0.016723299999739538,5.2566876000000775,0.026283438000000388
partition,iscx_url2016_binary,s0,rf,r06,internal,200,2.6829630000002,0.03878690000010465,5.019056600000113,0.025095283000000565
partition,iscx_url2016_binary,s0,rf,r07,internal,200,2.917258199999651,0.04383840000036798,5.373071600000003,0.026865358000000016
partition,iscx_url2016_binary,s0,rf,r08,internal,200,3.455467100000078,0.046468000000004395,5.6222483999999895,0.028111241999999946
partition,iscx_url2016_binary,s0,rf,r09,internal,200,3.877021899999818,0.01583459999983461,4.816779100000076,0.024083895500000382
partition,iscx_url2016_binary,s0,xgb,r00,internal,200,0.03846560000010868,0.08385490000000573,0.0507050999999592,0.000253525499999796
partition,iscx_url2016_binary,s0,xgb,r01,internal,200,8.630754600000273,0.08169429999998101,0.06003980000014053,0.00030019900000070263
partition,iscx_url2016_binary,s0,xgb,r02,internal,200,8.966013499999917,0.08877589999974589,0.07295870000007199,0.00036479350000035994
partition,iscx_url2016_binary,s0,xgb,r03,internal,200,8.212779600000431,0.09902550000015253,0.06316340000012133,0.00031581700000060664
partition,iscx_url2016_binary,s0,xgb,r04,internal,200,5.942299299999831,0.1137260000000424,0.055041500000243104,0.00027520750000121553
partition,iscx_url2016_binary,s0,xgb,r05,internal,200,4.970397500000217,0.08542089999991731,0.03918149999981324,0.0001959074999990662
partition,iscx_url2016_binary,s0,xgb,r06,internal,200,5.244318400000338,0.049966200000199024,0.049258500000178174,0.00024629250000089085
partition,iscx_url2016_binary,s0,xgb,r07,internal,200,0.36505010000018956,0.03664240000034624,0.023831299999983457,0.00011915649999991729
partition,iscx_url2016_binary,s0,xgb,r08,internal,200,0.7511386999999559,0.040994899999986956,0.03531820000034713,0.00017659100000173568
partition,iscx_url2016_binary,s0,xgb,r09,internal,200,0.578780899999856,0.04079879999972036,0.03256869999995615,0.00016284349999978075
partition,iscx_url2016_binary,s1,lr,r00,internal,200,0.002694599999813363,0.0022112000001470733,0.005796299999929033,2.8981499999645165e-05
partition,iscx_url2016_binary,s1,lr,r01,internal,200,0.14624319999984436,0.0011236999998800457,0.008663000000069587,4.3315000000347935e-05
partition,iscx_url2016_binary,s1,lr,r02,internal,200,0.14887369999996736,0.0007883000002948393,0.005856799999946816,2.928399999973408e-05
partition,iscx_url2016_binary,s1,lr,r03,internal,200,0.10837740000033591,0.0008636000002297806,0.005311200000051031,2.6556000000255155e-05
partition,iscx_url2016_binary,s1,lr,r04,internal,200,0.1036178999997901,0.0006899999998495332,0.0051562999997258885,2.5781499998629444e-05
partition,iscx_url2016_binary,s1,lr,r05,internal,200,0.09990119999974922,0.0007771000000502681,0.005259500000192929,2.6297500000964645e-05
partition,iscx_url2016_binary,s1,lr,r06,internal,200,0.10288350000018909,0.000759600000037608,0.005634000000100059,2.8170000000500295e-05
partition,iscx_url2016_binary,s1,lr,r07,internal,200,0.09753670000009151,0.0007652999997844745,0.005123599999933504,2.5617999999667517e-05
partition,iscx_url2016_binary,s1,lr,r08,internal,200,0.10644379999985176,0.0007286999998541432,0.0047144999998636195,2.3572499999318096e-05
partition,iscx_url2016_binary,s1,lr,r09,internal,200,0.110040200000185,0.001152400000137277,0.005213900000399008,2.606950000199504e-05
partition,iscx_url2016_binary,s1,rf,r00,internal,200,0.082572600000276,0.011617200000273442,4.116522599999826,0.02058261299999913
partition,iscx_url2016_binary,s1,rf,r01,internal,200,1.4151357000000644,0.014294500000232802,4.127787999999782,0.020638939999998912
partition,iscx_url2016_binary,s1,rf,r02,internal,200,1.4166156999999657,0.015121299999918847,3.7898497000001043,0.018949248500000522
partition,iscx_url2016_binary,s1,rf,r03,internal,200,1.358706500000153,0.01276689999986047,4.133500500000082,0.02066750250000041
partition,iscx_url2016_binary,s1,rf,r04,internal,200,1.4039357999999993,0.013545900000281108,4.1072149999999965,0.020536074999999984
partition,iscx_url2016_binary,s1,rf,r05,internal,200,1.358046700000159,0.010863999999855878,4.069152199999735,0.020345760999998675
partition,iscx_url2016_binary,s1,rf,r06,internal,200,1.3741617000000588,0.010451699999975972,3.9578933000002507,0.019789466500001254
partition,iscx_url2016_binary,s1,rf,r07,internal,200,1.40109399999983,0.012495299999955023,4.048876899999868,0.02024438449999934
partition,iscx_url2016_binary,s1,rf,r08,internal,200,1.4331037000001743,0.011753199999930075,3.961803400000008,0.01980901700000004
partition,iscx_url2016_binary,s1,rf,r09,internal,200,1.496055499999784,0.01862970000001951,3.921596700000009,0.019607983500000047
partition,iscx_url2016_binary,s1,xgb,r00,internal,200,0.007242199999836885,0.03860769999982949,0.024139499999819236,0.00012069749999909618
partition,iscx_url2016_binary,s1,xgb,r01,internal,200,0.3736860999997589,0.04332559999966179,0.03134959999988496,0.0001567479999994248
partition,iscx_url2016_binary,s1,xgb,r02,internal,200,0.6117463000000498,0.042562599999655504,0.02494059999980891,0.00012470299999904456
partition,iscx_url2016_binary,s1,xgb,r03,internal,200,0.3770748000001731,0.04497739999987971,0.03031329999976151,0.00015156649999880755
partition,iscx_url2016_binary,s1,xgb,r04,internal,200,0.3656710000000203,0.04099499999983891,0.024540500000057364,0.0001227025000002868
partition,iscx_url2016_binary,s1,xgb,r05,internal,200,0.5264018999996551,0.04831170000034035,0.033355500000197935,0.00016677750000098967
partition,iscx_url2016_binary,s1,xgb,r06,internal,200,0.40011349999986123,0.042825600000014674,0.027325999999902706,0.00013662999999951352
partition,iscx_url2016_binary,s1,xgb,r07,internal,200,0.4369732000000113,0.04054089999999633,0.02452839999978096,0.0001226419999989048
partition,iscx_url2016_binary,s1,xgb,r08,internal,200,0.3816084000000046,0.04965829999991911,0.03092479999986608,0.0001546239999993304
partition,iscx_url2016_binary,s1,xgb,r09,internal,200,0.5566020999999637,0.04911009999977978,0.02648799999997209,0.00013243999999986044
partition,iscx_url2016_binary,s2,lr,r00,internal,200,0.0014873000000079628,0.0009771999998520187,0.004595999999764899,2.2979999998824495e-05
partition,iscx_url2016_binary,s2,lr,r01,internal,200,0.11511120000022856,0.0008956000001489883,0.0063435000001845765,3.171750000092288e-05
partition,iscx_url2016_binary,s2,lr,r02,internal,200,0.09927180000022418,0.0009153999999398366,0.005501000000094791,2.7505000000473957e-05
partition,iscx_url2016_binary,s2,lr,r03,internal,200,0.11532919999990554,0.0009337000001323759,0.005724099999952159,2.8620499999760796e-05
partition,iscx_url2016_binary,s2,lr,r04,internal,200,0.1008176000000276,0.0008959000001595996,0.005173699999886594,2.586849999943297e-05
partition,iscx_url2016_binary,s2,lr,r05,internal,200,0.17071100000021033,0.0011148999997203646,0.01004369999964183,5.0218499998209156e-05
partition,iscx_url2016_binary,s2,lr,r06,internal,200,0.11921690000008311,0.0007715000001553562,0.006456199999774981,3.22809999988749e-05
partition,iscx_url2016_binary,s2,lr,r07,internal,200,0.12168710000014471,0.0007881999999881373,0.005250300000170682,2.625150000085341e-05
partition,iscx_url2016_binary,s2,lr,r08,internal,200,0.1123168999997688,0.0007674000003135006,0.005231099999946309,2.6155499999731545e-05
partition,iscx_url2016_binary,s2,lr,r09,internal,200,0.09747049999987212,0.000816700000086712,0.004722000000128901,2.3610000000644503e-05
partition,iscx_url2016_binary,s2,rf,r00,internal,200,0.0745916999999281,0.010897200000272278,4.091934699999911,0.020459673499999553
partition,iscx_url2016_binary,s2,rf,r01,internal,200,1.341857699999764,0.011642400000255293,4.177171499999986,0.020885857499999928
partition,iscx_url2016_binary,s2,rf,r02,internal,200,1.4342790000000605,0.017029399999955785,4.376079500000287,0.021880397500001435
partition,iscx_url2016_binary,s2,rf,r03,internal,200,1.2400469999997767,0.01123539999980494,3.8754495999996834,0.019377247999998418
partition,iscx_url2016_binary,s2,rf,r04,internal,200,1.2581623999999465,0.014074100000016188,4.0812221000001045,0.020406110500000522
partition,iscx_url2016_binary,s2,rf,r05,internal,200,1.401841500000046,0.012275900000076945,4.381156800000099,0.021905784000000494
partition,iscx_url2016_binary,s2,rf,r06,internal,200,1.3895814000002247,0.014412200000151643,4.526611299999786,0.02263305649999893
partition,iscx_url2016_binary,s2,rf,r07,internal,200,1.3300214000000778,0.013932199999999284,4.171351500000128,0.02085675750000064
partition,iscx_url2016_binary,s2,rf,r08,internal,200,1.268241300000227,0.010805199999595061,3.820401800000127,0.019102009000000635
partition,iscx_url2016_binary,s2,rf,r09,internal,200,1.2508876000001692,0.01251219999994646,4.049532999999883,0.020247664999999415
partition,iscx_url2016_binary,s2,xgb,r00,internal,200,0.008190300000023853,0.037679600000046776,0.023755000000164728,0.00011877500000082364
partition,iscx_url2016_binary,s2,xgb,r01,internal,200,0.33506779999970604,0.03806029999987004,0.025483300000360032,0.00012741650000180015
partition,iscx_url2016_binary,s2,xgb,r02,internal,200,0.6101108000002569,0.04718269999966651,0.03117130000009638,0.0001558565000004819
partition,iscx_url2016_binary,s2,xgb,r03,internal,200,0.39912509999976464,0.052224699999896984,0.02944679999973232,0.0001472339999986616
partition,iscx_url2016_binary,s2,xgb,r04,internal,200,0.338332199999968,0.035760799999934534,0.025654600000052596,0.00012827300000026298
partition,iscx_url2016_binary,s2,xgb,r05,internal,200,0.34311209999987113,0.03802829999995083,0.03068890000031388,0.0001534445000015694
partition,iscx_url2016_binary,s2,xgb,r06,internal,200,0.40904749999981505,0.0363179000000855,0.026220599999760452,0.00013110299999880226
partition,iscx_url2016_binary,s2,xgb,r07,internal,200,0.3658229999996365,0.04321079999999711,0.024020000000291475,0.00012010000000145738
partition,iscx_url2016_binary,s2,xgb,r08,internal,200,0.3586332000004404,0.03953350000028877,0.025474300000041694,0.00012737150000020848
partition,iscx_url2016_binary,s2,xgb,r09,internal,200,0.3548705000002883,0.038054099999953905,0.027602899999692454,0.00013801449999846228
partition,iscx_url2016_binary,s3,lr,r00,external_common,200,0.0016476000000693602,0.0011488000000099419,0.004666999999699328,2.333499999849664e-05
partition,iscx_url2016_binary,s3,lr,r00,internal,200,0.0016476000000693602,0.0011488000000099419,0.005059399999936431,2.5296999999682158e-05
partition,iscx_url2016_binary,s3,lr,r01,external_common,200,0.08999480000011317,0.0010450999998283805,0.004788200000348297,2.3941000001741486e-05
partition,iscx_url2016_binary,s3,lr,r01,internal,200,0.08999480000011317,0.0010450999998283805,0.004789799999798561,2.3948999998992804e-05
partition,iscx_url2016_binary,s3,lr,r02,external_common,200,0.10184410000010757,0.0008396000002903747,0.0044759000002159155,2.237950000107958e-05
partition,iscx_url2016_binary,s3,lr,r02,internal,200,0.10184410000010757,0.0008396000002903747,0.004969200000232377,2.4846000001161884e-05
partition,iscx_url2016_binary,s3,lr,r03,external_common,200,0.0911244999997507,0.000698399999691901,0.006684899999982008,3.342449999991004e-05
partition,iscx_url2016_binary,s3,lr,r03,internal,200,0.0911244999997507,0.000698399999691901,0.004878400000052352,2.439200000026176e-05
partition,iscx_url2016_binary,s3,lr,r04,external_common,200,0.11864949999971941,0.0010683000000426546,0.004409099999975297,2.2045499999876483e-05
partition,iscx_url2016_binary,s3,lr,r04,internal,200,0.11864949999971941,0.0010683000000426546,0.006954599999971833,3.477299999985917e-05
partition,iscx_url2016_binary,s3,lr,r05,external_common,200,0.09806839999964723,0.0006851999996797531,0.0048710000000937725,2.4355000000468863e-05
partition,iscx_url2016_binary,s3,lr,r05,internal,200,0.09806839999964723,0.0006851999996797531,0.0051275999999234045,2.5637999999617023e-05
partition,iscx_url2016_binary,s3,lr,r06,external_common,200,0.08100500000000466,0.0007339000003412366,0.006232199999885779,3.11609999994289e-05
partition,iscx_url2016_binary,s3,lr,r06,internal,200,0.08100500000000466,0.0007339000003412366,0.004706800000349176,2.353400000174588e-05
partition,iscx_url2016_binary,s3,lr,r07,external_common,200,0.13194690000000264,0.0007005999996181345,0.004686100000071747,2.3430500000358734e-05
partition,iscx_url2016_binary,s3,lr,r07,internal,200,0.13194690000000264,0.0007005999996181345,0.00440230000003794,2.20115000001897e-05
partition,iscx_url2016_binary,s3,lr,r08,external_common,200,0.08322469999984605,0.0007040000000415603,0.004827700000078039,2.4138500000390194e-05
partition,iscx_url2016_binary,s3,lr,r08,internal,200,0.08322469999984605,0.0007040000000415603,0.004902700000002369,2.4513500000011847e-05
partition,iscx_url2016_binary,s3,lr,r09,external_common,200,0.08680379999987053,0.0007014999996499682,0.004533100000116974,2.266550000058487e-05
partition,iscx_url2016_binary,s3,lr,r09,internal,200,0.08680379999987053,0.0007014999996499682,0.005890400000225782,2.9452000001128907e-05
partition,iscx_url2016_binary,s3,rf,r00,external_common,200,0.09244820000003529,0.011832899999717483,2.9832555000002685,0.014916277500001343
partition,iscx_url2016_binary,s3,rf,r00,internal,200,0.09244820000003529,0.011832899999717483,3.1985829000000194,0.015992914500000097
partition,iscx_url2016_binary,s3,rf,r01,external_common,200,1.6179995000002236,0.00955809999959456,2.960119400000167,0.014800597000000835
partition,iscx_url2016_binary,s3,rf,r01,internal,200,1.6179995000002236,0.00955809999959456,3.1866868000001887,0.015933434000000943
partition,iscx_url2016_binary,s3,rf,r02,external_common,200,1.942411500000162,0.01279000000022279,3.0899813999999424,0.015449906999999713
partition,iscx_url2016_binary,s3,rf,r02,internal,200,1.942411500000162,0.01279000000022279,3.1583120000000235,0.015791560000000118
partition,iscx_url2016_binary,s3,rf,r03,external_common,200,1.5855129999999917,0.009901999999783584,2.832924400000138,0.01416462200000069
partition,iscx_url2016_binary,s3,rf,r03,internal,200,1.5855129999999917,0.009901999999783584,3.0468149999996967,0.015234074999998484
partition,iscx_url2016_binary,s3,rf,r04,external_common,200,1.512707699999737,0.009880900000098336,2.808294599999954,0.01404147299999977
partition,iscx_url2016_binary,s3,rf,r04,internal,200,1.512707699999737,0.009880900000098336,2.988170600000103,0.014940853000000516
partition,iscx_url2016_binary,s3,rf,r05,external_common,200,1.5822421000002578,0.010511099999803264,2.79723869999998,0.0139861934999999
partition,iscx_url2016_binary,s3,rf,r05,internal,200,1.5822421000002578,0.010511099999803264,2.964737299999797,0.014823686499998984
partition,iscx_url2016_binary,s3,rf,r06,external_common,200,1.5224467999996705,0.00939650000009351,3.0436561000001348,0.015218280500000674
partition,iscx_url2016_binary,s3,rf,r06,internal,200,1.5224467999996705,0.00939650000009351,3.0850854999998774,0.015425427499999388
partition,iscx_url2016_binary,s3,rf,r07,external_common,200,1.5183569000000716,0.011470599999938713,2.862355899999784,0.014311779499998921
partition,iscx_url2016_binary,s3,rf,r07,internal,200,1.5183569000000716,0.011470599999938713,3.0664584999999533,0.015332292499999766
partition,iscx_url2016_binary,s3,rf,r08,external_common,200,1.4674989000000096,0.014263999999911903,2.8883554999997614,0.014441777499998807
partition,iscx_url2016_binary,s3,rf,r08,internal,200,1.4674989000000096,0.014263999999911903,3.1077761000001374,0.015538880500000686
partition,iscx_url2016_binary,s3,rf,r09,external_common,200,1.5155870000003233,0.010007300000324904,2.9079541000000972,0.014539770500000486
partition,iscx_url2016_binary,s3,rf,r09,internal,200,1.5155870000003233,0.010007300000324904,2.958712000000105,0.014793560000000525
partition,iscx_url2016_binary,s3,xgb,r00,external_common,200,0.007334800000080577,0.038464400000066234,0.024376700000175333,0.00012188350000087667
partition,iscx_url2016_binary,s3,xgb,r00,internal,200,0.007334800000080577,0.038464400000066234,0.025604899999962072,0.00012802449999981035
partition,iscx_url2016_binary,s3,xgb,r01,external_common,200,0.35709629999973913,0.038580199999614706,0.023957899999913934,0.00011978949999956968
partition,iscx_url2016_binary,s3,xgb,r01,internal,200,0.35709629999973913,0.038580199999614706,0.024866100000053848,0.00012433050000026924
partition,iscx_url2016_binary,s3,xgb,r02,external_common,200,0.3318767000000662,0.0357904000002236,0.023066199999902892,0.00011533099999951446
partition,iscx_url2016_binary,s3,xgb,r02,internal,200,0.3318767000000662,0.0357904000002236,0.024871600000096805,0.00012435800000048402
partition,iscx_url2016_binary,s3,xgb,r03,external_common,200,0.3313453999999183,0.038834700000279554,0.023878099999819824,0.00011939049999909912
partition,iscx_url2016_binary,s3,xgb,r03,internal,200,0.3313453999999183,0.038834700000279554,0.025546500000018568,0.00012773250000009285
partition,iscx_url2016_binary,s3,xgb,r04,external_common,200,0.33105739999973594,0.0390625,0.0320796999999402,0.000160398499999701
partition,iscx_url2016_binary,s3,xgb,r04,internal,200,0.33105739999973594,0.0390625,0.02809060000026875,0.00014045300000134375
partition,iscx_url2016_binary,s3,xgb,r05,external_common,200,0.3491737999997895,0.04166420000001381,0.024312900000040827,0.00012156450000020414
partition,iscx_url2016_binary,s3,xgb,r05,internal,200,0.3491737999997895,0.04166420000001381,0.026127900000119553,0.00013063950000059778
partition,iscx_url2016_binary,s3,xgb,r06,external_common,200,0.3468090999999731,0.03562929999998232,0.027950500000315515,0.00013975250000157756
partition,iscx_url2016_binary,s3,xgb,r06,internal,200,0.3468090999999731,0.03562929999998232,0.028497999999672174,0.00014248999999836088
partition,iscx_url2016_binary,s3,xgb,r07,external_common,200,0.3724038999998811,0.049233900000217545,0.10074089999989155,0.0005037044999994577
partition,iscx_url2016_binary,s3,xgb,r07,internal,200,0.3724038999998811,0.049233900000217545,0.030875100000230304,0.0001543755000011515
partition,iscx_url2016_binary,s3,xgb,r08,external_common,200,0.9981907999999748,0.06033879999995406,0.03438010000036229,0.00017190050000181144
partition,iscx_url2016_binary,s3,xgb,r08,internal,200,0.9981907999999748,0.06033879999995406,0.04017970000040805,0.00020089850000204023
partition,iscx_url2016_binary,s3,xgb,r09,external_common,200,0.7895831999999245,0.04255269999976008,0.02521999999999025,0.00012609999999995124
partition,iscx_url2016_binary,s3,xgb,r09,internal,200,0.7895831999999245,0.04255269999976008,0.03339629999982208,0.00016698149999911039
partition,phiusiil,s0,lr,r00,internal,200,0.001336099999889484,0.000720500000170432,0.004686999999876207,2.3434999999381034e-05
partition,phiusiil,s0,lr,r01,internal,200,3.4820320000001175,0.000722100000075443,0.004730800000061208,2.365400000030604e-05
partition,phiusiil,s0,lr,r02,internal,200,5.60299370000007,0.0017015000000810687,0.00816320000012638,4.0816000000631904e-05
partition,phiusiil,s0,lr,r03,internal,200,12.301956200000177,0.0016200000000026193,0.006802800000059506,3.401400000029753e-05
partition,phiusiil,s0,lr,r04,internal,200,11.939906900000096,0.0016494000001330278,0.006693599999834987,3.3467999999174934e-05
partition,phiusiil,s0,lr,r05,internal,200,13.335625299999947,0.0031284000001505774,0.006926100000100632,3.4630500000503165e-05
partition,phiusiil,s0,lr,r06,internal,200,10.219873200000166,0.0028399000000263186,0.008326899999929083,4.1634499999645414e-05
partition,phiusiil,s0,lr,r07,internal,200,12.59229479999999,0.0018083999998452782,0.008194400000093083,4.0972000000465414e-05
partition,phiusiil,s0,lr,r08,internal,200,9.154644700000063,0.0011667000001125416,0.008013699999992241,4.0068499999961204e-05
partition,phiusiil,s0,lr,r09,internal,200,13.462539700000207,0.0030242999998790765,0.009125799999992523,4.5628999999962615e-05
partition,phiusiil,s0,rf,r00,internal,200,0.6945150999999896,0.16640370000004623,50.064839599999914,0.25032419799999955
partition,phiusiil,s0,rf,r01,internal,200,20.789530700000114,0.04228600000010374,37.6062993999999,0.1880314969999995
partition,phiusiil,s0,rf,r02,internal,200,10.692903399999977,0.04132960000015373,38.3343483000001,0.19167174150000052
partition,phiusiil,s0,rf,r03,internal,200,10.62428829999999,0.042624799999885,37.91333630000008,0.18956668150000042
partition,phiusiil,s0,rf,r04,internal,200,11.190850899999987,0.05502699999988181,40.622181599999976,0.20311090799999987
partition,phiusiil,s0,rf,r05,internal,200,11.618328100000001,0.0674765000000015,41.3601335,0.2068006675
partition,phiusiil,s0,rf,r06,internal,200,10.962857999999997,0.05532540000000097,40.72631749999999,0.20363158749999996
partition,phiusiil,s0,rf,r07,internal,200,14.444770399999996,0.07638249999999402,40.14500960000001,0.20072504800000004
partition,phiusiil,s0,rf,r08,internal,200,11.475010900000001,0.05644630000000461,39.899789699999985,0.19949894849999994
partition,phiusiil,s0,rf,r09,internal,200,11.42110070000001,0.05443230000000199,37.671693499999975,0.18835846749999988
partition,phiusiil,s0,xgb,r00,internal,200,0.2984357000000273,0.07478649999995923,0.037706200000002354,0.00018853100000001176
partition,phiusiil,s0,xgb,r01,internal,200,1.2751844000000006,0.0399677000000338,0.024384399999973994,0.00012192199999986997
partition,phiusiil,s0,xgb,r02,internal,200,1.3799662000000126,0.043221200000004956,0.02855610000000297,0.00014278050000001485
partition,phiusiil,s0,xgb,r03,internal,200,1.7662988000000155,0.04677409999999327,0.02661110000002509,0.00013305550000012546
partition,phiusiil,s0,xgb,r04,internal,200,1.4725667999999814,0.04443020000002207,0.024275999999986198,0.00012137999999993098
partition,phiusiil,s0,xgb,r05,internal,200,1.588677300000029,0.04449329999999918,0.023915999999985615,0.00011957999999992808
partition,phiusiil,s0,xgb,r06,internal,200,1.3220651999999973,0.0420533000000205,0.025084400000025653,0.00012542200000012827
partition,phiusiil,s0,xgb,r07,internal,200,1.4686892000000284,0.04494220000003679,0.02668889999995372,0.0001334444999997686
partition,phiusiil,s0,xgb,r08,internal,200,1.533989799999972,0.06417540000001054,0.03430350000002136,0.0001715175000001068
partition,phiusiil,s0,xgb,r09,internal,200,1.5570579999999836,0.04393369999996821,0.02416329999999789,0.00012081649999998944
partition,phiusiil,s1,lr,r00,internal,200,0.003525299999978415,0.0017028000000323118,0.00567910000000893,2.8395500000044648e-05
partition,phiusiil,s1,lr,r01,internal,200,2.8464371999999685,0.0007621000000312961,0.005211900000006153,2.6059500000030768e-05
partition,phiusiil,s1,lr,r02,internal,200,2.9317354000000364,0.0008195999999998094,0.004947800000024927,2.4739000000124634e-05
partition,phiusiil,s1,lr,r03,internal,200,3.4366713000000004,0.0008464999999659995,0.004739099999994778,2.369549999997389e-05
partition,phiusiil,s1,lr,r04,internal,200,3.703113499999972,0.0007706000000098356,0.004643600000008519,2.3218000000042593e-05
partition,phiusiil,s1,lr,r05,internal,200,3.611964700000044,0.000988800000015999,0.004699299999970208,2.349649999985104e-05
partition,phiusiil,s1,lr,r06,internal,200,3.5641658999999777,0.0011087000000316038,0.004989099999988866,2.4945499999944333e-05
partition,phiusiil,s1,lr,r07,internal,200,3.4940756999999962,0.0006930999999781307,0.004788700000005974,2.3943500000029872e-05
partition,phiusiil,s1,lr,r08,internal,200,3.968552299999999,0.0008717999999703352,0.006554599999958555,3.2772999999792775e-05
partition,phiusiil,s1,lr,r09,internal,200,3.676221499999997,0.0012863999999694897,0.006341500000019096,3.170750000009548e-05
partition,phiusiil,s1,rf,r00,internal,200,0.34904320000003963,0.06826549999999543,51.5823274,0.25791163699999997
partition,phiusiil,s1,rf,r01,internal,200,27.419132999999988,0.1974260000000072,44.18677009999999,0.22093385049999995
partition,phiusiil,s1,rf,r02,internal,200,25.66742529999999,0.06341210000005049,38.205173400000035,0.19102586700000018
partition,phiusiil,s1,rf,r03,internal,200,20.16212239999993,0.06716850000009345,37.92189410000003,0.18960947050000015
partition,phiusiil,s1,rf,r04,internal,200,17.11691369999994,0.079177399999935,37.08790520000002,0.1854395260000001
partition,phiusiil,s1,rf,r05,internal,200,19.137764199999992,0.04758559999993395,39.0301154,0.195150577
partition,phiusiil,s1,rf,r06,internal,200,18.460972799999922,0.1767502999999806,42.270063100000016,0.21135031550000008
partition,phiusiil,s1,rf,r07,internal,200,15.927601699999968,0.06032670000001872,40.028261799999996,0.200141309
partition,phiusiil,s1,rf,r08,internal,200,15.961820699999976,0.05590040000004137,44.82460860000003,0.22412304300000016
partition,phiusiil,s1,rf,r09,internal,200,15.816798099999914,0.0769434999999703,43.16696860000002,0.21583484300000008
partition,phiusiil,s1,xgb,r00,internal,200,0.06791690000000017,0.10319400000003043,0.034058100000038394,0.00017029050000019196
partition,phiusiil,s1,xgb,r01,internal,200,9.092637599999989,0.08047759999999471,0.053308000000015454,0.00026654000000007726
partition,phiusiil,s1,xgb,r02,internal,200,4.698276300000089,0.06770389999996951,0.03162459999998646,0.0001581229999999323
partition,phiusiil,s1,xgb,r03,internal,200,11.42253549999998,0.08496000000002368,0.08331299999997555,0.00041656499999987774
partition,phiusiil,s1,xgb,r04,internal,200,5.9319732999999815,0.04716940000002978,0.03913980000004358,0.0001956990000002179
partition,phiusiil,s1,xgb,r05,internal,200,7.427507900000023,0.07799809999994523,0.042388599999981125,0.00021194299999990562
partition,phiusiil,s1,xgb,r06,internal,200,2.1225686000000223,0.04722229999993033,0.038755899999955545,0.00019377949999977774
partition,phiusiil,s1,xgb,r07,internal,200,3.2456002999999782,0.12741280000000188,0.04789210000001276,0.0002394605000000638
partition,phiusiil,s1,xgb,r08,internal,200,8.336118599999963,0.05867590000002565,0.030913600000076258,0.0001545680000003813
partition,phiusiil,s1,xgb,r09,internal,200,3.7166279000000486,0.09612760000004528,0.05650059999993573,0.00028250299999967867
partition,phiusiil,s2,lr,r00,internal,200,0.006274200000007113,0.006450699999959397,0.010062899999866204,5.031449999933102e-05
partition,phiusiil,s2,lr,r01,internal,200,8.258522999999968,0.0057005999999546475,0.009427599999980885,4.713799999990442e-05
partition,phiusiil,s2,lr,r02,internal,200,10.021310500000027,0.0008290000000670261,0.005368999999973312,2.684499999986656e-05
partition,phiusiil,s2,lr,r03,internal,200,4.0096057999999175,0.0013447999999698368,0.005180599999903279,2.5902999999516398e-05
partition,phiusiil,s2,lr,r04,internal,200,12.184304200000042,0.002405899999985195,0.014150700000072902,7.075350000036451e-05
partition,phiusiil,s2,lr,r05,internal,200,9.428013100000044,0.002238899999838395,0.010232899999891742,5.116449999945871e-05
partition,phiusiil,s2,lr,r06,internal,200,5.0806795999999395,0.0007577999999739404,0.007799999999861029,3.899999999930515e-05
partition,phiusiil,s2,lr,r07,internal,200,7.033585500000072,0.0013883999999961816,0.011748799999850235,5.8743999999251174e-05
partition,phiusiil,s2,lr,r08,internal,200,13.645611800000097,0.0014158999999835942,0.012267100000144637,6.133550000072319e-05
partition,phiusiil,s2,lr,r09,internal,200,7.031890100000055,0.0014300999998795305,0.008530600000085542,4.265300000042771e-05
partition,phiusiil,s2,rf,r00,internal,200,0.45379030000003695,0.08392000000003463,30.426701299999877,0.15213350649999938
partition,phiusiil,s2,rf,r01,internal,200,35.290612999999894,0.11700770000015837,29.551542299999937,0.1477577114999997
partition,phiusiil,s2,rf,r02,internal,200,40.576176599999826,0.2380900999999085,37.88331870000002,0.1894165935000001
partition,phiusiil,s2,rf,r03,internal,200,37.290907800000014,0.36794480000003205,32.6519088,0.163259544
partition,phiusiil,s2,rf,r04,internal,200,30.687078300000167,0.07288519999997334,33.00669779999998,0.16503348899999992
partition,phiusiil,s2,rf,r05,internal,200,33.18522169999983,0.1027292999999645,34.57257249999998,0.17286286249999988
partition,phiusiil,s2,rf,r06,internal,200,21.457962899999984,0.07709599999998318,29.45407729999988,0.1472703864999994
partition,phiusiil,s2,rf,r07,internal,200,29.896689899999956,0.08233150000000933,32.120587000000114,0.16060293500000056
partition,phiusiil,s2,rf,r08,internal,200,34.33548089999999,0.06359049999991839,30.358519699999988,0.15179259849999993
partition,phiusiil,s2,rf,r09,internal,200,33.446123700000044,0.1894643000000542,32.392205099999956,0.16196102549999977
partition,phiusiil,s2,xgb,r00,internal,200,0.07914299999993091,0.15377810000018144,0.07605110000008608,0.0003802555000004304
partition,phiusiil,s2,xgb,r01,internal,200,5.239251499999909,0.07937569999990046,0.05037219999985609,0.00025186099999928045
partition,phiusiil,s2,xgb,r02,internal,200,6.431106899999804,0.07117300000004434,0.036935300000095594,0.00018467650000047797
partition,phiusiil,s2,xgb,r03,internal,200,6.131127299999889,0.0772848999999951,0.03338930000018081,0.00016694650000090405
partition,phiusiil,s2,xgb,r04,internal,200,6.44162110000002,0.07739919999994527,0.04313729999989846,0.0002156864999994923
partition,phiusiil,s2,xgb,r05,internal,200,4.925217500000144,0.06443019999983335,0.033318400000098336,0.00016659200000049168
partition,phiusiil,s2,xgb,r06,internal,200,6.976388000000043,0.08703960000002553,0.037195299999893905,0.00018597649999946953
partition,phiusiil,s2,xgb,r07,internal,200,2.8404213000001164,0.05515249999984917,0.03718400000002475,0.00018592000000012377
partition,phiusiil,s2,xgb,r08,internal,200,2.2231418000001213,0.05166959999996834,0.026839800000061587,0.00013419900000030793
partition,phiusiil,s2,xgb,r09,internal,200,3.911340399999972,0.09038609999993241,0.043437999999923704,0.00021718999999961852
partition,phiusiil,s3,lr,r00,external_common,200,0.007844400000067253,0.00294779999990169,0.01009169999997539,5.045849999987695e-05
partition,phiusiil,s3,lr,r00,internal,200,0.007844400000067253,0.00294779999990169,0.008542300000044634,4.271150000022317e-05
partition,phiusiil,s3,lr,r01,external_common,200,8.621670700000095,0.0027660000000651053,0.011114399999996749,5.5571999999983746e-05
partition,phiusiil,s3,lr,r01,internal,200,8.621670700000095,0.0027660000000651053,0.009460600000011254,4.7303000000056274e-05
partition,phiusiil,s3,lr,r02,external_common,200,9.499992999999904,0.004020699999955468,0.008008199999949284,4.004099999974642e-05
partition,phiusiil,s3,lr,r02,internal,200,9.499992999999904,0.004020699999955468,0.009292899999991278,4.646449999995639e-05
partition,phiusiil,s3,lr,r03,external_common,200,7.668174200000067,0.0025595000001885637,0.008903899999950227,4.4519499999751135e-05
partition,phiusiil,s3,lr,r03,internal,200,7.668174200000067,0.0025595000001885637,0.006410499999901731,3.205249999950865e-05
partition,phiusiil,s3,lr,r04,external_common,200,8.38481569999999,0.0018506999999772233,0.004939499999863983,2.4697499999319916e-05
partition,phiusiil,s3,lr,r04,internal,200,8.38481569999999,0.0018506999999772233,0.006625099999837403,3.312549999918701e-05
partition,phiusiil,s3,lr,r05,external_common,200,6.795567699999992,0.0020205999999234336,0.0058016000000407075,2.9008000000203536e-05
partition,phiusiil,s3,lr,r05,internal,200,6.795567699999992,0.0020205999999234336,0.0049619999999777065,2.4809999999888532e-05
partition,phiusiil,s3,lr,r06,external_common,200,5.0018230000000585,0.0010843000000022585,0.005595500000026732,2.797750000013366e-05
partition,phiusiil,s3,lr,r06,internal,200,5.0018230000000585,0.0010843000000022585,0.00788509999983944,3.94254999991972e-05
partition,phiusiil,s3,lr,r07,external_common,200,5.333944299999985,0.002508300000044983,0.0060283000000254106,3.0141500000127054e-05
partition,phiusiil,s3,lr,r07,internal,200,5.333944299999985,0.002508300000044983,0.006544699999949444,3.272349999974722e-05
partition,phiusiil,s3,lr,r08,external_common,200,4.744672400000127,0.002240600000050108,0.005025299999942945,2.5126499999714723e-05
partition,phiusiil,s3,lr,r08,internal,200,4.744672400000127,0.002240600000050108,0.005559199999879638,2.779599999939819e-05
partition,phiusiil,s3,lr,r09,external_common,200,6.660618599999907,0.0026692999999795575,0.016118099999857805,8.059049999928903e-05
partition,phiusiil,s3,lr,r09,internal,200,6.660618599999907,0.0026692999999795575,0.005216500000187807,2.6082500000939034e-05
partition,phiusiil,s3,rf,r00,external_common,200,0.3662094999999681,0.09239359999992303,36.93675209999992,0.1846837604999996
partition,phiusiil,s3,rf,r00,internal,200,0.3662094999999681,0.09239359999992303,37.63897399999996,0.18819486999999982
partition,phiusiil,s3,rf,r01,external_common,200,24.030050400000164,0.10901029999990897,32.520957799999906,0.16260478899999953
partition,phiusiil,s3,rf,r01,internal,200,24.030050400000164,0.10901029999990897,43.500153700000055,0.21750076850000027
partition,phiusiil,s3,rf,r02,external_common,200,10.811803600000076,0.04090089999999691,31.597453699999733,0.15798726849999867
partition,phiusiil,s3,rf,r02,internal,200,10.811803600000076,0.04090089999999691,34.81617580000011,0.17408087900000055
partition,phiusiil,s3,rf,r03,external_common,200,10.17424600000004,0.04252390000010564,31.310596099999657,0.15655298049999827
partition,phiusiil,s3,rf,r03,internal,200,10.17424600000004,0.04252390000010564,33.99008739999999,0.16995043699999995
partition,phiusiil,s3,rf,r04,external_common,200,9.921008799999981,0.04103079999958936,36.00249150000036,0.1800124575000018
partition,phiusiil,s3,rf,r04,internal,200,9.921008799999981,0.04103079999958936,34.64919289999989,0.17324596449999943
partition,phiusiil,s3,rf,r05,external_common,200,22.12965579999991,0.10782909999988988,39.31890949999979,0.19659454749999894
partition,phiusiil,s3,rf,r05,internal,200,22.12965579999991,0.10782909999988988,45.96970670000019,0.22984853350000095
partition,phiusiil,s3,rf,r06,external_common,200,15.95400410000002,0.05032920000030572,34.586887399999796,0.17293443699999897
partition,phiusiil,s3,rf,r06,internal,200,15.95400410000002,0.05032920000030572,42.163953499999934,0.21081976749999967
partition,phiusiil,s3,rf,r07,external_common,200,11.143665600000077,0.07735670000010941,33.95592940000006,0.16977964700000028
partition,phiusiil,s3,rf,r07,internal,200,11.143665600000077,0.07735670000010941,37.0072169,0.1850360845
partition,phiusiil,s3,rf,r08,external_common,200,10.690308699999605,0.04107380000004923,34.162074900000334,0.17081037450000167
partition,phiusiil,s3,rf,r08,internal,200,10.690308699999605,0.04107380000004923,36.47415789999968,0.1823707894999984
partition,phiusiil,s3,rf,r09,external_common,200,12.3772941000002,0.054721299999982875,35.07422309999993,0.17537111549999962
partition,phiusiil,s3,rf,r09,internal,200,12.3772941000002,0.054721299999982875,38.11219260000007,0.19056096300000036
partition,phiusiil,s3,xgb,r00,external_common,200,0.06446189999996932,0.09642910000002303,0.037865200000396726,0.00018932600000198363
partition,phiusiil,s3,xgb,r00,internal,200,0.06446189999996932,0.09642910000002303,0.04367920000004233,0.00021839600000021165
partition,phiusiil,s3,xgb,r01,external_common,200,2.5697197999998025,0.052348999999594525,0.028950000000349974,0.00014475000000174987
partition,phiusiil,s3,xgb,r01,internal,200,2.5697197999998025,0.052348999999594525,0.02736189999995986,0.0001368094999997993
partition,phiusiil,s3,xgb,r02,external_common,200,2.1381923999997525,0.05303630000025805,0.028586100000211445,0.00014293050000105723
partition,phiusiil,s3,xgb,r02,internal,200,2.1381923999997525,0.05303630000025805,0.0300611999996363,0.0001503059999981815
partition,phiusiil,s3,xgb,r03,external_common,200,2.1862277999998696,0.07793309999988196,0.0390612000001056,0.000195306000000528
partition,phiusiil,s3,xgb,r03,internal,200,2.1862277999998696,0.07793309999988196,0.06282359999977416,0.0003141179999988708
partition,phiusiil,s3,xgb,r04,external_common,200,2.6803399999998874,0.056066500000270025,0.045284499999979744,0.0002264224999998987
partition,phiusiil,s3,xgb,r04,internal,200,2.6803399999998874,0.056066500000270025,0.03259799999977986,0.0001629899999988993
partition,phiusiil,s3,xgb,r05,external_common,200,2.0426285999997162,0.058729200000016135,0.11635979999982737,0.0005817989999991369
partition,phiusiil,s3,xgb,r05,internal,200,2.0426285999997162,0.058729200000016135,0.0420323999996981,0.0002101619999984905
partition,phiusiil,s3,xgb,r06,external_common,200,8.819992300000195,0.07524680000005901,0.049842399999761255,0.00024921199999880625
partition,phiusiil,s3,xgb,r06,internal,200,8.819992300000195,0.07524680000005901,0.04893049999964205,0.00024465249999821025
partition,phiusiil,s3,xgb,r07,external_common,200,5.656161599999905,0.10153179999997519,0.03305790000013076,0.00016528950000065378
partition,phiusiil,s3,xgb,r07,internal,200,5.656161599999905,0.10153179999997519,0.04351730000007592,0.00021758650000037961
partition,phiusiil,s3,xgb,r08,external_common,200,5.496462300000076,0.11870950000002267,0.04039360000024317,0.00020196800000121584
partition,phiusiil,s3,xgb,r08,internal,200,5.496462300000076,0.11870950000002267,0.05574579999984053,0.00027872899999920264
partition,phiusiil,s3,xgb,r09,external_common,200,5.287719999999808,0.07048359999998866,0.04197829999975511,0.00020989149999877554
partition,phiusiil,s3,xgb,r09,internal,200,5.287719999999808,0.07048359999998866,0.04068969999980254,0.00020344849999901271
seed,iscx_url2016_binary,s0,lr,r00,internal,200,0.002372300000160976,0.0011232000001655251,0.00917499999991378,4.58749999995689e-05
seed,iscx_url2016_binary,s0,lr,r01,internal,200,0.15407729999992625,0.001315099999828817,0.007963100000097256,3.9815500000486284e-05
seed,iscx_url2016_binary,s0,lr,r02,internal,200,0.12022799999999734,0.0011151999999583495,0.006640500000003158,3.320250000001579e-05
seed,iscx_url2016_binary,s0,lr,r03,internal,200,0.11533409999992728,0.0008252000000084081,0.009176000000024942,4.588000000012471e-05
seed,iscx_url2016_binary,s0,lr,r04,internal,200,0.1302350999999362,0.00089309999998477,0.005729900000005728,2.8649500000028637e-05
seed,iscx_url2016_binary,s0,lr,r05,internal,200,0.14652840000007927,0.0010323000001335458,0.00607769999987795,3.0388499999389752e-05
seed,iscx_url2016_binary,s0,lr,r06,internal,200,0.12830070000018168,0.0009568999998919026,0.006450200000017503,3.2251000000087515e-05
seed,iscx_url2016_binary,s0,lr,r07,internal,200,0.10438909999993484,0.0007186000000274362,0.004875900000115507,2.4379500000577537e-05
seed,iscx_url2016_binary,s0,lr,r08,internal,200,0.11238570000000436,0.0009158000000297761,0.005003800000167757,2.501900000083879e-05
seed,iscx_url2016_binary,s0,lr,r09,internal,200,0.157068499999923,0.0012084999998478452,0.006544699999949444,3.272349999974722e-05
seed,iscx_url2016_binary,s0,rf,r00,internal,200,0.0849898999999823,0.019831600000088656,3.544427799999994,0.01772213899999997
seed,iscx_url2016_binary,s0,rf,r01,internal,200,1.398563299999978,0.013766700000132914,3.5851606999999603,0.017925803499999803
seed,iscx_url2016_binary,s0,rf,r02,internal,200,1.569588500000009,0.016902799999797935,3.9725509999998394,0.019862754999999198
seed,iscx_url2016_binary,s0,rf,r03,internal,200,1.5769975999999133,0.016951100000142105,3.272273000000041,0.016361365000000204
seed,iscx_url2016_binary,s0,rf,r04,internal,200,1.4812062999999398,0.0101548999998613,3.225388900000098,0.01612694450000049
seed,iscx_url2016_binary,s0,rf,r05,internal,200,1.4676710999999614,0.01445689999991373,3.482700300000033,0.017413501500000164
seed,iscx_url2016_binary,s0,rf,r06,internal,200,1.6061284999998406,0.016307500000039,3.61331569999993,0.01806657849999965
seed,iscx_url2016_binary,s0,rf,r07,internal,200,1.3601753999998891,0.011782799999991767,3.4481762000000344,0.017240881000000173
seed,iscx_url2016_binary,s0,rf,r08,internal,200,1.4425381000000925,0.012365300000055868,3.6842710999999326,0.018421355499999664
seed,iscx_url2016_binary,s0,rf,r09,internal,200,1.4046568999999636,0.013196900000139067,3.323759099999961,0.016618795499999804
seed,iscx_url2016_binary,s0,xgb,r00,internal,200,0.009002000000009502,0.04171590000009928,0.025503000000071552,0.00012751500000035776
seed,iscx_url2016_binary,s0,xgb,r01,internal,200,0.7737173000000439,0.047169899999971676,0.026883300000008603,0.00013441650000004302
seed,iscx_url2016_binary,s0,xgb,r02,internal,200,0.4636316999999508,0.04605509999987589,0.03220329999999194,0.0001610164999999597
seed,iscx_url2016_binary,s0,xgb,r03,internal,200,0.7396367999999711,0.04617720000010195,0.04284980000011274,0.0002142490000005637
seed,iscx_url2016_binary,s0,xgb,r04,internal,200,0.752994899999976,0.04224279999993996,0.02907140000002073,0.00014535700000010366
seed,iscx_url2016_binary,s0,xgb,r05,internal,200,0.6231921999999486,0.05238340000005337,0.03764769999997952,0.0001882384999998976
seed,iscx_url2016_binary,s0,xgb,r06,internal,200,0.8142737999999099,0.05353999999988446,0.03275220000000445,0.00016376100000002226
seed,iscx_url2016_binary,s0,xgb,r07,internal,200,0.9559377000000495,0.046133499999996275,0.037726500000189844,0.00018863250000094922
seed,iscx_url2016_binary,s0,xgb,r08,internal,200,0.9691230999999334,0.04755070000010164,0.03292939999982991,0.00016464699999914955
seed,iscx_url2016_binary,s0,xgb,r09,internal,200,0.8000190999998722,0.05002759999979389,0.04074420000006285,0.00020372100000031423
seed,iscx_url2016_binary,s3,lr,r00,internal,200,0.003010800000083691,0.0014962999998715532,0.013333300000113013,6.666650000056507e-05
seed,iscx_url2016_binary,s3,lr,r01,internal,200,0.3554151999999249,0.0009270999998989282,0.005095199999914257,2.5475999999571288e-05
seed,iscx_url2016_binary,s3,lr,r02,internal,200,0.17851250000012442,0.0007804999997915729,0.004771900000150708,2.385950000075354e-05
seed,iscx_url2016_binary,s3,lr,r03,internal,200,0.14928820000000087,0.0009356999998999527,0.006938300000001618,3.469150000000809e-05
seed,iscx_url2016_binary,s3,lr,r04,internal,200,0.15224479999983487,0.0007190999999693304,0.005835700000034194,2.917850000017097e-05
seed,iscx_url2016_binary,s3,lr,r05,internal,200,0.16171670000017002,0.0007186999998793908,0.005663300000151139,2.8316500000755695e-05
seed,iscx_url2016_binary,s3,lr,r06,internal,200,0.13673420000009173,0.0009833999999955267,0.005547599999999875,2.7737999999999374e-05
seed,iscx_url2016_binary,s3,lr,r07,internal,200,0.14624619999995048,0.001420400000142763,0.007186300000057599,3.5931500000288e-05
seed,iscx_url2016_binary,s3,lr,r08,internal,200,0.11544419999995625,0.001226000000087879,0.004625199999964025,2.3125999999820123e-05
seed,iscx_url2016_binary,s3,lr,r09,internal,200,0.22419110000009823,0.00121820000003936,0.012306600000101753,6.153300000050877e-05
seed,iscx_url2016_binary,s3,rf,r00,internal,200,0.11582419999990634,0.016761999999971522,3.8560156999999435,0.019280078499999718
seed,iscx_url2016_binary,s3,rf,r01,internal,200,2.0117067999999563,0.01479990000007092,4.459293399999979,0.022296466999999893
seed,iscx_url2016_binary,s3,rf,r02,internal,200,2.5690364000001864,0.02049130000000332,4.006456200000002,0.020032281000000013
seed,iscx_url2016_binary,s3,rf,r03,internal,200,2.202048599999898,0.018025900000111506,4.043800200000078,0.02021900100000039
seed,iscx_url2016_binary,s3,rf,r04,internal,200,2.29427429999987,0.016142299999955867,3.6960891000001084,0.018480445500000543
seed,iscx_url2016_binary,s3,rf,r05,internal,200,1.9181519000001117,0.01327409999998963,3.670483000000104,0.01835241500000052
seed,iscx_url2016_binary,s3,rf,r06,internal,200,2.36050350000005,0.016687600000068414,3.6583780000000843,0.01829189000000042
seed,iscx_url2016_binary,s3,rf,r07,internal,200,2.230539800000088,0.009871999999859327,3.421177700000044,0.017105888500000218
seed,iscx_url2016_binary,s3,rf,r08,internal,200,2.4627459999999246,0.010923800000000483,3.3758834000000206,0.016879417000000105
seed,iscx_url2016_binary,s3,rf,r09,internal,200,1.6727556999999251,0.010823399999935646,3.478162399999974,0.01739081199999987
seed,iscx_url2016_binary,s3,xgb,r00,internal,200,0.00967809999997371,0.03952830000002905,0.02585300000009738,0.0001292650000004869
seed,iscx_url2016_binary,s3,xgb,r01,internal,200,0.39876619999995455,0.04180299999984527,0.029081899999937377,0.00014540949999968688
seed,iscx_url2016_binary,s3,xgb,r02,internal,200,0.41879020000010314,0.04187000000001717,0.027280199999950128,0.00013640099999975063
seed,iscx_url2016_binary,s3,xgb,r03,internal,200,0.3629284999999527,0.03552910000007614,0.027074000000084197,0.000135370000000421
seed,iscx_url2016_binary,s3,xgb,r04,internal,200,0.3592373999999836,0.03914629999985664,0.02753020000000106,0.00013765100000000529
seed,iscx_url2016_binary,s3,xgb,r05,internal,200,0.34617950000006203,0.03702870000006442,0.02488949999997203,0.00012444749999986017
seed,iscx_url2016_binary,s3,xgb,r06,internal,200,0.4486991000001126,0.03516229999991083,0.026624800000035975,0.00013312400000017988
seed,iscx_url2016_binary,s3,xgb,r07,internal,200,0.3801667999998699,0.04634140000007392,0.03532380000001467,0.00017661900000007336
seed,iscx_url2016_binary,s3,xgb,r08,internal,200,0.5472615999999562,0.039726299999983894,0.02737089999982345,0.00013685449999911725
seed,iscx_url2016_binary,s3,xgb,r09,internal,200,0.37346769999999196,0.03338589999998476,0.02636579999989408,0.0001318289999994704
seed,phiusiil,s0,lr,r00,internal,200,0.002577399999999841,0.004607899999999887,0.006823300000000643,3.4116500000003216e-05
seed,phiusiil,s0,lr,r01,internal,200,3.6356691000000003,0.0008183999999999969,0.008263099999998857,4.131549999999429e-05
seed,phiusiil,s0,lr,r02,internal,200,3.8497292000000005,0.001314199999999488,0.004564099999999627,2.2820499999998133e-05
seed,phiusiil,s0,lr,r03,internal,200,3.6001563,0.0006801999999979103,0.004913400000003065,2.4567000000015325e-05
seed,phiusiil,s0,lr,r04,internal,200,3.7074619999999996,0.0007124999999987836,0.004634999999996836,2.3174999999984182e-05
seed,phiusiil,s0,lr,r05,internal,200,3.685485100000001,0.0007428999999987695,0.0047867999999979816,2.393399999998991e-05
seed,phiusiil,s0,lr,r06,internal,200,3.6720293999999996,0.0007350999999999885,0.004419300000002124,2.2096500000010623e-05
seed,phiusiil,s0,lr,r07,internal,200,3.6808911,0.0007697999999933813,0.004674300000004905,2.3371500000024525e-05
seed,phiusiil,s0,lr,r08,internal,200,3.6649116999999976,0.0015193999999993935,0.004312299999995162,2.156149999997581e-05
seed,phiusiil,s0,lr,r09,internal,200,3.6227864999999966,0.0007641999999989935,0.004720499999997685,2.3602499999988426e-05
seed,phiusiil,s0,rf,r00,internal,200,0.6789365000000007,0.1662965000000014,45.9777573,0.2298887865
seed,phiusiil,s0,rf,r01,internal,200,9.980469499999998,0.047758000000001744,38.15165929999999,0.19075829649999995
seed,phiusiil,s0,rf,r02,internal,200,11.5817543,0.06254360000001213,39.3758081,0.1968790405
seed,phiusiil,s0,rf,r03,internal,200,11.76456379999999,0.052230199999996785,40.67683020000001,0.20338415100000007
seed,phiusiil,s0,rf,r04,internal,200,11.716923400000013,0.04735690000001114,39.59619549999999,0.19798097749999996
seed,phiusiil,s0,rf,r05,internal,200,12.401749699999982,0.06416150000001153,41.09844820000001,0.20549224100000005
seed,phiusiil,s0,rf,r06,internal,200,11.774397300000032,0.05929079999998521,40.48734430000002,0.20243672150000008
seed,phiusiil,s0,rf,r07,internal,200,11.050475600000027,0.049688300000013896,39.85830729999998,0.1992915364999999
seed,phiusiil,s0,rf,r08,internal,200,11.458453200000008,0.05625320000001466,38.36237510000001,0.19181187550000003
seed,phiusiil,s0,rf,r09,internal,200,10.200670899999977,0.051589700000022276,39.08086689999999,0.19540433449999994
seed,phiusiil,s0,xgb,r00,internal,200,0.40171030000000485,0.10683389999999804,0.10132340000000539,0.000506617000000027
seed,phiusiil,s0,xgb,r01,internal,200,1.6253468000001021,0.03830840000000535,0.02883970000004865,0.00014419850000024325
seed,phiusiil,s0,xgb,r02,internal,200,1.396931699999982,0.049572299999908864,0.02619249999997919,0.00013096249999989596
seed,phiusiil,s0,xgb,r03,internal,200,1.5004837999999836,0.045975099999964186,0.025708300000019335,0.00012854150000009667
seed,phiusiil,s0,xgb,r04,internal,200,1.4985014999999748,0.04521269999997912,0.025986800000055155,0.00012993400000027577
seed,phiusiil,s0,xgb,r05,internal,200,2.6839524000000665,0.045195599999942715,0.03070649999995112,0.0001535324999997556
seed,phiusiil,s0,xgb,r06,internal,200,2.2441036999999824,0.047058400000082656,0.031198499999959495,0.00015599249999979749
seed,phiusiil,s0,xgb,r07,internal,200,1.9369424999999865,0.05764599999997699,0.040556000000037784,0.00020278000000018893
seed,phiusiil,s0,xgb,r08,internal,200,10.832088099999964,0.08661630000005971,0.05553480000003219,0.00027767400000016095
seed,phiusiil,s0,xgb,r09,internal,200,8.390364200000022,0.10151350000001003,0.07025190000001658,0.0003512595000000829
seed,phiusiil,s3,lr,r00,internal,200,0.008940199999983633,0.0034474999999929423,0.010042399999974805,5.021199999987402e-05
seed,phiusiil,s3,lr,r01,internal,200,13.1808635000001,0.002117399999974623,0.01608140000007552,8.040700000037759e-05
seed,phiusiil,s3,lr,r02,internal,200,9.517778999999905,0.0015016000000969143,0.006480999999894266,3.240499999947133e-05
seed,phiusiil,s3,lr,r03,internal,200,7.580399199999988,0.0008811999999807085,0.006554299999947943,3.277149999973972e-05
seed,phiusiil,s3,lr,r04,internal,200,8.06750169999998,0.0016395999999758715,0.005474600000070495,2.7373000000352478e-05
seed,phiusiil,s3,lr,r05,internal,200,7.922350999999935,0.0014072000000169282,0.006201099999998405,3.1005499999992024e-05
seed,phiusiil,s3,lr,r06,internal,200,7.758849199999986,0.0014098999999987427,0.00504640000008294,2.52320000004147e-05
seed,phiusiil,s3,lr,r07,internal,200,7.119433299999969,0.0012484999999742286,0.005003699999974742,2.5018499999873712e-05
seed,phiusiil,s3,lr,r08,internal,200,7.038936699999908,0.0015472000000045227,0.007168200000023717,3.584100000011858e-05
seed,phiusiil,s3,lr,r09,internal,200,6.494630500000085,0.0014151999999967302,0.0052059999999301,2.60299999996505e-05
seed,phiusiil,s3,rf,r00,internal,200,0.3748041999999714,0.08328030000006947,36.54118540000002,0.1827059270000001
seed,phiusiil,s3,rf,r01,internal,200,15.057089000000019,0.054774000000065826,54.12532060000001,0.270626603
seed,phiusiil,s3,rf,r02,internal,200,32.97903540000004,0.23949879999997847,58.409287099999915,0.2920464354999996
seed,phiusiil,s3,rf,r03,internal,200,32.952994200000035,0.2009354000000485,38.85675759999992,0.19428378799999962
seed,phiusiil,s3,rf,r04,internal,200,11.80289730000004,0.04311870000003637,39.87305049999998,0.1993652524999999
seed,phiusiil,s3,rf,r05,internal,200,14.185307200000011,0.047461699999985285,38.75132759999997,0.19375663799999984
seed,phiusiil,s3,rf,r06,internal,200,10.485614400000031,0.04012009999996735,37.247839099999965,0.18623919549999982
seed,phiusiil,s3,rf,r07,internal,200,11.756245900000067,0.041106700000000274,43.23383620000004,0.2161691810000002
seed,phiusiil,s3,rf,r08,internal,200,27.620225199999823,0.14293099999986225,51.43482919999997,0.2571741459999998
seed,phiusiil,s3,rf,r09,internal,200,27.579689500000086,0.061144999999896754,41.61779610000008,0.20808898050000038
seed,phiusiil,s3,xgb,r00,internal,200,0.01129199999991215,0.04947179999999207,0.033932199999981094,0.00016966099999990547
seed,phiusiil,s3,xgb,r01,internal,200,1.675880300000017,0.04389680000008411,0.029761500000176966,0.00014880750000088484
seed,phiusiil,s3,xgb,r02,internal,200,1.9300393999999415,0.054357600000003004,0.032284300000128496,0.00016142150000064248
seed,phiusiil,s3,xgb,r03,internal,200,2.437472800000023,0.04835559999992256,0.029585800000177187,0.00014792900000088594
seed,phiusiil,s3,xgb,r04,internal,200,1.3747266000000309,0.05401340000003074,0.027687399999877016,0.00013843699999938508
seed,phiusiil,s3,xgb,r05,internal,200,1.5654480000000603,0.044354100000191465,0.03252470000006724,0.0001626235000003362
seed,phiusiil,s3,xgb,r06,internal,200,1.9483069000000341,0.04785289999995257,0.04710179999983666,0.00023550899999918328
seed,phiusiil,s3,xgb,r07,internal,200,1.620308199999954,0.055507299999817405,0.0486894000000575,0.00024344700000028752
seed,phiusiil,s3,xgb,r08,internal,200,1.8600738000000092,0.049679299999979776,0.03391729999998461,0.00016958649999992303
seed,phiusiil,s3,xgb,r09,internal,200,1.9188358999999764,0.0528686000000107,0.02723739999987629,0.00013618699999938145
