estimand,dataset,scenario,model,metric,n_comparisons,mean,std,min,max
partition,iscx_url2016_binary,s0,lr,top10_jaccard,45,0.8794612794612797,0.09328593678867936,0.6666666666666666,1.0
partition,iscx_url2016_binary,s0,lr,top15_jaccard,45,0.8453159041394336,0.08196258838412095,0.6666666666666666,1.0
partition,iscx_url2016_binary,s0,lr,top20_jaccard,45,0.8391450739276827,0.06763515384919533,0.7391304347826086,1.0
partition,iscx_url2016_binary,s0,lr,rank_spearman,45,0.9449361967009027,0.024329577756983693,0.8829131652661065,0.9840336134453783
partition,iscx_url2016_binary,s0,lr,direction_agreement_all,45,0.8933333333333332,0.04409468644760727,0.8,0.9714285714285714
partition,iscx_url2016_binary,s0,lr,direction_agreement_top20_union,45,0.9861179078570382,0.024673392486887206,0.9130434782608695,1.0
partition,iscx_url2016_binary,s0,rf,top10_jaccard,45,0.8525252525252528,0.09286239457338834,0.6666666666666666,1.0
partition,iscx_url2016_binary,s0,rf,top15_jaccard,45,0.9083333333333333,0.055901699437494755,0.875,1.0
partition,iscx_url2016_binary,s0,rf,top20_jaccard,45,1.0,0.0,1.0,1.0
partition,iscx_url2016_binary,s0,rf,rank_spearman,45,0.9854715219421103,0.006869264091164654,0.9663865546218489,0.9974789915966387
partition,iscx_url2016_binary,s0,rf,direction_agreement_all,45,0.9276190476190472,0.028310496817534996,0.8857142857142857,1.0
partition,iscx_url2016_binary,s0,rf,direction_agreement_top20_union,45,0.9822222222222224,0.02420451581541318,0.95,1.0
partition,iscx_url2016_binary,s0,xgb,top10_jaccard,45,0.8962962962962965,0.10286181509576538,0.6666666666666666,1.0
partition,iscx_url2016_binary,s0,xgb,top15_jaccard,45,0.8315359477124183,0.06563246059657309,0.7647058823529411,1.0
partition,iscx_url2016_binary,s0,xgb,top20_jaccard,45,0.8701967919359225,0.07541833975143164,0.7391304347826086,1.0
partition,iscx_url2016_binary,s0,xgb,rank_spearman,45,0.9696997933585314,0.009349670000909407,0.9407974499942348,0.9864013209437295
partition,iscx_url2016_binary,s0,xgb,direction_agreement_all,45,0.8615873015873015,0.04871466867943899,0.7714285714285715,0.9428571428571428
partition,iscx_url2016_binary,s0,xgb,direction_agreement_top20_union,45,0.9341723654767132,0.04183401200622747,0.8571428571428571,1.0
partition,iscx_url2016_binary,s1,lr,top10_jaccard,45,0.8828282828282832,0.08801642114695693,0.8181818181818182,1.0
partition,iscx_url2016_binary,s1,lr,top15_jaccard,45,0.8576797385620915,0.07953662253679425,0.7647058823529411,1.0
partition,iscx_url2016_binary,s1,lr,top20_jaccard,45,0.8691176778133302,0.0602712553876891,0.7391304347826086,1.0
partition,iscx_url2016_binary,s1,lr,rank_spearman,45,0.9535334400517305,0.021768882672446848,0.8893557422969187,0.9873949579831932
partition,iscx_url2016_binary,s1,lr,direction_agreement_all,45,0.9263492063492061,0.03472066580721146,0.8571428571428571,1.0
partition,iscx_url2016_binary,s1,lr,direction_agreement_top20_union,45,0.9909007256833343,0.018414784421098857,0.9523809523809523,1.0
partition,iscx_url2016_binary,s1,rf,top10_jaccard,45,0.8552188552188552,0.11627135791132664,0.6666666666666666,1.0
partition,iscx_url2016_binary,s1,rf,top15_jaccard,45,0.8954248366013072,0.06288003538558659,0.7647058823529411,1.0
partition,iscx_url2016_binary,s1,rf,top20_jaccard,45,0.932852332852333,0.054793995184914644,0.8181818181818182,1.0
partition,iscx_url2016_binary,s1,rf,rank_spearman,45,0.9840438555420884,0.0060805649618764415,0.9716366716172894,0.9932773109243699
partition,iscx_url2016_binary,s1,rf,direction_agreement_all,45,0.9276190476190472,0.04333071682315173,0.8571428571428571,1.0
partition,iscx_url2016_binary,s1,rf,direction_agreement_top20_union,45,0.9827994227994227,0.023432972809454444,0.95,1.0
partition,iscx_url2016_binary,s1,xgb,top10_jaccard,45,0.828956228956229,0.11559930975374383,0.6666666666666666,1.0
partition,iscx_url2016_binary,s1,xgb,top15_jaccard,45,0.8034313725490196,0.07929800559873287,0.6666666666666666,1.0
partition,iscx_url2016_binary,s1,xgb,top20_jaccard,45,0.8542526716439762,0.0680280119763553,0.7391304347826086,1.0
partition,iscx_url2016_binary,s1,xgb,rank_spearman,45,0.9670794304093703,0.015030999822530353,0.9291230357951739,0.9869476114368071
partition,iscx_url2016_binary,s1,xgb,direction_agreement_all,45,0.9180952380952382,0.03634507875264791,0.8285714285714286,1.0
partition,iscx_url2016_binary,s1,xgb,direction_agreement_top20_union,45,0.9725963569441829,0.03245621182408415,0.8636363636363636,1.0
partition,iscx_url2016_binary,s2,lr,top10_jaccard,45,0.769023569023569,0.08888680187883055,0.6666666666666666,1.0
partition,iscx_url2016_binary,s2,lr,top15_jaccard,45,0.8349128540305012,0.07756518752607143,0.6666666666666666,1.0
partition,iscx_url2016_binary,s2,lr,top20_jaccard,45,0.8466486814312902,0.06682860458185001,0.7391304347826086,1.0
partition,iscx_url2016_binary,s2,lr,rank_spearman,45,0.949683471089736,0.020269438708593206,0.900560224089636,0.9910364145658265
partition,iscx_url2016_binary,s2,lr,direction_agreement_all,45,0.926984126984127,0.038311076865519635,0.8285714285714286,1.0
partition,iscx_url2016_binary,s2,lr,direction_agreement_top20_union,45,0.9980676328502415,0.009061264223477939,0.9565217391304348,1.0
partition,iscx_url2016_binary,s2,rf,top10_jaccard,45,0.8303030303030302,0.15088021231201196,0.6666666666666666,1.0
partition,iscx_url2016_binary,s2,rf,top15_jaccard,45,0.8160130718954248,0.1093260646257649,0.6666666666666666,1.0
partition,iscx_url2016_binary,s2,rf,top20_jaccard,45,0.9188071188071188,0.06058606767801469,0.8181818181818182,1.0
partition,iscx_url2016_binary,s2,rf,rank_spearman,45,0.9485813600574333,0.03537927765293748,0.8890756302521009,0.9913165266106445
partition,iscx_url2016_binary,s2,rf,direction_agreement_all,45,0.9282539682539681,0.03882419450222568,0.8285714285714286,1.0
partition,iscx_url2016_binary,s2,rf,direction_agreement_top20_union,45,0.9833573833573832,0.024652453127610052,0.9090909090909091,1.0
partition,iscx_url2016_binary,s2,xgb,top10_jaccard,45,0.732918932918933,0.12495889087600162,0.5384615384615384,1.0
partition,iscx_url2016_binary,s2,xgb,top15_jaccard,45,0.7885076252723312,0.09734971194309493,0.6666666666666666,1.0
partition,iscx_url2016_binary,s2,xgb,top20_jaccard,45,0.8864838864838867,0.05696076739109182,0.8181818181818182,1.0
partition,iscx_url2016_binary,s2,xgb,rank_spearman,45,0.9635992062805501,0.019699903978791095,0.918809127120288,0.9921524663677129
partition,iscx_url2016_binary,s2,xgb,direction_agreement_all,45,0.8825396825396825,0.04401982274938929,0.8,0.9714285714285714
partition,iscx_url2016_binary,s2,xgb,direction_agreement_top20_union,45,0.9645358345358345,0.030092488199449992,0.9047619047619048,1.0
partition,iscx_url2016_binary,s3,lr,top10_jaccard,45,0.8505050505050509,0.07029923044732375,0.8181818181818182,1.0
partition,iscx_url2016_binary,s3,lr,top15_jaccard,45,0.8230936819172113,0.10720226762429519,0.6666666666666666,1.0
partition,iscx_url2016_binary,s3,lr,top20_jaccard,45,0.8596649727084511,0.06313991992973146,0.7391304347826086,1.0
partition,iscx_url2016_binary,s3,lr,rank_spearman,45,0.954986865207905,0.019706644166167693,0.9207282913165266,0.9910364145658265
partition,iscx_url2016_binary,s3,lr,direction_agreement_all,45,0.9320634920634917,0.0391414773142374,0.8285714285714286,1.0
partition,iscx_url2016_binary,s3,lr,direction_agreement_top20_union,45,0.9959595959595958,0.013081774182461437,0.9545454545454546,1.0
partition,iscx_url2016_binary,s3,rf,top10_jaccard,45,0.816161616161616,0.12976054670980539,0.6666666666666666,1.0
partition,iscx_url2016_binary,s3,rf,top15_jaccard,45,0.8715686274509804,0.09163192693926107,0.7647058823529411,1.0
partition,iscx_url2016_binary,s3,rf,top20_jaccard,45,0.8593554593554595,0.059044236174738876,0.8181818181818182,1.0
partition,iscx_url2016_binary,s3,rf,rank_spearman,45,0.9643277014753727,0.0269772846769841,0.9190022421524664,0.9969170403587443
partition,iscx_url2016_binary,s3,rf,direction_agreement_all,45,0.9549206349206348,0.02757273322321302,0.8857142857142857,1.0
partition,iscx_url2016_binary,s3,rf,direction_agreement_top20_union,45,0.9906637806637807,0.01889617264253306,0.95,1.0
partition,iscx_url2016_binary,s3,xgb,top10_jaccard,45,0.7904169904169903,0.12388831556598773,0.5384615384615384,1.0
partition,iscx_url2016_binary,s3,xgb,top15_jaccard,45,0.7682031877078316,0.07920775483713711,0.5789473684210527,0.875
partition,iscx_url2016_binary,s3,xgb,top20_jaccard,45,0.8505719723111028,0.06969347911011572,0.7391304347826086,1.0
partition,iscx_url2016_binary,s3,xgb,rank_spearman,45,0.9533575397027775,0.021935810763663115,0.9142458391495111,0.9918636998895377
partition,iscx_url2016_binary,s3,xgb,direction_agreement_all,45,0.8907936507936507,0.052148243411143394,0.7714285714285715,0.9714285714285714
partition,iscx_url2016_binary,s3,xgb,direction_agreement_top20_union,45,0.9529397494614885,0.05039672968840518,0.85,1.0
partition,phiusiil,s0,lr,top10_jaccard,45,0.7973063973063975,0.09109765160520458,0.6666666666666666,1.0
partition,phiusiil,s0,lr,top15_jaccard,45,0.8324074074074075,0.07669986127678802,0.6666666666666666,1.0
partition,phiusiil,s0,lr,top20_jaccard,45,0.9386243386243385,0.04610383964840602,0.9047619047619048,1.0
partition,phiusiil,s0,lr,rank_spearman,45,0.9581512605042015,0.013931737996529778,0.9358543417366947,0.9890756302521008
partition,phiusiil,s0,lr,direction_agreement_all,45,0.9326984126984125,0.03507508804964535,0.8571428571428571,1.0
partition,phiusiil,s0,lr,direction_agreement_top20_union,45,0.9947089947089947,0.015134326813422118,0.9523809523809523,1.0
partition,phiusiil,s0,rf,top10_jaccard,45,0.8558922558922563,0.088620305473767,0.6666666666666666,1.0
partition,phiusiil,s0,rf,top15_jaccard,45,0.8985294117647059,0.06928952346699853,0.7647058823529411,1.0
partition,phiusiil,s0,rf,top20_jaccard,45,0.8964886964886966,0.058458480082742216,0.8181818181818182,1.0
partition,phiusiil,s0,rf,rank_spearman,45,0.9893569436685273,0.004361244580996413,0.9739349775784752,0.9957959641255606
partition,phiusiil,s0,rf,direction_agreement_all,45,0.9015873015873014,0.046213008294658076,0.8285714285714286,1.0
partition,phiusiil,s0,rf,direction_agreement_top20_union,45,0.9334776334776335,0.05012034663918583,0.85,1.0
partition,phiusiil,s0,xgb,top10_jaccard,45,0.8154882154882156,0.09313667123337628,0.6666666666666666,1.0
partition,phiusiil,s0,xgb,top15_jaccard,45,0.9093137254901962,0.07036995551061255,0.7647058823529411,1.0
partition,phiusiil,s0,xgb,top20_jaccard,45,0.9201539201539202,0.04827246199255306,0.8181818181818182,1.0
partition,phiusiil,s0,xgb,rank_spearman,45,0.9871245941490728,0.004460326737067457,0.9779133823927462,0.9959537572254337
partition,phiusiil,s0,xgb,direction_agreement_all,45,0.9809523809523809,0.017229219690157928,0.9428571428571428,1.0
partition,phiusiil,s0,xgb,direction_agreement_top20_union,45,0.9906204906204904,0.018976603690343086,0.9523809523809523,1.0
partition,phiusiil,s1,lr,top10_jaccard,45,0.8107744107744109,0.08124879819066749,0.6666666666666666,1.0
partition,phiusiil,s1,lr,top15_jaccard,45,0.7933235867446393,0.09734761922902418,0.5789473684210527,1.0
partition,phiusiil,s1,lr,top20_jaccard,45,0.9082251082251083,0.05319249306269879,0.8181818181818182,1.0
partition,phiusiil,s1,lr,rank_spearman,45,0.9462745098039214,0.03141348188198343,0.8459383753501402,0.9801120448179272
partition,phiusiil,s1,lr,direction_agreement_all,45,0.944126984126984,0.025811903853456747,0.8857142857142857,1.0
partition,phiusiil,s1,lr,direction_agreement_top20_union,45,0.9936507936507937,0.016370277403626888,0.9523809523809523,1.0
partition,phiusiil,s1,rf,top10_jaccard,45,0.8760942760942763,0.09815524889246416,0.6666666666666666,1.0
partition,phiusiil,s1,rf,top15_jaccard,45,0.8723856209150327,0.07047735894950642,0.7647058823529411,1.0
partition,phiusiil,s1,rf,top20_jaccard,45,0.8886002886002888,0.05937353575758516,0.8181818181818182,1.0
partition,phiusiil,s1,rf,rank_spearman,45,0.9861030099364674,0.004981063405558376,0.9753363228699551,0.9941168230844655
partition,phiusiil,s1,rf,direction_agreement_all,45,0.9003174603174604,0.03882419450222568,0.8285714285714286,1.0
partition,phiusiil,s1,rf,direction_agreement_top20_union,45,0.9085906685906683,0.050027800762188185,0.85,1.0
partition,phiusiil,s1,xgb,top10_jaccard,45,0.7946127946127948,0.09985566194183448,0.6666666666666666,1.0
partition,phiusiil,s1,xgb,top15_jaccard,45,0.9111111111111111,0.05729597091269404,0.875,1.0
partition,phiusiil,s1,xgb,top20_jaccard,45,0.9326599326599326,0.05135065422398517,0.8181818181818182,1.0
partition,phiusiil,s1,xgb,rank_spearman,45,0.989112977249208,0.0037775333813976635,0.9805042627111256,0.9974193548387096
partition,phiusiil,s1,xgb,direction_agreement_all,45,0.9409523809523809,0.037747329090046654,0.8285714285714286,1.0
partition,phiusiil,s1,xgb,direction_agreement_top20_union,45,0.9687830687830687,0.0440848158790534,0.8571428571428571,1.0
partition,phiusiil,s2,lr,top10_jaccard,45,0.878787878787879,0.08667841720414474,0.8181818181818182,1.0
partition,phiusiil,s2,lr,top15_jaccard,45,0.7865468409586056,0.0767702003691098,0.6666666666666666,1.0
partition,phiusiil,s2,lr,top20_jaccard,45,0.8841750841750844,0.0506962143692541,0.8181818181818182,1.0
partition,phiusiil,s2,lr,rank_spearman,45,0.9469405539993777,0.025027597515949223,0.873109243697479,0.9879551820728292
partition,phiusiil,s2,lr,direction_agreement_all,45,0.9650793650793648,0.023504540191338928,0.9142857142857143,1.0
partition,phiusiil,s2,lr,direction_agreement_top20_union,45,0.9812890812890812,0.023184874095201112,0.9523809523809523,1.0
partition,phiusiil,s2,rf,top10_jaccard,45,0.7845117845117844,0.10461873549036634,0.6666666666666666,1.0
partition,phiusiil,s2,rf,top15_jaccard,45,0.911764705882353,0.06706181389335891,0.7647058823529411,1.0
partition,phiusiil,s2,rf,top20_jaccard,45,0.9338143338143338,0.06948890004408545,0.8181818181818182,1.0
partition,phiusiil,s2,rf,rank_spearman,45,0.9884916074303959,0.004241833097251038,0.9770308123249302,0.9948875996104376
partition,phiusiil,s2,rf,direction_agreement_all,45,0.9041269841269839,0.03955013987603033,0.8285714285714286,1.0
partition,phiusiil,s2,rf,direction_agreement_top20_union,45,0.9124867724867723,0.05128732170908382,0.75,1.0
partition,phiusiil,s2,xgb,top10_jaccard,45,0.8828282828282832,0.08801642114695693,0.8181818181818182,1.0
partition,phiusiil,s2,xgb,top15_jaccard,45,0.9058823529411765,0.05968618784265271,0.7647058823529411,1.0
partition,phiusiil,s2,xgb,top20_jaccard,45,0.942857142857143,0.0471841613625583,0.9047619047619048,1.0
partition,phiusiil,s2,xgb,rank_spearman,45,0.9935172677912865,0.004027190284870223,0.982947976878613,0.9988439306358382
partition,phiusiil,s2,xgb,direction_agreement_all,45,0.9765079365079363,0.01856532256154089,0.9428571428571428,1.0
partition,phiusiil,s2,xgb,direction_agreement_top20_union,45,0.977248677248677,0.02461073756122421,0.95,1.0
partition,phiusiil,s3,lr,top10_jaccard,45,0.7346283346283347,0.13657398478778918,0.5384615384615384,1.0
partition,phiusiil,s3,lr,top15_jaccard,45,0.8729847494553377,0.07768502273370925,0.6666666666666666,1.0
partition,phiusiil,s3,lr,top20_jaccard,45,0.9326599326599326,0.05135065422398517,0.8181818181818182,1.0
partition,phiusiil,s3,lr,rank_spearman,45,0.9640336134453785,0.018975713976763658,0.9016806722689076,0.9943977591036416
partition,phiusiil,s3,lr,direction_agreement_all,45,0.911111111111111,0.05523510963718294,0.7428571428571429,1.0
partition,phiusiil,s3,lr,direction_agreement_top20_union,45,0.9661375661375661,0.06227182403187063,0.8095238095238095,1.0
partition,phiusiil,s3,rf,top10_jaccard,45,0.890909090909091,0.09007885351033858,0.8181818181818182,1.0
partition,phiusiil,s3,rf,top15_jaccard,45,0.9312091503267974,0.07165312570964935,0.7647058823529411,1.0
partition,phiusiil,s3,rf,top20_jaccard,45,0.9343915343915343,0.044588511092754086,0.9047619047619048,1.0
partition,phiusiil,s3,rf,rank_spearman,45,0.9892446933932424,0.004719237400898331,0.9795403587443946,0.9974775784753364
partition,phiusiil,s3,rf,direction_agreement_all,45,0.8717460317460316,0.06854496843979647,0.7142857142857143,1.0
partition,phiusiil,s3,rf,direction_agreement_top20_union,45,0.8998412698412697,0.05861294414369156,0.8095238095238095,1.0
partition,phiusiil,s3,xgb,top10_jaccard,45,0.7735819735819737,0.09911632622383512,0.5384615384615384,1.0
partition,phiusiil,s3,xgb,top15_jaccard,45,0.9555555555555556,0.06051128953853291,0.875,1.0
partition,phiusiil,s3,xgb,top20_jaccard,45,0.9099567099567101,0.04761546979511085,0.8181818181818182,1.0
partition,phiusiil,s3,xgb,rank_spearman,45,0.9877341519632485,0.005222026194291526,0.9748554913294799,0.9959537572254337
partition,phiusiil,s3,xgb,direction_agreement_all,45,0.9733333333333333,0.021450205529415674,0.9142857142857143,1.0
partition,phiusiil,s3,xgb,direction_agreement_top20_union,45,0.9726310726310724,0.02575234815922494,0.9047619047619048,1.0
regime,iscx_url2016_binary,s0_vs_s1,lr,top10_jaccard,10,0.8181818181818181,1.1702778228589004e-16,0.8181818181818182,0.8181818181818182
regime,iscx_url2016_binary,s0_vs_s1,lr,top15_jaccard,10,0.8308823529411764,0.05695563744422674,0.7647058823529411,0.875
regime,iscx_url2016_binary,s0_vs_s1,lr,top20_jaccard,10,0.8536796536796537,0.06275978079930036,0.8181818181818182,1.0
regime,iscx_url2016_binary,s0_vs_s1,lr,rank_spearman,10,0.9485501442934646,0.020729271438289572,0.9100840336134455,0.972829131652661
regime,iscx_url2016_binary,s0_vs_s1,lr,direction_agreement_all,10,0.8857142857142858,0.04665694748158431,0.8285714285714286,0.9428571428571428
regime,iscx_url2016_binary,s0_vs_s1,lr,direction_agreement_top20_union,10,0.9861471861471862,0.02231292745546772,0.9523809523809523,1.0
regime,iscx_url2016_binary,s0_vs_s1,rf,top10_jaccard,10,0.8727272727272728,0.08782652573448142,0.8181818181818182,1.0
regime,iscx_url2016_binary,s0_vs_s1,rf,top15_jaccard,10,0.9375,0.06588078458684124,0.875,1.0
regime,iscx_url2016_binary,s0_vs_s1,rf,top20_jaccard,10,0.9619047619047618,0.049180740904221164,0.9047619047619048,1.0
regime,iscx_url2016_binary,s0_vs_s1,rf,rank_spearman,10,0.9848525500476033,0.006021672897366307,0.9727571982675616,0.9943977591036416
regime,iscx_url2016_binary,s0_vs_s1,rf,direction_agreement_all,10,0.9200000000000002,0.04426266681379904,0.8285714285714286,0.9714285714285714
regime,iscx_url2016_binary,s0_vs_s1,rf,direction_agreement_top20_union,10,0.9902380952380951,0.02058755246998682,0.95,1.0
regime,iscx_url2016_binary,s0_vs_s1,xgb,top10_jaccard,10,0.9121212121212121,0.12159031907720533,0.6666666666666666,1.0
regime,iscx_url2016_binary,s0_vs_s1,xgb,top15_jaccard,10,0.7696078431372549,0.09824325173566939,0.6666666666666666,0.875
regime,iscx_url2016_binary,s0_vs_s1,xgb,top20_jaccard,10,0.8718614718614719,0.07622545001659647,0.8181818181818182,1.0
regime,iscx_url2016_binary,s0_vs_s1,xgb,rank_spearman,10,0.9640518349219089,0.014658365047506464,0.9335203366058907,0.9826044347986311
regime,iscx_url2016_binary,s0_vs_s1,xgb,direction_agreement_all,10,0.877142857142857,0.042698117659923596,0.8285714285714286,0.9714285714285714
regime,iscx_url2016_binary,s0_vs_s1,xgb,direction_agreement_top20_union,10,0.9495670995670995,0.0588370456627236,0.8181818181818182,1.0
regime,iscx_url2016_binary,s0_vs_s2,lr,top10_jaccard,10,0.5659340659340659,0.0773434643426125,0.42857142857142855,0.6666666666666666
regime,iscx_url2016_binary,s0_vs_s2,lr,top15_jaccard,10,0.6599587203302375,0.06819696640234608,0.5789473684210527,0.7647058823529411
regime,iscx_url2016_binary,s0_vs_s2,lr,top20_jaccard,10,0.6477591973244147,0.05477379493807162,0.5384615384615384,0.7391304347826086
regime,iscx_url2016_binary,s0_vs_s2,lr,rank_spearman,10,0.8006499978567678,0.04510778935052265,0.7128851540616248,0.8518207282913165
regime,iscx_url2016_binary,s0_vs_s2,lr,direction_agreement_all,10,0.8657142857142859,0.03821410028140737,0.8,0.9428571428571428
regime,iscx_url2016_binary,s0_vs_s2,lr,direction_agreement_top20_union,10,0.9307675585284281,0.053289820015860925,0.8333333333333334,1.0
regime,iscx_url2016_binary,s0_vs_s2,rf,top10_jaccard,10,0.6993006993006994,0.09107827979544744,0.5384615384615384,0.8181818181818182
regime,iscx_url2016_binary,s0_vs_s2,rf,top15_jaccard,10,0.8017156862745096,0.10402126851090912,0.6666666666666666,1.0
regime,iscx_url2016_binary,s0_vs_s2,rf,top20_jaccard,10,0.8961038961038963,0.02737902736076517,0.8181818181818182,0.9047619047619048
regime,iscx_url2016_binary,s0_vs_s2,rf,rank_spearman,10,0.9465192015104964,0.012679683578721743,0.9254901960784314,0.9683473389355742
regime,iscx_url2016_binary,s0_vs_s2,rf,direction_agreement_all,10,0.9114285714285714,0.03144299813184606,0.8571428571428571,0.9714285714285714
regime,iscx_url2016_binary,s0_vs_s2,rf,direction_agreement_top20_union,10,0.9859307359307359,0.02266132579298617,0.9523809523809523,1.0
regime,iscx_url2016_binary,s0_vs_s2,xgb,top10_jaccard,10,0.7599067599067599,0.10010954721620147,0.5384615384615384,0.8181818181818182
regime,iscx_url2016_binary,s0_vs_s2,xgb,top15_jaccard,10,0.7990196078431373,0.07187685440497639,0.6666666666666666,0.875
regime,iscx_url2016_binary,s0_vs_s2,xgb,top20_jaccard,10,0.8528138528138529,0.04470976445838286,0.8181818181818182,0.9047619047619048
regime,iscx_url2016_binary,s0_vs_s2,xgb,rank_spearman,10,0.9572723504954646,0.00785674953540553,0.9465499333370944,0.9705594577733713
regime,iscx_url2016_binary,s0_vs_s2,xgb,direction_agreement_all,10,0.8714285714285716,0.05593971487843204,0.7714285714285715,0.9428571428571428
regime,iscx_url2016_binary,s0_vs_s2,xgb,direction_agreement_top20_union,10,0.9586580086580087,0.03361682389378223,0.9090909090909091,1.0
regime,iscx_url2016_binary,s0_vs_s3,lr,top10_jaccard,10,0.5091575091575091,0.09699085278747498,0.42857142857142855,0.6666666666666666
regime,iscx_url2016_binary,s0_vs_s3,lr,top15_jaccard,10,0.6862745098039216,0.041336962878018024,0.6666666666666666,0.7647058823529411
regime,iscx_url2016_binary,s0_vs_s3,lr,top20_jaccard,10,0.733201581027668,0.05567736667111288,0.6666666666666666,0.8181818181818182
regime,iscx_url2016_binary,s0_vs_s3,lr,rank_spearman,10,0.8338714786261251,0.031760705498065506,0.7851540616246498,0.8963585434173669
regime,iscx_url2016_binary,s0_vs_s3,lr,direction_agreement_all,10,0.8771428571428572,0.033128623106525854,0.8285714285714286,0.9428571428571428
regime,iscx_url2016_binary,s0_vs_s3,lr,direction_agreement_top20_union,10,0.9657608695652176,0.02732045831266487,0.9130434782608695,1.0
regime,iscx_url2016_binary,s0_vs_s3,rf,top10_jaccard,10,0.7424242424242424,0.07985549646889852,0.6666666666666666,0.8181818181818182
regime,iscx_url2016_binary,s0_vs_s3,rf,top15_jaccard,10,0.7659313725490196,0.049172555509163926,0.6666666666666666,0.875
regime,iscx_url2016_binary,s0_vs_s3,rf,top20_jaccard,10,0.8023715415019763,0.033330989830496795,0.7391304347826086,0.8181818181818182
regime,iscx_url2016_binary,s0_vs_s3,rf,rank_spearman,10,0.9161057802171857,0.008524484367269033,0.9016531595173272,0.9268703081675943
regime,iscx_url2016_binary,s0_vs_s3,rf,direction_agreement_all,10,0.9342857142857144,0.027105237087157546,0.8857142857142857,0.9714285714285714
regime,iscx_url2016_binary,s0_vs_s3,rf,direction_agreement_top20_union,10,0.9865612648221344,0.02164510347859716,0.9545454545454546,1.0
regime,iscx_url2016_binary,s0_vs_s3,xgb,top10_jaccard,10,0.8242424242424242,0.11138625254214321,0.6666666666666666,1.0
regime,iscx_url2016_binary,s0_vs_s3,xgb,top15_jaccard,10,0.7794117647058822,0.09148867764163021,0.6666666666666666,0.875
regime,iscx_url2016_binary,s0_vs_s3,xgb,top20_jaccard,10,0.8551853943158291,0.08289745524584562,0.7391304347826086,1.0
regime,iscx_url2016_binary,s0_vs_s3,xgb,rank_spearman,10,0.9574820341425069,0.016617961590590535,0.9265387052468886,0.9779651530847088
regime,iscx_url2016_binary,s0_vs_s3,xgb,direction_agreement_all,10,0.8571428571428573,0.04665694748158431,0.7714285714285715,0.9142857142857143
regime,iscx_url2016_binary,s0_vs_s3,xgb,direction_agreement_top20_union,10,0.9536420101637493,0.04977792982152924,0.8571428571428571,1.0
regime,iscx_url2016_binary,s1_vs_s2,lr,top10_jaccard,10,0.6213786213786214,0.12122614788709228,0.42857142857142855,0.8181818181818182
regime,iscx_url2016_binary,s1_vs_s2,lr,top15_jaccard,10,0.6522187822497421,0.0851280252974609,0.5789473684210527,0.7647058823529411
regime,iscx_url2016_binary,s1_vs_s2,lr,top20_jaccard,10,0.6287848383500557,0.07043892363222173,0.5384615384615384,0.7391304347826086
regime,iscx_url2016_binary,s1_vs_s2,lr,rank_spearman,10,0.7848430609418678,0.06662832083210622,0.6602240896358544,0.8633053221288516
regime,iscx_url2016_binary,s1_vs_s2,lr,direction_agreement_all,10,0.8714285714285716,0.04902681019517617,0.8,0.9714285714285714
regime,iscx_url2016_binary,s1_vs_s2,lr,direction_agreement_top20_union,10,0.9487307692307694,0.0629098571015285,0.8076923076923077,1.0
regime,iscx_url2016_binary,s1_vs_s2,rf,top10_jaccard,10,0.7016317016317016,0.11179094459936413,0.5384615384615384,0.8181818181818182
regime,iscx_url2016_binary,s1_vs_s2,rf,top15_jaccard,10,0.8252450980392159,0.1200899801662222,0.6666666666666666,1.0
regime,iscx_url2016_binary,s1_vs_s2,rf,top20_jaccard,10,0.8961038961038963,0.02737902736076517,0.8181818181818182,0.9047619047619048
regime,iscx_url2016_binary,s1_vs_s2,rf,rank_spearman,10,0.9499424562345485,0.011409321783946443,0.932418238857762,0.9652661064425769
regime,iscx_url2016_binary,s1_vs_s2,rf,direction_agreement_all,10,0.917142857142857,0.04557518519621106,0.8571428571428571,0.9714285714285714
regime,iscx_url2016_binary,s1_vs_s2,rf,direction_agreement_top20_union,10,0.9859307359307359,0.02266132579298617,0.9523809523809523,1.0
regime,iscx_url2016_binary,s1_vs_s2,xgb,top10_jaccard,10,0.7144522144522145,0.0974276561700367,0.5384615384615384,0.8181818181818182
regime,iscx_url2016_binary,s1_vs_s2,xgb,top15_jaccard,10,0.7179437564499483,0.08383237570398895,0.5789473684210527,0.875
regime,iscx_url2016_binary,s1_vs_s2,xgb,top20_jaccard,10,0.8630905326557501,0.07387939997714595,0.7391304347826086,1.0
regime,iscx_url2016_binary,s1_vs_s2,xgb,rank_spearman,10,0.9514250383995628,0.014669587660297925,0.9228936747829124,0.9739063372889917
regime,iscx_url2016_binary,s1_vs_s2,xgb,direction_agreement_all,10,0.897142857142857,0.04704414870563226,0.8285714285714286,0.9714285714285714
regime,iscx_url2016_binary,s1_vs_s2,xgb,direction_agreement_top20_union,10,0.9722755505364201,0.023895282382024152,0.9523809523809523,1.0
regime,iscx_url2016_binary,s1_vs_s3,lr,top10_jaccard,10,0.5659340659340659,0.0773434643426125,0.42857142857142855,0.6666666666666666
regime,iscx_url2016_binary,s1_vs_s3,lr,top15_jaccard,10,0.6687306501547988,0.06197681100018406,0.5789473684210527,0.7647058823529411
regime,iscx_url2016_binary,s1_vs_s3,lr,top20_jaccard,10,0.7034782608695652,0.049888203798562104,0.6,0.7391304347826086
regime,iscx_url2016_binary,s1_vs_s3,lr,rank_spearman,10,0.8193248536589545,0.030906464316039085,0.7811471410710138,0.8767507002801121
regime,iscx_url2016_binary,s1_vs_s3,lr,direction_agreement_all,10,0.8314285714285713,0.03144299813184602,0.7714285714285715,0.8857142857142857
regime,iscx_url2016_binary,s1_vs_s3,lr,direction_agreement_top20_union,10,0.9575942028985507,0.0350355104029414,0.9130434782608695,1.0
regime,iscx_url2016_binary,s1_vs_s3,rf,top10_jaccard,10,0.6888111888111889,0.12303262017260351,0.5384615384615384,0.8181818181818182
regime,iscx_url2016_binary,s1_vs_s3,rf,top15_jaccard,10,0.7561274509803921,0.05835930199507153,0.6666666666666666,0.875
regime,iscx_url2016_binary,s1_vs_s3,rf,top20_jaccard,10,0.7944664031620554,0.03818544597151372,0.7391304347826086,0.8181818181818182
regime,iscx_url2016_binary,s1_vs_s3,rf,rank_spearman,10,0.9110819832865467,0.012401774055668925,0.8907410001400757,0.9297373235087268
regime,iscx_url2016_binary,s1_vs_s3,rf,direction_agreement_all,10,0.8885714285714286,0.04557518519621102,0.8,0.9428571428571428
regime,iscx_url2016_binary,s1_vs_s3,rf,direction_agreement_top20_union,10,0.9865612648221346,0.02164510347859716,0.9545454545454546,1.0
regime,iscx_url2016_binary,s1_vs_s3,xgb,top10_jaccard,10,0.796969696969697,0.15255535190332561,0.6666666666666666,1.0
regime,iscx_url2016_binary,s1_vs_s3,xgb,top15_jaccard,10,0.7660345717234263,0.1531555521730381,0.5789473684210527,1.0
regime,iscx_url2016_binary,s1_vs_s3,xgb,top20_jaccard,10,0.8299642386598908,0.08525073043210402,0.7391304347826086,1.0
regime,iscx_url2016_binary,s1_vs_s3,xgb,rank_spearman,10,0.9495407198738353,0.012665648611204462,0.9329411038564959,0.9677334938950538
regime,iscx_url2016_binary,s1_vs_s3,xgb,direction_agreement_all,10,0.8885714285714286,0.03144299813184604,0.8285714285714286,0.9428571428571428
regime,iscx_url2016_binary,s1_vs_s3,xgb,direction_agreement_top20_union,10,0.9683418031244118,0.04315880126742874,0.9047619047619048,1.0
regime,iscx_url2016_binary,s2_vs_s3,lr,top10_jaccard,10,0.7424242424242424,0.07985549646889852,0.6666666666666666,0.8181818181818182
regime,iscx_url2016_binary,s2_vs_s3,lr,top15_jaccard,10,0.7267156862745099,0.07132919105470378,0.6666666666666666,0.875
regime,iscx_url2016_binary,s2_vs_s3,lr,top20_jaccard,10,0.7483530961791831,0.05617312939945364,0.6666666666666666,0.8181818181818182
regime,iscx_url2016_binary,s2_vs_s3,lr,rank_spearman,10,0.8999847697597249,0.02810171772069442,0.8666666666666667,0.950140056022409
regime,iscx_url2016_binary,s2_vs_s3,lr,direction_agreement_all,10,0.8914285714285712,0.03761603363453616,0.8285714285714286,0.9428571428571428
regime,iscx_url2016_binary,s2_vs_s3,lr,direction_agreement_top20_union,10,0.9343379446640316,0.023462718936629642,0.9090909090909091,0.9583333333333334
regime,iscx_url2016_binary,s2_vs_s3,rf,top10_jaccard,10,0.8454545454545455,0.14669087370147926,0.6666666666666666,1.0
regime,iscx_url2016_binary,s2_vs_s3,rf,top15_jaccard,10,0.8323529411764706,0.08045788800135034,0.7647058823529411,1.0
regime,iscx_url2016_binary,s2_vs_s3,rf,top20_jaccard,10,0.8218520609824959,0.08518269406922387,0.6666666666666666,0.9047619047619048
regime,iscx_url2016_binary,s2_vs_s3,rf,rank_spearman,10,0.9344094596337051,0.03343778172773459,0.8873634419488424,0.9708602230352823
regime,iscx_url2016_binary,s2_vs_s3,rf,direction_agreement_all,10,0.9142857142857143,0.04259177099999601,0.8571428571428571,0.9714285714285714
regime,iscx_url2016_binary,s2_vs_s3,rf,direction_agreement_top20_union,10,0.9871212121212121,0.028581128923072553,0.9166666666666666,1.0
regime,iscx_url2016_binary,s2_vs_s3,xgb,top10_jaccard,10,0.7909090909090909,0.10246428002356171,0.6666666666666666,1.0
regime,iscx_url2016_binary,s2_vs_s3,xgb,top15_jaccard,10,0.7708849329205366,0.11118763961992144,0.5789473684210527,1.0
regime,iscx_url2016_binary,s2_vs_s3,xgb,top20_jaccard,10,0.8812723508375683,0.08336340534582183,0.7391304347826086,1.0
regime,iscx_url2016_binary,s2_vs_s3,xgb,rank_spearman,10,0.9587577044830798,0.021941704346539567,0.9248563834942843,0.9790543123386051
regime,iscx_url2016_binary,s2_vs_s3,xgb,direction_agreement_all,10,0.8828571428571428,0.07432233529572063,0.7428571428571429,0.9714285714285714
regime,iscx_url2016_binary,s2_vs_s3,xgb,direction_agreement_top20_union,10,0.9536203651421042,0.044001029591918234,0.8571428571428571,1.0
regime,phiusiil,s0_vs_s1,lr,top10_jaccard,10,0.787878787878788,0.0638843971751188,0.6666666666666666,0.8181818181818182
regime,phiusiil,s0_vs_s1,lr,top15_jaccard,10,0.8002450980392158,0.08654926602585027,0.6666666666666666,0.875
regime,phiusiil,s0_vs_s1,lr,top20_jaccard,10,0.9056277056277056,0.04289380953186545,0.8181818181818182,1.0
regime,phiusiil,s0_vs_s1,lr,rank_spearman,10,0.9508963585434174,0.03744805764308566,0.8537815126050421,0.9823529411764705
regime,phiusiil,s0_vs_s1,lr,direction_agreement_all,10,0.9485714285714286,0.0376160336345362,0.8857142857142857,1.0
regime,phiusiil,s0_vs_s1,lr,direction_agreement_top20_union,10,0.980952380952381,0.024590370452110606,0.9523809523809523,1.0
regime,phiusiil,s0_vs_s1,rf,top10_jaccard,10,0.8757575757575757,0.1164467295915523,0.6666666666666666,1.0
regime,phiusiil,s0_vs_s1,rf,top15_jaccard,10,0.875,0.0,0.875,0.875
regime,phiusiil,s0_vs_s1,rf,top20_jaccard,10,0.8883116883116884,0.0566201110213565,0.8181818181818182,1.0
regime,phiusiil,s0_vs_s1,rf,rank_spearman,10,0.9889658700592749,0.0032125892294056014,0.9851457399103138,0.9941856611841358
regime,phiusiil,s0_vs_s1,rf,direction_agreement_all,10,0.9085714285714286,0.05003400204405217,0.8285714285714286,0.9714285714285714
regime,phiusiil,s0_vs_s1,rf,direction_agreement_top20_union,10,0.9246320346320347,0.04521982964236974,0.8571428571428571,1.0
regime,phiusiil,s0_vs_s1,xgb,top10_jaccard,10,0.806060606060606,0.09279744709378467,0.6666666666666666,1.0
regime,phiusiil,s0_vs_s1,xgb,top15_jaccard,10,0.8779411764705882,0.07852323052219437,0.7647058823529411,1.0
regime,phiusiil,s0_vs_s1,xgb,top20_jaccard,10,0.9238095238095239,0.04015590679578895,0.9047619047619048,1.0
regime,phiusiil,s0_vs_s1,xgb,rank_spearman,10,0.9882865616322147,0.003023676677499946,0.9833830186204359,0.9921965317919077
regime,phiusiil,s0_vs_s1,xgb,direction_agreement_all,10,0.9571428571428571,0.02776643759450144,0.9142857142857143,1.0
regime,phiusiil,s0_vs_s1,xgb,direction_agreement_top20_union,10,0.9807142857142856,0.03353021974548331,0.9047619047619048,1.0
regime,phiusiil,s0_vs_s2,lr,top10_jaccard,10,0.7727272727272727,0.07318877144540124,0.6666666666666666,0.8181818181818182
regime,phiusiil,s0_vs_s2,lr,top15_jaccard,10,0.6709881320949432,0.09184028455832602,0.5789473684210527,0.875
regime,phiusiil,s0_vs_s2,lr,top20_jaccard,10,0.7800677583286278,0.0674311350896142,0.6666666666666666,0.9047619047619048
regime,phiusiil,s0_vs_s2,lr,rank_spearman,10,0.8897478991596639,0.033186992908543926,0.8282913165266107,0.9431372549019609
regime,phiusiil,s0_vs_s2,lr,direction_agreement_all,10,0.9114285714285714,0.04353954076442844,0.8571428571428571,0.9714285714285714
regime,phiusiil,s0_vs_s2,lr,direction_agreement_top20_union,10,0.9780467720685113,0.02316515267579184,0.9545454545454546,1.0
regime,phiusiil,s0_vs_s2,rf,top10_jaccard,10,0.6888111888111889,0.12303262017260351,0.5384615384615384,0.8181818181818182
regime,phiusiil,s0_vs_s2,rf,top15_jaccard,10,0.9,0.05270462766947299,0.875,1.0
regime,phiusiil,s0_vs_s2,rf,top20_jaccard,10,0.8787878787878789,0.04182215511165781,0.8181818181818182,0.9047619047619048
regime,phiusiil,s0_vs_s2,rf,rank_spearman,10,0.9815848224520065,0.005218252276503145,0.9742225095219846,0.9918745135771715
regime,phiusiil,s0_vs_s2,rf,direction_agreement_all,10,0.8371428571428572,0.05225092085464836,0.7714285714285715,0.9428571428571428
regime,phiusiil,s0_vs_s2,rf,direction_agreement_top20_union,10,0.8636363636363636,0.05693001888767346,0.8095238095238095,0.9523809523809523
regime,phiusiil,s0_vs_s2,xgb,top10_jaccard,10,0.8757575757575757,0.1164467295915523,0.6666666666666666,1.0
regime,phiusiil,s0_vs_s2,xgb,top15_jaccard,10,0.9014705882352942,0.07603571673329898,0.7647058823529411,1.0
regime,phiusiil,s0_vs_s2,xgb,top20_jaccard,10,0.9064935064935066,0.06064727520491172,0.8181818181818182,1.0
regime,phiusiil,s0_vs_s2,xgb,rank_spearman,10,0.9846568682081518,0.006289299585922036,0.9718679949831943,0.9927745664739885
regime,phiusiil,s0_vs_s2,xgb,direction_agreement_all,10,0.9514285714285714,0.019284244506015805,0.9142857142857143,0.9714285714285714
regime,phiusiil,s0_vs_s2,xgb,direction_agreement_top20_union,10,0.9432683982683983,0.0295460403735658,0.9047619047619048,1.0
regime,phiusiil,s0_vs_s3,lr,top10_jaccard,10,0.8144522144522144,0.157477184041696,0.5384615384615384,1.0
regime,phiusiil,s0_vs_s3,lr,top15_jaccard,10,0.7990196078431372,0.07187685440497639,0.6666666666666666,0.875
regime,phiusiil,s0_vs_s3,lr,top20_jaccard,10,0.8961038961038963,0.02737902736076517,0.8181818181818182,0.9047619047619048
regime,phiusiil,s0_vs_s3,lr,rank_spearman,10,0.9467226890756303,0.01943088527546126,0.9056022408963587,0.9731092436974791
regime,phiusiil,s0_vs_s3,lr,direction_agreement_all,10,0.9199999999999999,0.0722806322324201,0.7428571428571429,0.9714285714285714
regime,phiusiil,s0_vs_s3,lr,direction_agreement_top20_union,10,0.9761904761904763,0.06044264369733261,0.8095238095238095,1.0
regime,phiusiil,s0_vs_s3,rf,top10_jaccard,10,0.6538461538461539,0.040542021284209986,0.5384615384615384,0.6666666666666666
regime,phiusiil,s0_vs_s3,rf,top15_jaccard,10,0.9389705882352942,0.08497871027227137,0.7647058823529411,1.0
regime,phiusiil,s0_vs_s3,rf,top20_jaccard,10,0.8874458874458876,0.03650536981435357,0.8181818181818182,0.9047619047619048
regime,phiusiil,s0_vs_s3,rf,rank_spearman,10,0.9734469993053295,0.0064073340758309515,0.9650438041482987,0.984585201793722
regime,phiusiil,s0_vs_s3,rf,direction_agreement_all,10,0.8771428571428572,0.0841659089344217,0.6857142857142857,1.0
regime,phiusiil,s0_vs_s3,rf,direction_agreement_top20_union,10,0.9004329004329005,0.07291799130229519,0.8095238095238095,1.0
regime,phiusiil,s0_vs_s3,xgb,top10_jaccard,10,0.7727272727272727,0.07318877144540124,0.6666666666666666,0.8181818181818182
regime,phiusiil,s0_vs_s3,xgb,top15_jaccard,10,0.8904411764705882,0.08744540231044998,0.7647058823529411,1.0
regime,phiusiil,s0_vs_s3,xgb,top20_jaccard,10,0.8196875588179937,0.055244700771963355,0.7391304347826086,0.9047619047619048
regime,phiusiil,s0_vs_s3,xgb,rank_spearman,10,0.9757116025122654,0.007862461679088493,0.9589135933912974,0.9852601156069366
regime,phiusiil,s0_vs_s3,xgb,direction_agreement_all,10,0.9657142857142856,0.02253744679276045,0.9142857142857143,1.0
regime,phiusiil,s0_vs_s3,xgb,direction_agreement_top20_union,10,0.9677300959909655,0.03164579612046551,0.9047619047619048,1.0
regime,phiusiil,s1_vs_s2,lr,top10_jaccard,10,0.7326340326340326,0.13034196718992636,0.5384615384615384,1.0
regime,phiusiil,s1_vs_s2,lr,top15_jaccard,10,0.6748065015479876,0.12239530806921578,0.5,0.875
regime,phiusiil,s1_vs_s2,lr,top20_jaccard,10,0.756258234519104,0.06015245908920139,0.6666666666666666,0.8181818181818182
regime,phiusiil,s1_vs_s2,lr,rank_spearman,10,0.8735854341736695,0.0397011106103063,0.7823529411764707,0.9252100840336134
regime,phiusiil,s1_vs_s2,lr,direction_agreement_all,10,0.9228571428571429,0.04051818549749077,0.8571428571428571,0.9714285714285714
regime,phiusiil,s1_vs_s2,lr,direction_agreement_top20_union,10,0.9823945981554678,0.022752777469616858,0.9545454545454546,1.0
regime,phiusiil,s1_vs_s2,rf,top10_jaccard,10,0.7296037296037297,0.1008904916123042,0.5384615384615384,0.8181818181818182
regime,phiusiil,s1_vs_s2,rf,top15_jaccard,10,0.8558823529411764,0.09204728571018725,0.7647058823529411,1.0
regime,phiusiil,s1_vs_s2,rf,top20_jaccard,10,0.8441558441558442,0.04182215511165781,0.8181818181818182,0.9047619047619048
regime,phiusiil,s1_vs_s2,rf,rank_spearman,10,0.9782592743893904,0.004043839442752494,0.9733174615926976,0.9840980952871153
regime,phiusiil,s1_vs_s2,rf,direction_agreement_all,10,0.8714285714285713,0.045175395145262545,0.8285714285714286,0.9714285714285714
regime,phiusiil,s1_vs_s2,rf,direction_agreement_top20_union,10,0.8759740259740258,0.053147233925945024,0.8181818181818182,1.0
regime,phiusiil,s1_vs_s2,xgb,top10_jaccard,10,0.787878787878788,0.0638843971751188,0.6666666666666666,0.8181818181818182
regime,phiusiil,s1_vs_s2,xgb,top15_jaccard,10,0.8764705882352942,0.05554594303613842,0.7647058823529411,1.0
regime,phiusiil,s1_vs_s2,xgb,top20_jaccard,10,0.870995670995671,0.06249379197443665,0.8181818181818182,1.0
regime,phiusiil,s1_vs_s2,xgb,rank_spearman,10,0.9809742180081201,0.004646475241054555,0.9747467508925047,0.9874132768934705
regime,phiusiil,s1_vs_s2,xgb,direction_agreement_all,10,0.9257142857142858,0.030713362850661157,0.8857142857142857,0.9714285714285714
regime,phiusiil,s1_vs_s2,xgb,direction_agreement_top20_union,10,0.9346103896103897,0.023909547650522715,0.9047619047619048,0.9545454545454546
regime,phiusiil,s1_vs_s3,lr,top10_jaccard,10,0.734965034965035,0.1449769768464173,0.5384615384615384,1.0
regime,phiusiil,s1_vs_s3,lr,top15_jaccard,10,0.7659313725490196,0.04917255550916393,0.6666666666666666,0.875
regime,phiusiil,s1_vs_s3,lr,top20_jaccard,10,0.8961038961038963,0.02737902736076517,0.8181818181818182,0.9047619047619048
regime,phiusiil,s1_vs_s3,lr,rank_spearman,10,0.9377591036414566,0.027239542169968663,0.8857142857142857,0.9680672268907564
regime,phiusiil,s1_vs_s3,lr,direction_agreement_all,10,0.9142857142857143,0.061721339984836754,0.7714285714285715,0.9714285714285714
regime,phiusiil,s1_vs_s3,lr,direction_agreement_top20_union,10,0.9714285714285715,0.046004370622823636,0.8571428571428571,1.0
regime,phiusiil,s1_vs_s3,rf,top10_jaccard,10,0.696969696969697,0.0638843971751188,0.6666666666666666,0.8181818181818182
regime,phiusiil,s1_vs_s3,rf,top15_jaccard,10,0.8889705882352942,0.06787490047559053,0.7647058823529411,1.0
regime,phiusiil,s1_vs_s3,rf,top20_jaccard,10,0.8883116883116884,0.0566201110213565,0.8181818181818182,1.0
regime,phiusiil,s1_vs_s3,rf,rank_spearman,10,0.9696586181302201,0.005310548246017182,0.9608406516912068,0.9756917903729315
regime,phiusiil,s1_vs_s3,rf,direction_agreement_all,10,0.8542857142857143,0.0790533560740843,0.6857142857142857,0.9714285714285714
regime,phiusiil,s1_vs_s3,rf,direction_agreement_top20_union,10,0.8824458874458874,0.039543564855558086,0.8571428571428571,0.9523809523809523
regime,phiusiil,s1_vs_s3,xgb,top10_jaccard,10,0.7757575757575759,0.1089786178526156,0.6666666666666666,1.0
regime,phiusiil,s1_vs_s3,xgb,top15_jaccard,10,0.8654411764705883,0.06586254516661716,0.7647058823529411,1.0
regime,phiusiil,s1_vs_s3,xgb,top20_jaccard,10,0.8528138528138529,0.04470976445838286,0.8181818181818182,0.9047619047619048
regime,phiusiil,s1_vs_s3,xgb,rank_spearman,10,0.9775741167866823,0.006528861762822753,0.9702312138728325,0.9925448028673833
regime,phiusiil,s1_vs_s3,xgb,direction_agreement_all,10,0.9457142857142857,0.03676239822022626,0.8857142857142857,1.0
regime,phiusiil,s1_vs_s3,xgb,direction_agreement_top20_union,10,0.9489177489177489,0.04023878801254459,0.8636363636363636,1.0
regime,phiusiil,s2_vs_s3,lr,top10_jaccard,10,0.696003996003996,0.1702734068753462,0.42857142857142855,1.0
regime,phiusiil,s2_vs_s3,lr,top15_jaccard,10,0.5823308270676693,0.07587647724810698,0.42857142857142855,0.6666666666666666
regime,phiusiil,s2_vs_s3,lr,top20_jaccard,10,0.7337812911725955,0.06396212823348495,0.6,0.8181818181818182
regime,phiusiil,s2_vs_s3,lr,rank_spearman,10,0.8218767507002802,0.05646779847025862,0.7238095238095239,0.9274509803921569
regime,phiusiil,s2_vs_s3,lr,direction_agreement_all,10,0.8714285714285716,0.059093684028527875,0.7142857142857143,0.9142857142857143
regime,phiusiil,s2_vs_s3,lr,direction_agreement_top20_union,10,0.9573985507246379,0.06751705451220083,0.782608695652174,1.0
regime,phiusiil,s2_vs_s3,rf,top10_jaccard,10,0.806060606060606,0.09279744709378468,0.6666666666666666,1.0
regime,phiusiil,s2_vs_s3,rf,top15_jaccard,10,0.925,0.06454972243679027,0.875,1.0
regime,phiusiil,s2_vs_s3,rf,top20_jaccard,10,0.8528138528138529,0.04470976445838286,0.8181818181818182,0.9047619047619048
regime,phiusiil,s2_vs_s3,rf,rank_spearman,10,0.9752248901947509,0.004482362023286688,0.969255552485461,0.9840980952871152
regime,phiusiil,s2_vs_s3,rf,direction_agreement_all,10,0.82,0.06741081283499575,0.6571428571428571,0.8857142857142857
regime,phiusiil,s2_vs_s3,rf,direction_agreement_top20_union,10,0.866017316017316,0.03964250899704086,0.8181818181818182,0.9523809523809523
regime,phiusiil,s2_vs_s3,xgb,top10_jaccard,10,0.7878787878787878,0.0638843971751188,0.6666666666666666,0.8181818181818182
regime,phiusiil,s2_vs_s3,xgb,top15_jaccard,10,0.8764705882352942,0.05554594303613842,0.7647058823529411,1.0
regime,phiusiil,s2_vs_s3,xgb,top20_jaccard,10,0.8196875588179937,0.05524470077196336,0.7391304347826086,0.9047619047619048
regime,phiusiil,s2_vs_s3,xgb,rank_spearman,10,0.973646945343644,0.010478347085020519,0.9552023121387284,0.989884393063584
regime,phiusiil,s2_vs_s3,xgb,direction_agreement_all,10,0.9342857142857144,0.03026714015632516,0.8857142857142857,0.9714285714285714
regime,phiusiil,s2_vs_s3,xgb,direction_agreement_top20_union,10,0.9135798983625071,0.03359052682007046,0.8636363636363636,0.9565217391304348
seed,iscx_url2016_binary,s0,lr,top10_jaccard,45,1.0,0.0,1.0,1.0
seed,iscx_url2016_binary,s0,lr,top15_jaccard,45,1.0,0.0,1.0,1.0
seed,iscx_url2016_binary,s0,lr,top20_jaccard,45,1.0,0.0,1.0,1.0
seed,iscx_url2016_binary,s0,lr,rank_spearman,45,1.0,0.0,1.0,1.0
seed,iscx_url2016_binary,s0,lr,direction_agreement_all,45,1.0,0.0,1.0,1.0
seed,iscx_url2016_binary,s0,lr,direction_agreement_top20_union,45,1.0,0.0,1.0,1.0
seed,iscx_url2016_binary,s0,rf,top10_jaccard,45,0.9353535353535354,0.08801642114695692,0.8181818181818182,1.0
seed,iscx_url2016_binary,s0,rf,top15_jaccard,45,0.975,0.05056498968474315,0.875,1.0
seed,iscx_url2016_binary,s0,rf,top20_jaccard,45,0.964021164021164,0.0466962044910381,0.9047619047619048,1.0
seed,iscx_url2016_binary,s0,rf,rank_spearman,45,0.9900840336134453,0.004060263375755207,0.9778711484593837,0.9955182072829132
seed,iscx_url2016_binary,s0,rf,direction_agreement_all,45,0.984126984126984,0.014357683075131607,0.9714285714285714,1.0
seed,iscx_url2016_binary,s0,rf,direction_agreement_top20_union,45,1.0,0.0,1.0,1.0
seed,iscx_url2016_binary,s0,xgb,top10_jaccard,45,0.9313131313131315,0.0891472994828909,0.8181818181818182,1.0
seed,iscx_url2016_binary,s0,xgb,top15_jaccard,45,0.8818627450980393,0.05646595764214191,0.7647058823529411,1.0
seed,iscx_url2016_binary,s0,xgb,top20_jaccard,45,0.9041847041847043,0.05296782093596616,0.8181818181818182,1.0
seed,iscx_url2016_binary,s0,xgb,rank_spearman,45,0.9866361874524862,0.005003595307363266,0.9663394109396917,0.9957924263674616
seed,iscx_url2016_binary,s0,xgb,direction_agreement_all,45,0.9434920634920633,0.03251309933750089,0.8571428571428571,1.0
seed,iscx_url2016_binary,s0,xgb,direction_agreement_top20_union,45,0.9607647907647905,0.034329075048078216,0.9,1.0
seed,iscx_url2016_binary,s3,lr,top10_jaccard,45,1.0,0.0,1.0,1.0
seed,iscx_url2016_binary,s3,lr,top15_jaccard,45,1.0,0.0,1.0,1.0
seed,iscx_url2016_binary,s3,lr,top20_jaccard,45,1.0,0.0,1.0,1.0
seed,iscx_url2016_binary,s3,lr,rank_spearman,45,1.0,0.0,1.0,1.0
seed,iscx_url2016_binary,s3,lr,direction_agreement_all,45,1.0,0.0,1.0,1.0
seed,iscx_url2016_binary,s3,lr,direction_agreement_top20_union,45,1.0,0.0,1.0,1.0
seed,iscx_url2016_binary,s3,rf,top10_jaccard,45,0.9313131313131314,0.0891472994828909,0.8181818181818182,1.0
seed,iscx_url2016_binary,s3,rf,top15_jaccard,45,0.9034313725490196,0.0631474019204157,0.7647058823529411,1.0
seed,iscx_url2016_binary,s3,rf,top20_jaccard,45,0.9303511303511303,0.046696204491038104,0.8181818181818182,1.0
seed,iscx_url2016_binary,s3,rf,rank_spearman,45,0.9880002412837191,0.004901636302259763,0.9722533632286996,0.9960762331838566
seed,iscx_url2016_binary,s3,rf,direction_agreement_all,45,0.9733333333333332,0.0261294053817336,0.9142857142857143,1.0
seed,iscx_url2016_binary,s3,rf,direction_agreement_top20_union,45,1.0,0.0,1.0,1.0
seed,iscx_url2016_binary,s3,xgb,top10_jaccard,45,0.7730639730639732,0.09508811169989953,0.6666666666666666,1.0
seed,iscx_url2016_binary,s3,xgb,top15_jaccard,45,0.8696078431372549,0.06774362440387575,0.7647058823529411,1.0
seed,iscx_url2016_binary,s3,xgb,top20_jaccard,45,0.916883116883117,0.06239011305147468,0.8181818181818182,1.0
seed,iscx_url2016_binary,s3,xgb,rank_spearman,45,0.9856819472765497,0.0049940195179004375,0.9730829404022779,0.9929932735426009
seed,iscx_url2016_binary,s3,xgb,direction_agreement_all,45,0.9155555555555551,0.04794692317307319,0.8,1.0
seed,iscx_url2016_binary,s3,xgb,direction_agreement_top20_union,45,0.9459259259259258,0.040168027657806415,0.8571428571428571,1.0
seed,phiusiil,s0,lr,top10_jaccard,45,1.0,0.0,1.0,1.0
seed,phiusiil,s0,lr,top15_jaccard,45,1.0,0.0,1.0,1.0
seed,phiusiil,s0,lr,top20_jaccard,45,1.0,0.0,1.0,1.0
seed,phiusiil,s0,lr,rank_spearman,45,1.0,0.0,1.0,1.0
seed,phiusiil,s0,lr,direction_agreement_all,45,1.0,0.0,1.0,1.0
seed,phiusiil,s0,lr,direction_agreement_top20_union,45,1.0,0.0,1.0,1.0
seed,phiusiil,s0,rf,top10_jaccard,45,0.8505050505050507,0.07029923044732375,0.8181818181818182,1.0
seed,phiusiil,s0,rf,top15_jaccard,45,0.9058823529411765,0.05968618784265271,0.7647058823529411,1.0
seed,phiusiil,s0,rf,top20_jaccard,45,0.9620971620971621,0.05079693023651786,0.8181818181818182,1.0
seed,phiusiil,s0,rf,rank_spearman,45,0.9904594380585692,0.003415116244290656,0.9832574647956969,0.9971973094170403
seed,phiusiil,s0,rf,direction_agreement_all,45,0.9790476190476188,0.017654696590094998,0.9428571428571428,1.0
seed,phiusiil,s0,rf,direction_agreement_top20_union,45,1.0,0.0,1.0,1.0
seed,phiusiil,s0,xgb,top10_jaccard,45,0.8760942760942763,0.09815524889246417,0.6666666666666666,1.0
seed,phiusiil,s0,xgb,top15_jaccard,45,0.8957516339869281,0.06761451657263312,0.7647058823529411,1.0
seed,phiusiil,s0,xgb,top20_jaccard,45,0.9045695045695046,0.05965661229464649,0.8181818181818182,1.0
seed,phiusiil,s0,xgb,rank_spearman,45,0.989096679649606,0.004311222605931669,0.9782012579836772,0.9971098265895956
seed,phiusiil,s0,xgb,direction_agreement_all,45,0.9771428571428569,0.01887366454502333,0.9428571428571428,1.0
seed,phiusiil,s0,xgb,direction_agreement_top20_union,45,0.9903655603655604,0.019497654267460342,0.95,1.0
seed,phiusiil,s3,lr,top10_jaccard,45,1.0,0.0,1.0,1.0
seed,phiusiil,s3,lr,top15_jaccard,45,1.0,0.0,1.0,1.0
seed,phiusiil,s3,lr,top20_jaccard,45,1.0,0.0,1.0,1.0
seed,phiusiil,s3,lr,rank_spearman,45,1.0,0.0,1.0,1.0
seed,phiusiil,s3,lr,direction_agreement_all,45,1.0,0.0,1.0,1.0
seed,phiusiil,s3,lr,direction_agreement_top20_union,45,1.0,0.0,1.0,1.0
seed,phiusiil,s3,rf,top10_jaccard,45,0.8585858585858588,0.07644317865295651,0.8181818181818182,1.0
seed,phiusiil,s3,rf,top15_jaccard,45,0.9138888888888889,0.05852242080923975,0.875,1.0
seed,phiusiil,s3,rf,top20_jaccard,45,1.0,0.0,1.0,1.0
seed,phiusiil,s3,rf,rank_spearman,45,0.9916635279163208,0.0035497562533922528,0.9803811659192825,0.9974775784753364
seed,phiusiil,s3,rf,direction_agreement_all,45,0.9517460317460318,0.021812340316066606,0.9142857142857143,1.0
seed,phiusiil,s3,rf,direction_agreement_top20_union,45,0.9555555555555557,0.03408249054303634,0.9,1.0
seed,phiusiil,s3,xgb,top10_jaccard,45,0.8707070707070709,0.0833395940548277,0.8181818181818182,1.0
seed,phiusiil,s3,xgb,top15_jaccard,45,0.9416666666666667,0.06306562238868912,0.875,1.0
seed,phiusiil,s3,xgb,top20_jaccard,45,0.9259259259259258,0.04004166500869152,0.9047619047619048,1.0
seed,phiusiil,s3,xgb,rank_spearman,45,0.9881621235954989,0.004564740611587227,0.9730194973469185,0.9953757225433528
seed,phiusiil,s3,xgb,direction_agreement_all,45,0.9625396825396823,0.034362588181069145,0.8857142857142857,1.0
seed,phiusiil,s3,xgb,direction_agreement_top20_union,45,0.9796296296296296,0.029839964971010432,0.9047619047619048,1.0
source,iscx_url2016_binary,s3_internal_vs_external,lr,top10_jaccard,10,0.793939393939394,0.12998551872440742,0.6666666666666666,1.0
source,iscx_url2016_binary,s3_internal_vs_external,lr,top15_jaccard,10,0.7191692466460268,0.09784250236427428,0.5789473684210527,0.875
source,iscx_url2016_binary,s3_internal_vs_external,lr,top20_jaccard,10,0.844908714473932,0.056852926175152405,0.7391304347826086,0.9047619047619048
source,iscx_url2016_binary,s3_internal_vs_external,lr,rank_spearman,10,0.8918690943828672,0.020127196501773168,0.8551820728291318,0.9263305322128852
source,iscx_url2016_binary,s3_internal_vs_external,lr,direction_agreement_all,10,0.9,0.02020305089104422,0.8857142857142857,0.9428571428571428
source,iscx_url2016_binary,s3_internal_vs_external,lr,direction_agreement_top20_union,10,0.9216073781291174,0.02238919114129555,0.9047619047619048,0.9545454545454546
source,iscx_url2016_binary,s3_internal_vs_external,rf,top10_jaccard,10,0.6025641025641025,0.06757003547368332,0.5384615384615384,0.6666666666666666
source,iscx_url2016_binary,s3_internal_vs_external,rf,top15_jaccard,10,0.7879901960784312,0.06723464080561375,0.6666666666666666,0.875
source,iscx_url2016_binary,s3_internal_vs_external,rf,top20_jaccard,10,0.8377564464520987,0.07630076444488634,0.7391304347826086,0.9047619047619048
source,iscx_url2016_binary,s3_internal_vs_external,rf,rank_spearman,10,0.941397483004051,0.02198609160461336,0.8946188340807175,0.9644058295964126
source,iscx_url2016_binary,s3_internal_vs_external,rf,direction_agreement_all,10,0.82,0.03312862310652585,0.7714285714285715,0.8571428571428571
source,iscx_url2016_binary,s3_internal_vs_external,rf,direction_agreement_top20_union,10,0.8805853566723132,0.03161334655618204,0.8260869565217391,0.9130434782608695
source,iscx_url2016_binary,s3_internal_vs_external,xgb,top10_jaccard,10,0.495970695970696,0.0731623279553563,0.3333333333333333,0.5384615384615384
source,iscx_url2016_binary,s3_internal_vs_external,xgb,top15_jaccard,10,0.6422600619195047,0.07212796699595153,0.5,0.7647058823529411
source,iscx_url2016_binary,s3_internal_vs_external,xgb,top20_jaccard,10,0.8535667231319406,0.05888667383213788,0.7391304347826086,0.9047619047619048
source,iscx_url2016_binary,s3_internal_vs_external,xgb,rank_spearman,10,0.8785606297714686,0.014230113002755687,0.8583450210378684,0.9044943820224718
source,iscx_url2016_binary,s3_internal_vs_external,xgb,direction_agreement_all,10,0.8142857142857143,0.05909368402852787,0.7142857142857143,0.9142857142857143
source,iscx_url2016_binary,s3_internal_vs_external,xgb,direction_agreement_top20_union,10,0.8752682100508187,0.05386530054233074,0.8095238095238095,0.9523809523809523
source,phiusiil,s3_internal_vs_external,lr,top10_jaccard,10,0.7296037296037297,0.1008904916123042,0.5384615384615384,0.8181818181818182
source,phiusiil,s3_internal_vs_external,lr,top15_jaccard,10,0.7296568627450981,0.09953951443736768,0.5,0.875
source,phiusiil,s3_internal_vs_external,lr,top20_jaccard,10,0.7476943346508563,0.0434815878207022,0.6666666666666666,0.8181818181818182
source,phiusiil,s3_internal_vs_external,lr,rank_spearman,10,0.8943697478991599,0.030042573615844916,0.8218487394957985,0.9254901960784314
source,phiusiil,s3_internal_vs_external,lr,direction_agreement_all,10,0.9257142857142856,0.0620145546518084,0.7714285714285715,1.0
source,phiusiil,s3_internal_vs_external,lr,direction_agreement_top20_union,10,0.9478096179183136,0.060804460767031505,0.782608695652174,1.0
source,phiusiil,s3_internal_vs_external,rf,top10_jaccard,10,0.42857142857142855,0.0,0.42857142857142855,0.42857142857142855
source,phiusiil,s3_internal_vs_external,rf,top15_jaccard,10,0.6228070175438597,0.046232129534625396,0.5789473684210527,0.6666666666666666
source,phiusiil,s3_internal_vs_external,rf,top20_jaccard,10,0.7246376811594203,0.03055340734462202,0.6666666666666666,0.7391304347826086
source,phiusiil,s3_internal_vs_external,rf,rank_spearman,10,0.8097696752883328,0.010701431990752165,0.7853139013452914,0.8262331838565022
source,phiusiil,s3_internal_vs_external,rf,direction_agreement_all,10,0.7085714285714285,0.0614267257013223,0.6,0.8
source,phiusiil,s3_internal_vs_external,rf,direction_agreement_top20_union,10,0.6465579710144926,0.044279799662205375,0.5652173913043478,0.6956521739130435
source,phiusiil,s3_internal_vs_external,xgb,top10_jaccard,10,0.6561771561771562,0.07798123181021797,0.5384615384615384,0.8181818181818182
source,phiusiil,s3_internal_vs_external,xgb,top15_jaccard,10,0.6764705882352942,0.031002722158513515,0.6666666666666666,0.7647058823529411
source,phiusiil,s3_internal_vs_external,xgb,top20_jaccard,10,0.9056277056277058,0.04289380953186545,0.8181818181818182,1.0
source,phiusiil,s3_internal_vs_external,xgb,rank_spearman,10,0.9301853025876893,0.018786594357411677,0.8921965317919076,0.9534682080924858
source,phiusiil,s3_internal_vs_external,xgb,direction_agreement_all,10,0.8314285714285715,0.028412255028907197,0.8,0.8857142857142857
source,phiusiil,s3_internal_vs_external,xgb,direction_agreement_top20_union,10,0.7477272727272728,0.0440601593205198,0.6666666666666666,0.8095238095238095
